1;1308.28000000003;10.0200000000004;1320.91999999993;NA;NA;-4650.87714645677;-4933.71166625156;5.10261662291289;5.10878596527912;308.719185398269;308.001503429322;10873.3077196056;11435.3233563265;565.66903958958;0.000999000999000999;264;264
2;1297.35999999999;9.65000000000146;1309.01000000001;NA;NA;-4636.68624153449;-4912.10852572392;5.09347885114239;5.10019433306758;308.783383999355;308.019343341906;10842.3005866272;11389.263065095;550.84456837886;0.003996003996004;259;259
3;1013.70999999996;8.80000000000109;1024.68999999994;NA;NA;-4350.45064148792;-4664.30930730708;5.0452071309484;5.05155910253554;284.908567993817;284.212396100387;10135.2737521691;10759.486205717;627.717331638327;0.011988011988012;236;236
4;1560.9800000001;10.6499999999996;1574.64000000001;NA;NA;-4850.52264495623;-5120.95873647551;5.1336008224019;5.13864200758361;328.528895294631;327.844980669399;11383.6922422335;11921.0615770408;540.872183038548;0.012987012987013;281;281
5;1440.92000000004;10.2600000000002;1454.22000000009;NA;NA;-4724.28373571503;-5020.23937147036;5.10833152944778;5.1132542671917;321.207194129244;320.535267023424;11086.106988606;11674.592722929;591.91127151066;0.000999000999000999;268;268
6;1191.75;12.0299999999988;1215.15000000002;NA;NA;-4499.15685348037;-4805.46787919006;5.07472853752948;5.07968635984059;294.518953974292;293.858304231611;10489.5561069555;11098.8330802584;612.622051419366;0.00899100899100899;250;250
7;1293.59000000008;10.9399999999987;1306.46000000008;NA;NA;-4669.82096425076;-4940.01161564076;5.08848507073922;5.09511217102892;311.773100880604;310.998560494153;10923.1577374136;11459.6050993144;540.38130278001;0.010989010989011;258;258
8;1251.85000000009;9.27999999999884;1263.24000000011;NA;NA;-4658.56018663422;-4906.94114358637;5.0920593994212;5.09874900069092;306.59673147322;305.822763772858;10874.9380972573;11367.7674819541;496.761913904293;0.03996003996004;259;259
9;1132.27999999991;9.43000000000029;1143.88;NA;NA;-4490.95600345957;-4772.97946531019;5.07116326998523;5.07654430129805;295.069192863183;294.397334880248;10474.7554168275;11035.4032097944;564.046923701237;0.00799200799200799;248;248
10;1211.37;9.97000000000116;1223.77000000002;NA;NA;-4530.4785719741;-4833.44687743271;5.07992812269835;5.08591456924886;299.664364183624;298.897002355162;10580.0396632789;11182.0863023511;605.93661091723;0.010989010989011;253;253
11;1176.30999999994;9.26000000000022;1187.80000000005;NA;NA;-4575.20800340881;-4844.65659917439;5.08667434757719;5.09195728753773;299.946896079192;299.303310992227;10672.1116587829;11207.7438035965;538.89719153115;0.010989010989011;255;255
12;1120.22999999998;8.86999999999898;1131.18000000005;NA;NA;-4484.9161178026;-4759.0305522394;5.07065421012499;5.07621214417263;294.503676310617;293.77898340852;10459.8145279211;11004.376958382;548.228868873603;0.00899100899100899;248;248
13;1325.13;10.0200000000004;1337.75;NA;NA;-4659.82548665438;-4947.56462332546;5.09529681706874;5.10138800704701;312.852447813905;312.102052399085;10909.8567858403;11481.5208548868;575.478273342158;0.010989010989011;260;260
14;1220.87;8.65999999999985;1231.60999999999;NA;NA;-4571.20919368366;-4844.33491138227;5.09072762585195;5.09568337862558;300.616935002361;299.997633689784;10669.2713059109;11212.3772697579;546.251435397224;0.022977022977023;258;258
15;1492.71999999997;9.36999999999898;1504.79000000004;NA;NA;-4775.27530648395;-5071.67128413087;5.12093643232811;5.12606347878798;323.694557389645;322.995272134555;11203.7626204627;11792.9831014948;592.791955293831;0.00999000999000999;273;273
16;1476.88;10.9899999999998;1490.16000000003;NA;NA;-4834.15147008007;-5099.29719003208;5.12093971513563;5.12784636421122;326.537851962493;325.754196325638;11336.6335277124;11862.9211540885;530.291439904002;0.003996003996004;274;274
17;1185.89000000001;9.31999999999971;1197.27999999991;NA;NA;-4539.4655940933;-4840.46369760817;5.08187033949612;5.08616888657613;302.850247689173;302.20652187749;10614.1638425361;11212.8968232879;601.996207029735;0.00899100899100899;253;253
18;1487.40000000002;10.4200000000001;1500.34999999998;NA;NA;-4822.23426322775;-5064.55252490065;5.11523825623407;5.12026917323302;326.589158274653;325.870773769493;11311.8649429751;11792.8337641966;484.636523345805;0.0769230769230769;272;272
19;1228.58999999997;9.98999999999978;1241.18999999994;NA;NA;-4548.22194674574;-4849.59314531525;5.08444760348471;5.08915335709412;303.10555518414;302.497576359027;10634.1641081006;11233.8220968102;602.742397139025;0.00599400599400599;255;255
20;1461.5;10.0399999999991;1473.85999999999;NA;NA;-4764.13854523091;-5046.70573716711;5.11289209846634;5.11733612646882;325.94948805252;325.31672153598;11190.600177712;11752.5074898207;565.134383872406;0.004995004995005;269;269
21;1256.62;9.76000000000022;1268.72000000009;NA;NA;-4619.83718594516;-4892.65362713225;5.08881990119341;5.09675958621972;306.143596663437;305.346106411596;10794.0031092776;11335.5870354439;545.632882374195;0.013986013986014;257;257
22;1443.16000000003;9.93000000000029;1456.25;NA;NA;-4751.39907368849;-5025.37254926418;5.11222380450309;5.11789412563119;319.207421872551;318.481145532401;11130.7370963556;11674.9800811803;547.946951151391;0.000999000999000999;269;269
23;1130.38;9.46999999999935;1141.58999999997;NA;NA;-4459.47199474594;-4748.92961261848;5.06795098676432;5.07280937969979;293.291973763907;292.611359940698;10402.2034059162;10977.6765874882;578.915235745082;0.003996003996004;247;247
24;1275.97999999998;9.48999999999978;1288.28999999992;NA;NA;-4672.55314747572;-4933.64547007889;5.08973247382207;5.09534294664079;310.493910917625;309.788449177385;10922.7255842827;11441.325779005;522.184645206335;0.002997002997003;259;259
25;1211.89000000001;9.27000000000044;1223.34000000008;NA;NA;-4568.42738921041;-4840.34507401988;5.0781528505262;5.08298296893074;300.768299661105;300.112519765871;10660.9378740394;11201.4502104334;543.835369618937;0.004995004995005;252;252
26;1402.78000000003;9.47000000000116;1415.44999999995;NA;NA;-4690.6595080521;-5001.04572108175;5.10382685863437;5.10833252934548;317.685757770507;317.003115360641;10999.1178551647;11616.4139588798;620.772426059313;0.013986013986014;265;265
27;1356.63;9.77000000000044;1368.75;NA;NA;-4668.97360921;-4958.89481200401;5.09793695092067;5.10168988112425;314.179017376152;313.591101248428;10936.0996426636;11512.9514615708;579.842405588015;0.010989010989011;262;262
28;1309.83000000007;10.1999999999989;1322.7300000001;NA;NA;-4613.24978989302;-4908.88968966543;5.08812484210042;5.092808591472;308.159387118055;307.476211281368;10791.6611020206;11379.4710071628;591.279799544825;0.003996003996004;258;258
29;1497.97999999998;10.1599999999999;1510.97999999998;NA;NA;-4765.63822442157;-5055.3185152123;5.11422622321967;5.11888588111346;325.204886795078;324.555678693872;11190.4054630499;11766.4539172904;579.360581581452;0.012987012987013;270;270
30;1253.72999999998;8.80999999999949;1265.04000000004;NA;NA;-4626.59399764074;-4890.04406378849;5.08804288017391;5.09314821322021;304.674383268557;304.016095244266;10800.0573553507;11323.6152782883;526.900132295519;0.004995004995005;257;257
31;1409.05000000005;9.92999999999847;1421.77000000002;NA;NA;-4688.90182063066;-4980.96914532504;5.10249370893789;5.10807089312029;316.757072761477;316.0972983725;10989.6733552067;11570.4506356617;584.134649388761;0.00799200799200799;263;263
32;1212.72000000009;9.36000000000058;1224.62;NA;NA;-4634.41202376791;-4876.99516820718;5.08637943457235;5.0924909661422;305.093944768006;304.424363834136;10816.6317937172;11298.4011533091;485.166288878539;0.102897102897103;255;255
33;1213.14000000001;9.1200000000008;1224.43999999994;NA;NA;-4561.78810145892;-4841.43641094325;5.08211077928184;5.08615596641566;300.38686833702;299.804220733568;10646.3212979857;11202.6643132059;559.296618968659;0.011988011988012;253;253
34;1280.25;8.45000000000073;1291.21000000008;NA;NA;-4654.81296247797;-4921.12677714577;5.09522509800678;5.10182768234679;309.71560895614;308.95794571082;10883.8874179865;11412.6639011826;532.627629335613;0.002997002997003;260;260
35;1165.91999999993;9.3700000000008;1177.68000000005;NA;NA;-4524.7697365884;-4809.27955828226;5.07115832062158;5.07723811698748;300.009143105484;299.25183280511;10567.3755707085;11132.5637544978;569.019643387717;0.002997002997003;248;248
36;1131.98999999999;9.03000000000065;1143.22000000009;NA;NA;-4533.5011623236;-4814.52793923611;5.07815355707479;5.08511017567167;295.183087094229;294.452472813913;10562.1966287777;11120.5493936409;562.053553825026;0.00699300699300699;251;251
37;1403.39000000001;10.1899999999987;1416.40000000002;NA;NA;-4733.31623261903;-5010.39508578233;5.10483281846675;5.10996035802661;319.209421256538;318.498675456003;11092.7916328237;11643.3285631882;554.157706326589;0.001998001998002;266;266
38;1333.68000000005;9.3799999999992;1345.58000000007;NA;NA;-4677.45200921564;-4945.56702049793;5.09077946636542;5.09621869886311;315.598067159755;314.8787864247;10958.4575211568;11491.0328789368;536.23002256457;0.00699300699300699;259;259
39;1329.80000000005;11.5;1348.73999999999;NA;NA;-4508.20552885866;-4797.64287780615;5.07231540639161;5.07663700370239;296.503817691904;295.925116389454;10517.109252219;11093.054962533;578.87469789498;0.001998001998002;249;249
40;1369.94;38.08;1419.4;NA;NA;-4608.15259311098;-4867.29420842561;5.0878161441297;5.09210508720699;303.849689241178;303.266538752617;10758.9874731651;11274.3099769574;518.283230629268;0.00699300699300699;257;257
41;1643.52;34.84;1692.18;NA;NA;-4636.86962305536;-4916.9360149028;5.09780057017497;5.10353254194491;306.445217188427;305.786365843789;10831.9657674138;11388.7483939477;560.132783694891;0.002997002997003;261;261
42;1770.31;13.48;1789.34;NA;NA;-4653.72000279751;-4935.02111104356;5.10771117925346;5.11438981307378;311.698448552271;310.90439835075;10895.9205759904;11454.4761463638;562.6022164921;0.018981018981019;267;267
43;1438.24;10.25;1451.77;NA;NA;-4489.51989756161;-4761.53662124114;5.07250715443636;5.07782113944247;292.668135850254;292.022103439112;10460.3244088513;11001.0880849119;544.033447359072;0.00899100899100899;249;249
44;1910.84;12.7;1928.47;NA;NA;-4709.20999239785;-4996.09201636654;5.10290224765079;5.10861843610285;319.759173530691;319.090517682277;11046.1731295512;11616.5333450105;573.764047937364;0.011988011988012;264;264
45;1573.07;11.15;1588.72;NA;NA;-4463.2056160322;-4799.99012147315;5.0797833812469;5.08414247042914;294.842897400991;294.188463087221;10421.0523870474;11091.3038872576;673.569010881896;0.00599400599400599;253;253
46;2102.47;12.36;2120.92;NA;NA;-4858.46067773612;-5133.97687457504;5.13454064661827;5.1402853592716;327.209082973452;326.497961615808;11392.8085426351;11940.1987416618;551.032393677837;0.00799200799200799;281;281
47;1777.26;11.88;1793.74;NA;NA;-4697.79192767901;-4964.59873974997;5.10506325299138;5.11291496888354;313.028897886108;312.25059847391;10989.6678682723;11519.3180415679;533.61362414193;0.014985014985015;265;265
48;1738.47;11.74;1755.45;NA;NA;-4655.16417292185;-4940.48078145654;5.10039855552735;5.1064945793298;308.719407944519;308.001775339276;10881.2970993895;11448.2785266123;570.633217069382;0.00599400599400599;263;263
49;1847.89;11.8;1865.19;NA;NA;-4680.71500057349;-4987.57975652683;5.10132259525418;5.10761151205027;315.355362719624;314.596255020254;10966.7652843054;11576.6305131917;613.729511906677;0.004995004995005;264;264
50;1665.06;11.49;1681.25;NA;NA;-4615.95983868475;-4879.34239478125;5.08803626163967;5.09320671489145;306.550566351819;305.871473154629;10788.3146499771;11311.6319223875;526.765112193014;0.004995004995005;257;257
51;1589.49;11.05;1604.75;NA;NA;-4571.67843912171;-4845.93871705016;5.08219695643426;5.08705621486696;302.604503786592;301.990457093852;10677.9406418211;11223.3472120203;548.520555856896;0.00699300699300699;254;254
52;1937.37;12.11;1954.11;NA;NA;-4774.41112062208;-5052.34787243877;5.11616483351769;5.12138093704523;322.859934816827;322.142918482407;11196.5845729511;11748.7986801104;555.873503633378;0.00999000999000999;271;271
53;1727.55;10.67;1743.08;NA;NA;-4655.1149096839;-4927.07729042819;5.09913481558702;5.10564397627432;309.175435377756;308.449491630674;10881.7456501217;11421.9804933301;543.924761488573;0.00599400599400599;260;260
54;1938.22;11.36;1955.06;NA;NA;-4767.25009958057;-5042.99625499448;5.11078590490189;5.1174210219869;321.099287407024;320.336612401481;11172.0875503346;11719.6902637976;551.49231082782;0.011988011988012;269;269
55;1576.33;11.72;1592.12;NA;NA;-4552.65591520766;-4829.92970439146;5.07727847728187;5.08242660664794;298.825693356131;298.187500309777;10619.5511578103;11170.864820786;554.547578367597;0.00699300699300699;252;252
56;1741.73;11.91;1759;NA;NA;-4644.26950735696;-4917.52050346535;5.08784342445376;5.09320074456181;308.046392741856;307.325020074742;10852.5284820929;11395.3679764523;546.50199221679;0.001998001998002;257;257
57;1930.37;12.22;1947.97;NA;NA;-4759.62207065533;-5016.73481615653;5.11836906879574;5.12552799363651;315.108446140133;314.325259989115;11127.4456304394;11637.6740177469;514.225491002389;0.025974025974026;271;271
58;1812.14;10.95;1828.02;NA;NA;-4691.42363237409;-4956.07903784847;5.09763148979199;5.10309443960035;311.110910025475;310.456861495041;10965.3929713909;11491.3767961735;529.310810948749;0.00899100899100899;262;262
59;1788.04;11.03;1804.64;NA;NA;-4637.36831661368;-4907.10019902107;5.09233955493033;5.09946302507179;307.475080157329;306.673933932413;10837.6096843777;11373.0012822894;539.463764814765;0.003996003996004;260;260
60;1818.09;10.45;1832.84;NA;NA;-4619.14802992737;-4938.3853970556;5.0923760384675;5.09691188599141;310.983619708503;310.322537336913;10818.4035591234;11453.519334429;638.474734256446;0.004995004995005;259;259
61;1787.74;11.64;1804.23;NA;NA;-4693.17253462795;-4944.90486575263;5.10150211189879;5.10808608519716;312.419978300093;311.657949020743;10976.1447749521;11475.7317276816;503.464662249373;0.047952047952048;263;263
62;1811.53;11.83;1827.92;NA;NA;-4674.96177766506;-4962.47167680015;5.09593390390247;5.10149628025111;314.311055613704;313.639555539091;10948.1466481542;11519.7519724283;575.019798270176;0.00899100899100899;261;261
63;1908.6;11.79;1925.96999999999;NA;NA;-4745.09440593664;-5016.59498707109;5.11590110582355;5.12303377403251;317.257654662901;316.44638277177;11109.3590972659;11648.2198162069;543.001162268907;0.000999000999000999;271;271
64;1770.77;16.32;1794.25;NA;NA;-4570.34349487584;-4893.1474223402;5.09475134037251;5.10094302989473;306.226419647295;305.431949990489;10697.2131920447;11338.7828165713;645.607854928721;0.003996003996004;260;260
65;1707.06;36.73;1759.21;NA;NA;-4600.52596669105;-4875.98239854388;5.08886079310974;5.09376524253322;302.946330330396;302.222192209139;10739.7360019406;11286.9709211424;550.912863705664;0.00899100899100899;258;258
66;1752.03;33.64;1800.27;NA;NA;-4652.38058762287;-4895.38797023832;5.08760713002916;5.0922697782455;308.209420738819;307.538346728561;10870.1768214867;11352.7831582765;486.01476523091;0.135864135864136;258;258
67;1612.73;11.19;1628.15;NA;NA;-4587.60503402896;-4845.93011688758;5.08576559801324;5.09188948242309;299.881038565949;299.221990254702;10696.5716105763;11209.8782812857;516.650165717236;0.036963036963037;255;255
68;1915.24;12.5;1933.75;NA;NA;-4686.45003412129;-4983.05635847548;5.10534339101401;5.11051855135407;316.254584706346;315.566267887274;10983.4107300239;11573.1181597429;593.212648708379;0.00899100899100899;265;265
69;1579.77;11.27;1595.41;NA;NA;-4602.37614414629;-4846.34113703054;5.08240432603815;5.08721151647048;298.912998794449;298.304666822902;10720.6154989597;11205.4604798631;487.929985768509;0.043956043956044;254;254
70;1780.1;11.4399999999999;1795.86;NA;NA;-4645.84306811089;-4929.12927035718;5.09950281893171;5.10582397667829;312.218023748473;311.4633146206;10879.8634617266;11442.5968440197;566.57240449259;0.00699300699300699;262;262
71;1608.39;10.86;1623.93;NA;NA;-4624.45595567841;-4901.72874049417;5.09612792592932;5.10233792538635;305.918506328106;305.257516431934;10803.8730130621;11355.0588200251;554.545569631529;0.003996003996004;260;260
72;1810.1;11.51;1826.85;NA;NA;-4741.425165758;-5026.44066776771;5.10921994030235;5.11534167091504;318.92015502727;318.170495206521;11108.1342304936;11674.3448110711;570.031004019413;0.004995004995005;267;267
73;1515.06;10.61;1529.38;NA;NA;-4536.98071234153;-4857.00331984087;5.08079517375804;5.08690094180164;299.050648833388;298.30349426686;10590.5226934166;11226.7788991563;640.045214998678;0.00899100899100899;254;254
74;1781.46;11.23;1797.3;NA;NA;-4703.51633198771;-4984.65536123758;5.10048968170681;5.10547106646445;316.242899142655;315.56189569155;11016.2859221092;11575.0985841511;562.278058499729;0.003996003996004;263;263
75;1715.22;10.92;1730.22;NA;NA;-4658.7740115276;-4928.59103897389;5.09416196524205;5.09842394696302;310.801611452825;310.190967098365;10897.3295863129;11433.8597811953;539.634054892584;0.003996003996004;260;260
76;1805.74;11.2299999999999;1822.46;NA;NA;-4707.33473227009;-4953.71695253346;5.10308098545814;5.10874724916039;311.81263027668;311.10821513177;11001.970256893;11491.14883011;492.764440526744;0.0769230769230769;264;264
77;1814.28000000001;11.75;1830.76000000001;NA;NA;-4641.95499418498;-4944.14575569414;5.10273489652454;5.10841005929941;312.153708070072;311.3882924178;10872.9470575735;11473.432186561;604.38152301831;0.004995004995005;264;264
78;1768.86;12.84;1785.83;NA;NA;-4669.90023245122;-4954.2880282182;5.10149475053222;5.10537105609269;310.959739234874;310.373642958543;10922.7595645366;11488.5515980185;568.775591533948;0.004995004995005;264;264
79;1688.49000000001;11.6799999999999;1705.16;NA;NA;-4653.43340244865;-4919.93452733579;5.09063766851517;5.09559678093204;307.016133631714;306.359985786956;10866.815510886;11396.4838740359;533.002249774278;0.021978021978022;259;259
80;1749.76999999999;11.9400000000001;1766.99000000001;NA;NA;-4640.8438217569;-4948.24389460271;5.10289205958335;5.10713579972253;309.462927038083;308.901746717668;10857.0271313835;11468.9705551827;614.800145691619;0.000999000999000999;264;264
81;1856.86;12.41;1874.53999999999;NA;NA;-4734.71314788837;-5018.19154001184;5.11117813143985;5.11682212897182;319.032628900488;318.309041177945;11095.8797085321;11659.1475857076;566.956784246933;0.003996003996004;268;268
82;1590.06999999999;11;1605.85999999999;NA;NA;-4581.9631864859;-4888.16096700539;5.09348334923928;5.10103316570503;302.712594519537;301.963944392529;10702.008800502;11310.6004709016;612.395561038991;0.001998001998002;259;259
83;1484.02;10.51;1498.75;NA;NA;-4528.28800226313;-4820.38418322838;5.07173900801227;5.07714799839986;301.731222117869;301.082306352978;10583.7317213798;11164.6397184601;584.192361930505;0.00699300699300699;249;249
84;1988.56999999999;12.12;2006.25;NA;NA;-4828.4467877387;-5104.94522156048;5.12189597081721;5.12678983138524;329.801612031032;329.121421158293;11342.4999321953;11892.0203642575;552.996867643562;0.016983016983017;275;275
85;1544.72;11.02;1559.67;NA;NA;-4568.85775915414;-4851.02166575714;5.08178804473962;5.08618301241756;302.054351029862;301.43538507415;10669.5093184935;11230.6981992185;564.327813205997;0.003996003996004;254;254
86;1504.63;10.98;1520.08;NA;NA;-4567.74535535833;-4861.0721062441;5.09007948113351;5.09644042015591;299.600526354421;298.924818422055;10656.0154571009;11239.2396236673;586.653501771534;0.00899100899100899;256;256
87;1865.36;11.98;1882.41;NA;NA;-4784.2526523052;-5065.90619867449;5.11875092282833;5.12433900136435;323.08215786695;322.429732246203;11217.9967792041;11777.9729219877;563.307092738572;0.00699300699300699;272;272
88;1662.83;10.6899999999999;1678.64;NA;NA;-4552.80207181456;-4867.87196775002;5.08521803287352;5.09007887432632;308.068365055393;307.465620259082;10669.1046432601;11296.1854005236;630.139791870914;0.00799200799200799;256;256
89;1684.36;10.59;1699.87999999999;NA;NA;-4628.03785926031;-4926.99977240307;5.100721195438;5.10768668201782;306.794041830427;306.037249939279;10816.6625641653;11410.73677374;597.923826285509;0.00699300699300699;262;262
90;2006.21000000001;12.03;2023.5;NA;NA;-4807.457662134;-5081.1952105707;5.12139581238772;5.12656857760018;327.079149683366;326.415289083541;11285.413531029;11829.4980787261;547.475096873393;0.00699300699300699;273;273
91;2030.84;13.39;2049.97;NA;NA;-4852.19232322096;-5115.11230374644;5.12646655008148;5.13181832890785;327.291190429791;326.563233673663;11378.3461548928;11900.4629127987;525.839961050977;0.016983016983017;277;277
92;1621.65999999999;11.89;1637.66;NA;NA;-4565.35618348352;-4844.91496211747;5.08857529867597;5.09352675928848;299.759683334155;299.129635599082;10652.0448626873;11207.9648181878;559.117557267911;0.001998001998002;256;256
93;1464.06;10.86;1479.39;NA;NA;-4441.69284479422;-4741.5483202276;5.06514871300194;5.06936762706332;293.005568839767;292.402188291992;10364.0055902207;10960.6675299365;599.710950866762;0.00799200799200799;245;245
94;1595.88;10.83;1610.95999999999;NA;NA;-4549.21139893162;-4828.33129418667;5.08105316634412;5.08554371275193;298.927247245438;298.305237408326;10614.3582660192;11169.4436877579;558.23979051009;0.004995004995005;254;254
95;1811.22;11.88;1828.2;NA;NA;-4630.77136361014;-4944.27527978965;5.10346628143441;5.10961987934108;311.685890697835;310.90640720892;10848.1983441877;11471.2381693544;627.007832359017;0.00599400599400599;264;264
96;1738.55;11.34;1754.65000000001;NA;NA;-4670.96794011561;-4965.07109374996;5.10298480966152;5.10893573113589;313.279967287934;312.611447108544;10936.7062391585;11521.5094045804;588.206307268698;0.003996003996004;264;264
97;1624;11.29;1639.70000000001;NA;NA;-4622.26418614923;-4871.28166550507;5.08015651203795;5.08461512613335;304.386323927739;303.744212279393;10788.1481952342;11282.9268438195;498.034958711678;0.00799200799200799;254;254
98;1714.97;11.58;1731.73;NA;NA;-4634.98816524298;-4917.46073530751;5.09991845028902;5.10646326569577;309.1482377259;308.375677158883;10842.5383993932;11403.5537113836;564.945140129057;0.004995004995005;262;262
99;1673.43000000001;11.73;1690.01999999999;NA;NA;-4636.11195198912;-4903.04235682467;5.09691944507894;5.10309180986733;305.466444031172;304.793069571831;10825.4735151962;11355.9103199148;533.860809671107;0.018981018981019;261;261
100;1740.53999999999;11.6400000000001;1757.5;NA;NA;-4639.21882592535;-4932.09254416824;5.09506222059054;5.0996624567111;308.739864673637;308.061006444475;10848.3321006265;11430.6276480386;585.747436485774;0.00699300699300699;261;261
101;1660.03999999999;11.88;1676.53;NA;NA;-4577.85730079117;-4862.72233642355;5.09672957374703;5.10426030711958;303.316382922659;302.54290501283;10696.8648774599;11262.6649081425;569.730071264752;0.001998001998002;259;259
102;1853.83;11.75;1870.56000000001;NA;NA;-4697.66444028471;-4989.68114316353;5.10916348446137;5.1147001998762;315.139647117704;314.440787888128;11001.3465195176;11581.8183922847;584.033405757633;0.003996003996004;267;267
103;1826.03;11.96;1842.43999999999;NA;NA;-4716.37778667572;-4992.38728321289;5.10344831282851;5.10858677261723;316.98080755724;316.299694179865;11046.9644886941;11595.5149459458;552.018993074347;0.002997002997003;265;265
104;1788.65999999999;11.49;1805.14;NA;NA;-4709.65736525556;-4978.59067644018;5.10245157152779;5.10974647536607;315.662589644382;314.855144468057;11026.2139706544;11559.9702451938;537.866622369234;0.000999000999000999;264;264
105;2174.01999999999;13.49;2194.5;NA;NA;-4875.00633298328;-5164.16879317605;5.13182985068167;5.13732617717084;336.138635808039;335.424876435292;11471.0357230948;12045.7062098423;578.324920385543;0.003996003996004;280;280
106;1906.77;11.9699999999999;1924.31;NA;NA;-4776.59726887775;-5040.37248983601;5.108902008442;5.11445705342576;320.366663217612;319.635181044855;11186.4489622923;11710.2702506099;527.550441916523;0.024975024975025;268;268
107;1574.36;12.05;1589.8;NA;NA;-4538.46505033441;-4816.19532297854;5.07875729582787;5.08459535097242;298.511291262293;297.803831333195;10589.5762584479;11141.4518922945;555.460545288257;0.00599400599400599;252;252
108;1751.34;12.36;1768.75;NA;NA;-4675.08496589683;-4952.37906168895;5.09602165948331;5.10151106737371;313.526264426198;312.833606466556;10944.4024828392;11495.4686158551;554.588191584231;0.001998001998002;261;261
109;1569.2;11.28;1585.11;NA;NA;-4546.60827886801;-4837.9161600768;5.08257663549983;5.08756564997925;298.802428278761;298.126129981303;10608.5190374293;11187.7051206001;582.615762417574;0.020979020979021;254;254
110;1684.47;11.04;1700.26999999999;NA;NA;-4619.4997888759;-4890.72887584679;5.08297117572193;5.08929928939567;308.120332495216;307.396684252066;10801.5554999491;11340.3438711266;542.45817394179;0.00699300699300699;254;254
111;1549.64;10.83;1564.95;NA;NA;-4587.23782684326;-4833.83538459949;5.08999715514436;5.09486432076958;300.553745193687;299.935747733336;10699.838151364;11189.8968223478;493.195115512452;0.040959040959041;256;256
112;1538.75;10.9999999999999;1553.7;NA;NA;-4561.13499814205;-4834.03733743937;5.08484085024168;5.09080083662742;299.41820105485;298.686419628528;10641.2834637352;11183.3756564559;545.804678594643;0.011988011988012;255;255
113;1685.84999999999;12.45;1702.75;NA;NA;-4705.72856954017;-4957.51103393071;5.09929167832643;5.10459616143847;312.061764663054;311.390990390841;10998.8396125347;11498.9924753598;503.564928781074;0.00599400599400599;262;262
114;1630.36;12.2099999999998;1646.95999999999;NA;NA;-4638.42586377612;-4929.14710278264;5.09676004381931;5.1013447104382;307.786458438442;307.198929249928;10841.8982531172;11420.3532360994;581.442478013048;0.00899100899100899;261;261
115;1855.00999999999;11.97;1872.59;NA;NA;-4802.38710827045;-5045.58111869735;5.11865618220033;5.12350925957625;322.855621178984;322.171681272303;11253.1091112172;11736.0052863663;486.388020853801;0.106893106893107;272;272
116;1248.95999999999;10;1262.72999999998;NA;NA;-4357.19292057422;-4637.76633671321;5.04746517024902;5.05244341155168;279.90936618982;279.258784044148;10124.181599323;10682.0516997009;561.146832277982;0.004995004995005;237;237
117;1609.42000000001;11.8800000000001;1625.91;NA;NA;-4632.19461283869;-4903.81112596621;5.09041705617239;5.09595343291271;307.781537704027;307.083875628826;10827.6316262212;11367.3211815282;543.23302625504;0.003996003996004;258;258
118;1688.19999999998;11.0899999999999;1704.77000000002;NA;NA;-4621.70448883151;-4879.75186406029;5.09172737592821;5.09721627080159;305.262423078427;304.575557816762;10794.447081867;11307.0518705318;516.094750457549;0.00699300699300699;259;259
119;1680.22;11.7;1696.69;NA;NA;-4649.45155043336;-4925.57116517861;5.10066840119694;5.10589418733461;307.665943596307;307.030160172705;10864.5111303005;11413.5150727737;552.239229490497;0.010989010989011;263;263
120;1846.36000000002;11.99;1864.19;NA;NA;-4697.75038157359;-4997.77953539032;5.10301439696529;5.1087237504605;318.947241761451;318.219223825968;11019.120720804;11615.4730097146;600.058307633459;0.002997002997003;264;264
121;1544.35999999999;10.6400000000001;1560.01999999999;NA;NA;-4532.53236732411;-4801.9393406479;5.07477995987239;5.07990703748342;296.196336490699;295.549677559429;10564.8002516248;11100.3399600489;538.813946647573;0.020979020979021;250;250
122;1533.91999999998;11.51;1549.73999999999;NA;NA;-4518.64351694885;-4783.29318386886;5.07688000026252;5.08177528239285;294.802230216716;294.186989529373;10530.5521792829;11056.7351273556;529.299333840025;0.000999000999000999;251;251
123;1991.67999999999;12.25;2010.19;NA;NA;-4755.69815070477;-5053.35784443159;5.11623869879253;5.12077488309303;323.473322127894;322.831797616437;11162.2891438951;11754.334418302;595.319387453632;0.002997002997003;271;271
124;2103.28;12.1399999999999;2121.25;NA;NA;-4798.38838904169;-5085.60784543665;5.13085885356589;5.13743210843437;323.289646830679;322.611375397565;11250.2720162674;11821.2418461596;574.438912789925;0.002997002997003;277;277
125;1964.78;12.3099999999999;1982.91;NA;NA;-4713.17197281397;-4990.15735331284;5.10514917821991;5.11019385526972;318.268123737437;317.631594753956;11047.1084542602;11597.8377232322;553.97076099775;0.012987012987013;265;265
126;1774.95;45.21;1836.02;NA;NA;-4748.6055856846;-5029.43337465117;5.11399391801961;5.12034328246595;318.422786634665;317.65739103562;11121.7392936143;11679.4899792863;561.655577933134;0.004995004995005;270;270
127;1360.44;25.56;1396.41;NA;NA;-4709.79166418358;-4970.23037003641;5.11276330387904;5.11812197609638;313.554358188757;312.894571937384;11018.6919873171;11536.2045282115;520.877411705653;0.00599400599400599;269;269
128;1322.16;10.54;1336.63;NA;NA;-4695.99853726795;-4975.25406825403;5.10762984784861;5.11306420232404;314.201876017;313.518228392213;10993.822929475;11548.8487021327;558.511061972164;0.004995004995005;268;268
129;1255.61;8.78999999999999;1267.27;NA;NA;-4634.53369080063;-4912.88419062034;5.09840321284772;5.10457509328111;307.164870111729;306.422726840408;10830.9532266867;11383.8805426034;556.700999639408;0.004995004995005;261;261
130;1263.45;8.40000000000001;1274.61;NA;NA;-4657.05361662915;-4937.96781007958;5.09755564345735;5.10508230715901;310.280808109884;309.448234819996;10892.4304128849;11450.0237014883;561.828386900868;0.013986013986014;262;262
131;1240.77;8.90000000000001;1252.61;NA;NA;-4667.03277812609;-4929.31387739883;5.09473655474352;5.10004080260998;311.597545238423;310.946396596177;10917.2924106005;11438.5461234652;524.562198545484;0.000999000999000999;259;259
132;1365.56;8.62;1377.52;NA;NA;-4767.97787986708;-5022.77509453728;5.11955527995258;5.12653257338622;317.651331556728;316.921300413837;11157.1352320421;11663.0038419528;509.594429340385;0.026973026973027;271;271
133;1268.35;8.66999999999999;1280.26;NA;NA;-4655.09722267763;-4950.63276564108;5.10608290631469;5.11087919011086;308.532011056284;307.913378299636;10881.9593271618;11469.8788916686;591.0710859269;0.002997002997003;266;266
134;1338.44;8.75;1350.28;NA;NA;-4718.42559270102;-5008.4222154888;5.10767779050099;5.11309101860217;318.37863322692;317.725932539146;11059.9704768204;11636.6362029984;579.993245575559;0.00999000999000999;268;268
135;1158.68;8.91999999999999;1170.42;NA;NA;-4557.98384123013;-4851.61542444487;5.08272327327907;5.08851334847673;300.201295623464;299.485682823009;10637.772057513;11221.4075824017;587.263166429477;0.003996003996004;253;253
136;1196.55;8.85999999999999;1208.42;NA;NA;-4595.57967713546;-4888.03314297693;5.08934516963502;5.09610968275786;305.553524418083;304.762490741391;10743.0855307698;11323.9747510822;584.90693168295;0.011988011988012;258;258
137;1130.46;8.84;1142;NA;NA;-4548.04724979255;-4838.6624128692;5.0785172200823;5.08337331385073;300.141654030264;299.500440837842;10617.0021940261;11194.9833008024;581.230326153289;0.002997002997003;252;252
138;1198.87;9;1210.77;NA;NA;-4575.72770712551;-4877.30255800571;5.08567836713989;5.0913055501277;303.857851860779;303.149302344686;10693.586827568;11293.1405173776;603.149701760403;0.003996003996004;256;256
139;1095.26;8.63;1106.86;NA;NA;-4539.44530696161;-4788.54986118517;5.06985325999387;5.07576894396326;296.247423092594;295.571171038527;10577.6950434021;11072.4827901932;498.209108447125;0.04995004995005;248;248
140;1188.52;8.88999999999999;1199.98;NA;NA;-4608.37862306725;-4866.91106021726;5.09227004205482;5.09774197184689;304.816134265016;304.160600388298;10764.9381702;11278.6735454056;517.064874300024;0.014985014985015;258;258
141;1258.1;9.06;1269.94;NA;NA;-4665.0364709218;-4944.66935249715;5.0963948477527;5.10176663019289;309.681435285091;308.989281500788;10905.3472573513;11461.092202156;559.265763150708;0.003996003996004;262;262
142;1359.15;8.25;1370.24;NA;NA;-4743.50513789518;-5020.06863517783;5.10994921281769;5.11590920364387;319.26259308461;318.552125136891;11114.6360640277;11664.1410371646;553.126994565288;0.00999000999000999;268;268
143;1032.79;7.72000000000003;1042.19;NA;NA;-4450.03389175834;-4741.92764803138;5.07716172685314;5.08342211335135;285.910699828646;285.198545956564;10347.7238764209;10927.9055291911;583.787512546085;0.00699300699300699;250;250
144;1225.07;8.83999999999997;1236.42;NA;NA;-4581.39495462379;-4898.94147587505;5.0905589717679;5.09569394065488;304.285289353382;303.593083161177;10708.2746375628;11339.851919901;635.093042502514;0.00899100899100899;258;258
145;1418.49;10.06;1431.15;NA;NA;-4784.09891846929;-5075.93833431639;5.11348394612823;5.1198268970654;325.337868633493;324.592564218575;11228.0052973662;11807.8817379236;583.678831694202;0.002997002997003;270;270
146;1344.55;9.13999999999999;1357.42;NA;NA;-4785.87789574572;-5038.86797206945;5.1108877306619;5.11757852974296;318.543336329363;317.770942655023;11196.3079435251;11698.3489341725;505.980152647468;0.022977022977023;269;269
147;1231.21;8.78000000000003;1242.82;NA;NA;-4595.51664563191;-4896.64678878627;5.08730883665894;5.09151262643142;306.719953230242;306.141445158477;10747.6903665077;11347.0146237987;602.260286308714;0.00599400599400599;256;256
148;1255.75;8.94;1267.23;NA;NA;-4731.52199400319;-4971.55802225897;5.11076643271745;5.11637181067371;312.431828259207;311.784722823602;11055.2620149743;11532.0362866678;480.072056511559;0.0819180819180819;267;267
149;1180.85;8.14999999999998;1192.04;NA;NA;-4575.45109528105;-4857.55413080568;5.08912923469561;5.09623354137005;301.060177161983;300.251090188431;10679.4217811914;11239.5200180486;564.206071049273;0.000999000999000999;257;257
150;1238.38;8.71999999999997;1249.98;NA;NA;-4626.59942455476;-4914.93327154955;5.08844647105675;5.09269199649084;308.115229256692;307.511710410589;10817.5378079506;11391.1413624439;576.667693989577;0.00699300699300699;257;257
151;1310.95;8.16999999999996;1322;NA;NA;-4652.06688798115;-4937.09524846864;5.09556831835003;5.10276116841159;311.269317201511;310.471535702264;10886.2926528875;11452.2943096107;570.056720974982;0.00899100899100899;260;260
152;1274.38;9.45000000000005;1286.97;NA;NA;-4581.61461784943;-4880.21319975063;5.08601184857242;5.09047576722881;309.726591050532;309.04720114337;10735.749276783;11329.4970943698;597.197163802401;0.00699300699300699;257;257
153;1134.27;9.52000000000004;1146.67;NA;NA;-4529.75451355876;-4799.2251715429;5.08077119619157;5.08657940133538;296.112994595477;295.442228920857;10560.0022970681;11095.544642377;538.941315968275;0.023976023976024;252;252
154;1192.33;8.46999999999997;1203.89;NA;NA;-4568.18647502712;-4861.77358142515;5.08526498776463;5.09011887379583;302.932422777113;302.240133551285;10673.807649918;11257.4683745626;587.174212796066;0.00599400599400599;256;256
155;1259.09;9.07999999999998;1271.49;NA;NA;-4634.13677935769;-4924.068125884;5.1021920707117;5.10779178563039;307.410054524936;306.691930549822;10833.1627766142;11409.3698167393;579.862693052613;0.002997002997003;264;264
156;1307.62;8.72000000000003;1319.29;NA;NA;-4699.00781845623;-4976.26912426591;5.1045329505784;5.11043533494563;313.203794030413;312.47895744831;10992.398231329;11543.2310190946;554.522611619366;0.015984015984016;264;264
157;1210.02;8.82000000000005;1221.45;NA;NA;-4599.64321601939;-4880.9756334971;5.08646753201618;5.09208781150164;305.100010530995;304.412038512983;10747.7220165132;11306.8952738972;562.664834955416;0.00899100899100899;256;256
158;963.830000000002;8.64999999999998;974.75;NA;NA;-4387.4777309536;-4653.70626503572;5.04815147003942;5.05319849364083;282.3721334024;281.705324436789;10197.155230769;10726.2538387858;532.457068164244;0.00899100899100899;237;237
159;1035.48;8.38;1046.3;NA;NA;-4478.91365173326;-4737.46833452184;5.06687492076679;5.07239354729666;289.229916355013;288.5415681796;10420.5437611986;10934.1719578237;517.109365577162;0.004995004995005;247;247
160;1306.89000000001;8.63;1318.9;NA;NA;-4734.07741834102;-4997.56838317145;5.105042620527;5.1102231571112;314.410273966858;313.773168751856;11069.273438227;11593.0109414319;526.981929660866;0.00799200799200799;265;265
161;1171.4;22.54;1202.89;NA;NA;-4594.21852926804;-4865.75051387275;5.09052168554984;5.09691812216035;302.239180213169;301.516336002419;10723.5294657655;11262.9220623264;543.063969209423;0.001998001998002;258;258
162;1326.98;23.44;1359.61;NA;NA;-4718.35281913449;-4980.71169811553;5.10234742203845;5.10770377617754;316.206275426577;315.538847633046;11045.7725306864;11567.093974125;524.717757962091;0.001998001998002;263;263
163;1242.32;19.93;1269.65;NA;NA;-4618.71666775267;-4911.87796580188;5.08967848655705;5.09554358348331;308.854557424705;308.116101447938;10806.1256728339;11388.6976031112;586.322596098425;0.00699300699300699;258;258
164;1329.79;8.95999999999998;1341.5;NA;NA;-4658.62312377795;-4959.55168531711;5.09462720103002;5.09929176440192;315.743387336805;315.051968945769;10922.7525256055;11521.0938931301;601.857123078322;0.000999000999000999;261;261
165;1273.44;9;1285.65;NA;NA;-4689.71371219068;-4948.20772731901;5.09632025980166;5.10141312394078;312.557157597316;311.893246458555;10968.732217126;11482.3443619514;516.988030256653;0.023976023976024;261;261
166;1269.13;8.56;1280;NA;NA;-4641.24300672224;-4933.69928647044;5.09386032430997;5.09996875313765;313.617095576197;312.873923505313;10876.5784738978;11457.7135448206;584.912559496388;0.004995004995005;260;260
167;1323.25;8.95000000000005;1335.31;NA;NA;-4683.04876515352;-4981.73053388024;5.10831627573912;5.11472914129001;316.296837711647;315.568093054338;10977.4190267042;11571.0700960211;597.363537453442;0.000999000999000999;266;266
168;1216.75;9.25;1229.07;NA;NA;-4643.60447546255;-4901.64410850665;5.09460778237429;5.10143529024719;306.20288837279;305.501983409162;10843.0255584657;11355.5435270478;516.079266088194;0.027972027972028;259;259
169;1389.11;10.0700000000001;1401.89000000001;NA;NA;-4759.24250664501;-5042.36395991169;5.11539901670896;5.12104981197022;320.991071930424;320.238426035597;11156.7093331991;11719.1110026483;566.242906533353;0.002997002997003;271;271
170;1189.16;8.63999999999999;1200.61;NA;NA;-4628.00573018011;-4883.73439942665;5.09505530266271;5.10108665867972;302.351534284157;301.618432691516;10792.8419074484;11300.5729448627;511.457338493077;0.026973026973027;260;260
171;1182.72;9.01999999999998;1194.47;NA;NA;-4616.12919391851;-4884.6093927047;5.0859850994905;5.091274055875;303.609221936364;302.964697433126;10772.5338131082;11306.2243981004;536.960397572378;0.022977022977023;255;255
172;1342.86;9.41999999999996;1355.18;NA;NA;-4741.61731139355;-5016.77558596457;5.10583779739848;5.11124358154928;318.221525938495;317.524870831776;11104.3611224091;11651.1286782791;550.316549142055;0.00799200799200799;266;266
173;1275.14;8.54000000000008;1286.52;NA;NA;-4580.58302809796;-4918.88671709831;5.09538856340374;5.10090829156324;309.411180043894;308.723266998563;10733.8801596211;11406.9909265809;676.60737800071;0.002997002997003;260;260
174;1187.09;9.77999999999997;1199.19;NA;NA;-4600.89950254363;-4877.90817890062;5.09601027908143;5.10192465722013;303.258551300792;302.556803679878;10743.2397524688;11293.6901740192;554.017352713967;0.003996003996004;260;260
175;1413.45;9.84000000000003;1426.66;NA;NA;-4737.79856039334;-5040.52354560678;5.10922596274085;5.11477361807459;324.259031427006;323.547343992089;11128.0890519765;11729.9121141919;605.449970426875;0.000999000999000999;267;267
176;1432.69;10.1900000000001;1446.27;NA;NA;-4777.85491898061;-5041.31357693508;5.11812994215725;5.12493138513274;320.338528312396;319.551375181711;11190.6038072209;11713.503773381;526.917315908948;0.031968031968032;271;271
177;1223.65000000001;8.41999999999996;1235.09000000001;NA;NA;-4607.3002929018;-4903.33202461028;5.09621365201029;5.10169612744126;303.81014322909;303.153748977422;10759.4281636782;11348.1539638719;592.063463416971;0.00599400599400599;261;261
178;1099.32999999999;8.63;1110.63;NA;NA;-4503.64511239367;-4790.03507668498;5.06857286222443;5.07248300761495;296.090655133047;295.515960872787;10504.7033544588;11074.5768936774;572.779928582622;0.003996003996004;247;247
179;1306.43000000001;8.29999999999995;1317.28;NA;NA;-4652.6046948807;-4929.89188102298;5.09874335591248;5.10329056815072;314.087197939611;313.404835833103;10902.8947508118;11453.9981126392;554.574372284567;0.002997002997003;262;262
180;1450.25;9.04999999999995;1463;NA;NA;-4781.2164743706;-5062.78943158574;5.12131422588316;5.12603025447026;322.217500565959;321.578508266759;11208.6902166446;11768.571424115;563.145914430275;0.001998001998002;274;274
181;1116.63;9.52999999999997;1128.69;NA;NA;-4523.708934704;-4808.80998365163;5.07406941686513;5.07981494147201;298.976793254395;298.287472133994;10561.2317163577;11127.9435639038;570.202097895279;0.004995004995005;250;250
182;1273.10000000001;9.07000000000005;1285.53;NA;NA;-4631.71931519213;-4927.02273642833;5.09730648587853;5.10405610801555;310.723072604906;309.994110549916;10843.4173846816;11430.3175678773;590.606842472411;0.003996003996004;261;261
183;1294.87999999999;9.25;1307.32000000001;NA;NA;-4606.30392764572;-4924.9266365578;5.09461858544784;5.10098342276535;311.837978864067;311.083856959173;10797.6571973145;11431.06946937;637.24541782415;0.001998001998002;260;260
184;1281.36;9.23000000000002;1293.46000000001;NA;NA;-4678.5452551869;-4959.42902529383;5.10521127325126;5.11190722222199;311.588475225932;310.814614683885;10943.8392429036;11501.6659369955;561.767540213863;0.00899100899100899;265;265
185;1174.91;9.15000000000009;1186.73999999999;NA;NA;-4597.61114773305;-4869.24173501218;5.09079040099039;5.09651242869186;302.663960155542;301.986613730674;10731.8844898362;11271.70669319;543.261174558264;0.010989010989011;257;257
186;1423.96000000001;9.07999999999993;1436.36;NA;NA;-4830.00153605778;-5082.84285244834;5.12623260455088;5.13308692341014;323.448463153476;322.696777703492;11313.7256928859;11815.5651191784;505.682632781127;0.00799200799200799;276;276
187;1199.28000000001;8.66999999999996;1211.03;NA;NA;-4546.00437099483;-4841.49940931259;5.07844084582935;5.0845301833321;303.628500632662;302.888631601834;10630.5853329524;11217.8262715168;590.990076635515;0.001998001998002;252;252
188;1296.46000000001;9.09000000000003;1308.53000000001;NA;NA;-4687.07968479144;-4963.72807034621;5.10113234834531;5.10700124114027;313.154592838819;312.479639884398;10967.6972804471;11517.559444032;553.296771109537;0.001998001998002;263;263
189;1303.78;9.15999999999997;1315.50999999999;NA;NA;-4737.53612660471;-4976.2925354159;5.10493135667912;5.11000677159887;313.998744530811;313.345966201442;11074.6864971098;11548.8738443857;477.512817622377;0.163836163836164;266;266
190;1335.3;8.71999999999991;1347.17999999999;NA;NA;-4713.81555302239;-5002.6619839459;5.1113305169125;5.11594640964762;316.581401368362;315.959383706806;11042.1775059577;11616.6981145649;577.692861847012;0.004995004995005;269;269
191;1271.94;9.02999999999997;1284.05;NA;NA;-4683.42606244283;-4958.76672981704;5.09410830539735;5.09901861265732;312.836978499291;312.157714353152;10956.9793080371;11504.2079934584;550.681334748426;0.014985014985015;260;260
192;1159.10000000001;8.32999999999993;1169.75;NA;NA;-4558.05617739255;-4835.3684115231;5.08754839885351;5.09389258558086;300.162025217044;299.463829794719;10638.8994035208;11189.9817749899;554.624468261081;0.00599400599400599;255;255
193;1258.94;8.47000000000003;1271.17000000001;NA;NA;-4661.89854354877;-4938.91844452733;5.10309072134326;5.10748347931628;308.063341903055;307.488352223084;10891.4273422371;11442.5412159966;554.039801957126;0.004995004995005;263;263
194;1414.39;9.60000000000002;1426.42;NA;NA;-4680.22900890703;-5000.92660212393;5.11105113736602;5.11568814714948;316.692155717936;316.01421506192;10974.9795143628;11612.9185060574;641.395186433798;0.00999000999000999;268;268
195;969.5;8.50999999999999;980.299999999988;NA;NA;-4379.98043004936;-4638.50405626953;5.04398022537918;5.04797492116441;283.176463547977;282.595014884605;10185.6130477351;10699.7329963009;517.047252440349;0.0529470529470529;236;236
196;1239.92;8.86000000000001;1251.93999999999;NA;NA;-4655.23220223358;-4916.88746407565;5.09116538984116;5.09768067002268;311.205520272734;310.402277601367;10891.6993803083;11410.928628683;523.310523684153;0.00799200799200799;259;259
197;1276.96000000001;9.21000000000004;1289.34999999999;NA;NA;-4651.78233197276;-4940.62453773763;5.10173686074943;5.10754075113422;310.320733904144;309.560461368747;10882.6820242263;11456.4976657126;577.68441152975;0.00699300699300699;263;263
198;1228.08;9.28999999999996;1240.45;NA;NA;-4615.62364029585;-4908.83107218203;5.09270887240964;5.09876375725251;309.112965762135;308.381777280266;10801.8499887979;11384.5496845345;586.414863772341;0.00799200799200799;259;259
199;1377.61;9.72000000000003;1390.26999999999;NA;NA;-4741.76487805951;-5028.13825927463;5.11236981276311;5.1183971164097;320.860379107265;320.094050062282;11119.8986891112;11688.7372187919;572.746762430243;0.003996003996004;269;269
200;1234.08;9.04999999999995;1246.43999999999;NA;NA;-4595.66842607454;-4920.99512986907;5.09548093911225;5.10201310622266;306.920058494066;306.22761512006;10751.3887693075;11398.5225385306;650.653407589058;0.003996003996004;260;260
201;1139.12999999999;8.70000000000005;1150.45;NA;NA;-4550.25481389306;-4833.40252315212;5.08417857698346;5.09063748062293;298.378897897368;297.648001242848;10613.6642780898;11176.2531353213;566.295418518112;0.004995004995005;254;254
202;1369.46999999999;9.03000000000009;1381.71000000001;NA;NA;-4746.26015868825;-5014.49682567961;5.11136808326619;5.11683811303357;319.653968477207;318.949447800736;11122.7366275957;11655.6169478481;536.473333982727;0.015984015984016;269;269
203;1214.06;9.61000000000001;1226.14;NA;NA;-4612.95806119257;-4898.40899947602;5.09124872537657;5.09669081958773;305.616858309323;304.910340770269;10778.7551116867;11346.0671732567;570.901876566886;0.000999000999000999;259;259
204;1283;9.72000000000003;1295.50999999999;NA;NA;-4647.48050177682;-4940.95041726627;5.09612155150962;5.10132199411504;312.954913916535;312.238491130448;10886.2883256473;11469.585257592;586.939830978885;0.00599400599400599;261;261
205;1154.66;9.38999999999999;1166.72;NA;NA;-4546.81202846239;-4833.61599286092;5.09021348112031;5.09611415458275;298.015901461185;297.310570208659;10606.1065565439;11176.1348066371;573.60792879705;0.001998001998002;256;256
206;1278.03999999999;8.93999999999994;1290.33;NA;NA;-4686.91096008407;-4961.99580268592;5.10576829583061;5.11107632111305;310.086908285999;309.414563147259;10953.5079666283;11500.252501638;550.169685203697;0.016983016983017;266;266
207;1072.17999999999;8.95000000000005;1083.17000000001;NA;NA;-4470.4857377662;-4773.91612014263;5.07974147399089;5.08562846720334;291.247024928862;290.546815512872;10416.2283984658;11019.5423843676;606.860764752857;0.00699300699300699;251;251
208;1308.37;8.78000000000009;1320.24000000001;NA;NA;-4632.61205275034;-4960.97440795025;5.0999705673571;5.10641022086572;314.219801534505;313.481430132701;10863.5839888614;11516.5527831098;656.724710399822;0.004995004995005;262;262
209;1353.06;8.38999999999999;1364.58;NA;NA;-4716.951894093;-5000.79050568846;5.10297906100897;5.10886253989255;319.012261722959;318.27133593935;11057.854733835;11621.7602301323;567.677223190907;0.012987012987013;264;264
210;1203.83;7.95000000000005;1214.83;NA;NA;-4614.92897083451;-4877.68562573149;5.0926231526761;5.09783824285392;306.345939531392;305.678880417382;10785.8088459446;11307.9341192161;525.513309793962;0.021978021978022;258;258
211;1066.28;8.02999999999997;1077.13;NA;NA;-4460.55100372112;-4761.73473936667;5.06466262785712;5.070409515593;292.84535888114;292.093292282939;10401.5087600543;11000.0743460274;602.367471291094;0.003996003996004;246;246
212;1249.47;8.61000000000001;1261.26000000001;NA;NA;-4641.96187279777;-4912.39173579241;5.09158625414127;5.09843729617489;310.993316384299;310.237035074339;10862.875107178;11399.8950998316;540.859725989276;0.00999000999000999;257;257
213;1270.47;9.23000000000002;1282.91;NA;NA;-4701.68610881377;-4962.86499285149;5.10051389466069;5.10580856009202;314.122382584971;313.46034913596;11001.2365544311;11520.2267189973;522.35776807545;0.014985014985015;262;262
214;1277.14;8.75;1288.67;NA;NA;-4728.96371653407;-4991.0776723543;5.10788277061772;5.11518620188802;312.986021932016;312.215396740109;11052.3825305632;11572.6846206672;524.227911640453;0.004995004995005;266;266
215;1396.68000000001;9.35000000000002;1409.08;NA;NA;-4762.06816614461;-5038.85241229424;5.11891485515071;5.12449479528456;322.881249744878;322.126714920836;11173.194516578;11722.9093573324;553.568492299273;0.001998001998002;273;273
216;1337.73;8.86000000000001;1349.79000000001;NA;NA;-4695.37118911299;-5015.21059737821;5.11342008017787;5.11803051897979;316.019466730814;315.419670302486;11002.4229447636;11639.0428350278;639.678816530442;0.003996003996004;269;269
217;1207.78999999999;9.22000000000003;1220.7;NA;NA;-4580.73046212201;-4873.83320894755;5.08801319873313;5.09231878966979;305.825859402184;305.187095925683;10714.1764704312;11297.1388832576;586.205493651079;0.003996003996004;257;257
218;1209.64;8.97000000000003;1221.66;NA;NA;-4624.4277942194;-4900.73601462533;5.09525016051971;5.1010706870511;305.040966256134;304.350804940209;10799.3562189765;11348.4646209546;552.616440811855;0.010989010989011;260;260
219;1178.08;8.52999999999997;1189.25;NA;NA;-4606.60516960867;-4883.36295623288;5.09019732608336;5.09659050716627;303.783166288178;303.053252831665;10756.1447519039;11305.9530473459;553.515573248429;0.015984015984016;258;258
220;1172.73999999999;8.82000000000005;1184.49000000001;NA;NA;-4579.79488206114;-4889.92160370697;5.08963319266257;5.09449594573297;301.614371794361;301.006443629272;10690.9230691411;11308.0899862811;620.253443291662;0.00799200799200799;257;257
221;1155.14;8.61000000000001;1166.7;NA;NA;-4591.41996539279;-4865.20564339382;5.0908651450465;5.09655789632232;299.813511963051;299.154732138499;10705.612211582;11249.8375821099;547.571356002072;0.00799200799200799;258;258
222;1276.95999999999;8.94000000000005;1288.93999999999;NA;NA;-4657.90482889943;-4937.46327676668;5.09614280022585;5.10234236074393;309.601199606839;308.872984069706;10889.4896165837;11444.9050466975;559.116895734503;0.003996003996004;260;260
223;1381.81000000001;9.16000000000008;1394.18999999999;NA;NA;-4706.53372081121;-5012.59027587904;5.1098135843497;5.11479240123321;317.458907204474;316.779380898044;11031.4978975033;11640.1467291294;612.113110135668;0.00899100899100899;268;268
224;1380.54999999999;9.75999999999999;1393.78999999999;NA;NA;-4752.899040383;-5022.18113273574;5.11401089528234;5.12147947687065;319.156847331798;318.360788406822;11133.4791025817;11667.9834339102;538.564184705483;0.015984015984016;269;269
225;1125.62999999999;8.8599999999999;1137.04999999999;NA;NA;-4540.17237162292;-4807.41751463214;5.08562059236504;5.09186032325839;294.844901818282;294.154453122279;10576.1568718786;11107.1443619277;534.490286018445;0.015984015984016;255;255
226;1295.72;8.67000000000007;1307.60999999999;NA;NA;-4690.34478150976;-4957.43240247101;5.09820230317929;5.10346265107142;315.70862651004;315.035520838487;10986.6227377597;11517.3740544636;534.175241922496;0.002997002997003;262;262
227;1155.84;9.16000000000008;1167.82999999999;NA;NA;-4557.74327909666;-4821.18367936169;5.08286908637664;5.08713660857544;299.762696813354;299.159421485807;10635.6588018307;11159.4802410127;526.880800530053;0.016983016983017;254;254
228;1171.05;9.17000000000007;1183.12;NA;NA;-4549.50391686897;-4860.68326151422;5.09300663127806;5.09671898674304;297.985998811273;297.403072003338;10613.0744326157;11232.4712713059;622.358689290508;0.002997002997003;259;259
229;1253.82000000001;9.11000000000013;1265.74000000002;NA;NA;-4626.88284540261;-4935.32517926683;5.09789287797788;5.10309409882724;309.023121380193;308.353495822092;10825.691323222;11439.1697682245;616.884667728445;0.00899100899100899;262;262
230;1335.48;9.42000000000007;1348.88;NA;NA;-4756.29041715974;-5016.84165592362;5.11286378569663;5.11821311365958;319.587094422688;318.912442081249;11142.4560908207;11660.1178813582;521.102477527778;0.023976023976024;269;269
231;1326.22;9.45000000000005;1338.78;NA;NA;-4691.72196648043;-4979.24529845637;5.10732394768125;5.1122250106122;312.692413067839;312.018766527181;10976.4032890574;11548.0181730402;575.046663951882;0.00899100899100899;266;266
232;1422.35999999999;9.83999999999992;1435.66999999998;NA;NA;-4724.55034033816;-5010.4914108091;5.11226130257539;5.11696065553947;319.75334276204;319.136416203202;11079.2283493339;11647.9653501987;571.882140941898;0.00699300699300699;268;268
233;1438.47;10.8599999999999;1454.44;NA;NA;-4649.14946652899;-4946.83393931285;5.09915331352122;5.10593702804358;309.195513287959;308.455415964498;10871.1014812778;11462.7057313495;595.368945567716;0.002997002997003;262;262
234;1197.34;8.38000000000011;1209.32999999999;NA;NA;-4549.6578906027;-4860.89668713507;5.08262232504219;5.08776397387328;302.944048388143;302.26796912888;10635.023937547;11254.0742956543;622.477593064741;0.00599400599400599;253;253
235;1296.87;9.52999999999997;1309.66999999998;NA;NA;-4728.44172455996;-4992.22458109596;5.1079326293748;5.11521537108217;315.167145451377;314.449016791229;11062.4499166763;11586.357243039;527.565713072016;0.032967032967033;266;266
236;1368.41;8.51999999999998;1380.78;NA;NA;-4781.29352337756;-5045.77698649028;5.11563118220587;5.12059155673644;321.24903180752;320.629014002509;11202.127902173;11727.9304779359;528.966926225447;0.00999000999000999;271;271
237;1332.10999999999;8.91000000000008;1344.47999999998;NA;NA;-4787.1632022691;-5030.39636298195;5.1181995166879;5.12505823610715;317.646809183301;316.884011953025;11195.4827962599;11678.056071794;486.466321425713;0.0669330669330669;271;271
238;1094.69;8.79999999999995;1106.36000000002;NA;NA;-4475.5996896272;-4769.35130150298;5.06548817762329;5.07066129053241;295.941636709321;295.260112567365;10446.6558597321;11030.7151960131;587.503223751566;0.00599400599400599;245;245
239;1274.92000000001;9.38000000000011;1287.81;NA;NA;-4629.42359223731;-4931.53213266347;5.09524208106221;5.10129814109996;310.848823718092;310.099985479416;10839.4653637284;11439.8747179849;604.217080852322;0.003996003996004;261;261
240;1026.79999999999;8.95000000000005;1038.28;NA;NA;-4416.49467281759;-4720.66257878393;5.06018635951477;5.06606953872377;290.073937946145;289.359949219888;10297.0081616998;10901.740434007;608.335811932673;0.002997002997003;242;242
241;1231.51000000001;8.77999999999997;1242.62;NA;NA;-4646.39824482343;-4920.72650025551;5.08671018880783;5.09270796527958;310.921547154076;310.168128044179;10870.7773843552;11415.6101622809;548.656510864161;0.015984015984016;256;256
242;1252.72999999998;8.72000000000003;1263.88999999998;NA;NA;-4665.86870788056;-4934.7863447548;5.09888507349075;5.10370052269296;312.059634364248;311.437295602325;10919.1090529023;11453.7786403826;537.835273748482;0.000999000999000999;262;262
243;1144.13999999998;8.46000000000004;1155.92000000001;NA;NA;-4543.45206077639;-4833.77086864978;5.08097587260057;5.08638417734895;300.602295623509;299.924610639318;10610.7412778205;11187.9435187409;580.637615746784;0.00599400599400599;253;253
244;1423.30000000002;9.44000000000005;1435.98000000001;NA;NA;-4782.66288851752;-5070.67638591155;5.1144263018267;5.12021719471565;324.592281411303;323.878491214641;11221.9293899169;11794.3134532912;576.026994788048;0.003996003996004;271;271
245;1153.23999999999;7.80999999999995;1163.48999999999;NA;NA;-4617.89500587929;-4895.38582083122;5.09070467784622;5.09545497320089;307.567397429041;306.949861192519;10797.9447799512;11349.7899032406;554.981629903865;0.00799200799200799;258;258
246;1046.67000000001;7.45000000000005;1056.14000000001;NA;NA;-4562.53001710814;-4826.98793016441;5.08366735028818;5.08942437467088;298.460571373017;297.79582631846;10638.6288713151;11164.1736075897;528.915826112541;0.00699300699300699;254;254
247;1022.08000000002;7.63999999999987;1031.78;NA;NA;-4528.56055321699;-4796.00867176777;5.0827453354537;5.08802498660292;294.049797390536;293.426368191233;10548.3217961536;11080.0564665401;534.896237101566;0.003996003996004;254;254
248;1201.58000000002;8.19000000000005;1211.95999999999;NA;NA;-4693.92784624196;-4970.13956618656;5.10796761395437;5.11363129628736;312.437070869333;311.729056859537;10980.100436891;11528.9156891124;552.423439889195;0.00799200799200799;267;267
249;1339.83000000002;9;1351.75;NA;NA;-4794.28643879184;-5096.81997436626;5.12030168645784;5.12730891793072;325.501746948324;324.719100041727;11251.0147822454;11852.08462442;605.067071148838;0.004995004995005;273;273
250;1387.47;9.72000000000003;1400.19;NA;NA;-4819.13679338944;-5103.37697281387;5.11777134855724;5.12321981171521;328.818110814126;328.112897612612;11317.6532262249;11882.5318348868;568.480358848865;0.010989010989011;273;273
251;1886.97;12.92;1905;NA;NA;-4708.29132564932;-4996.39495686671;5.10907701873853;5.1142728796882;315.646332482436;314.993489447043;11025.1824649767;11598.0627025833;576.207262434773;0.012987012987013;267;267
252;1719.33;11.71;1735.86;NA;NA;-4588.16442310134;-4879.02083691015;5.08154891857458;5.0869531437017;307.335999315822;306.63149949961;10734.9072170177;11313.0473483737;581.71282761763;0.001998001998002;254;254
253;1738.57;11.43;1754.67;NA;NA;-4646.98511939316;-4917.97131667841;5.09726056069794;5.10270553652769;305.124136026429;304.421173882779;10845.4792667564;11383.877207577;541.97239457049;0.012987012987013;261;261
254;1847.78;12.78;1865.71;NA;NA;-4681.10241544677;-4953.36198767526;5.09621192791488;5.10261205421052;314.269383657414;313.511442830372;10960.2160282667;11500.8811608742;544.519144456981;0.001998001998002;261;261
255;1716.16;12.51;1733.73;NA;NA;-4583.66173510011;-4855.0640715268;5.08843786461988;5.09436075100135;303.139414774462;302.404277436347;10705.8086904289;11244.8824135133;542.804672853392;0.002997002997003;256;256
256;1846.07;12.17;1862.91;NA;NA;-4731.1297126026;-4993.07738629242;5.10872142774936;5.11538006249841;314.439901648774;313.711069263256;11064.7110147015;11584.8920796109;523.895347379639;0.003996003996004;267;267
257;1924.25;12.52;1942.62;NA;NA;-4774.36195363894;-5026.94112044781;5.10817645749754;5.11426812309015;320.566300275868;319.864900568203;11181.7954687644;11683.3806385317;505.15833361773;0.048951048951049;266;266
258;1699.28;10.97;1714.96;NA;NA;-4589.60615714538;-4883.6372690006;5.09790921469975;5.10442771668339;306.811176083171;306.108991744913;10739.8863177214;11324.3767000918;588.062223710438;0.001998001998002;262;262
259;1650.25;11.87;1666.23;NA;NA;-4572.62128259248;-4840.12004489288;5.07973598284932;5.0839869132329;302.218676770041;301.586467030229;10677.2736098083;11209.0662863221;534.997524600789;0.00599400599400599;253;253
260;1536.86;11.2;1552.28;NA;NA;-4531.60985318501;-4800.71461374182;5.07876342480588;5.08565408705971;296.28266105992;295.567173747376;10563.9836952229;11098.5690501794;538.20952111362;0.012987012987013;251;251
261;1869.8;12.67;1887.03;NA;NA;-4723.86472791795;-5014.07494085386;5.11705649289644;5.12223893046311;316.351299380211;315.710942752015;11062.2740260719;11639.426299358;580.420425871811;0.004995004995005;271;271
262;1574.53;12.32;1591.49;NA;NA;-4527.92607301845;-4827.92961433521;5.08420349800815;5.09051867112653;298.751859972247;298.024972220315;10570.8981810932;11167.2190325963;600.007082633512;0.011988011988012;254;254
263;1750.44;10.69;1765.98;NA;NA;-4653.39082359642;-4951.30367653089;5.10469286547429;5.10994603444193;310.251630439716;309.553609786921;10886.1360767704;11478.4084668732;595.825705868941;0.00599400599400599;264;264
264;1696.65;11.95;1713.29;NA;NA;-4617.84051011906;-4906.61667286484;5.09495976561135;5.10158745692654;308.480334072885;307.767899196747;10803.6637025605;11377.594774362;577.552325491553;0.003996003996004;260;260
265;2095.36;11.99;2114.03;NA;NA;-4829.39194101741;-5108.31494427131;5.12875425408441;5.13437419534154;327.119601795482;326.432983561918;11332.4571896384;11886.7901856029;557.846006507794;0.003996003996004;278;278
266;2214.71;13.01;2234.09;NA;NA;-4870.57045493207;-5158.13271875339;5.13301762503185;5.13800799735219;333.53372652512;332.891450389075;11448.8268838367;12020.662970576;575.12452764264;0.00799200799200799;280;280
267;1732.43;11.26;1749.33;NA;NA;-4606.13729812246;-4922.80018496894;5.08891947416433;5.09367874144661;311.054463252283;310.407649794998;10792.1403980136;11422.1809641882;633.325773692966;0.012987012987013;258;258
268;1708.56;12;1725.75;NA;NA;-4648.14473343173;-4911.73920773331;5.08789822574347;5.09394779883263;308.612666593153;307.912224132604;10863.1539763139;11386.7866922956;527.188948603171;0.004995004995005;257;257
269;1808.86;11.99;1826.25;NA;NA;-4644.2797210519;-4938.35442478843;5.0957920460583;5.10038699182657;313.453887426148;312.824591079693;10881.8223276228;11466.7730683923;588.149407473047;0.00999000999000999;260;260
270;2057.42;13.28;2076.5;NA;NA;-4766.23708702415;-5094.83805032096;5.1237346714771;5.1291873863359;326.62140694912;325.931165486428;11201.8265959576;11855.5007186996;657.201926593609;0.00899100899100899;275;275
271;1846.54;25.64;1883.18;NA;NA;-4723.60364231856;-5024.64123430475;5.11526250826487;5.12163606465053;318.427929750977;317.703535895406;11071.7616460128;11670.1411202579;602.075183972387;0.002997002997003;270;270
272;1685.98;36.41;1737.12;NA;NA;-4607.22989288947;-4891.21684530344;5.09246351702264;5.09707842939901;308.863156538126;308.237675207053;10783.7932135368;11348.5890482696;567.973904827941;0.000999000999000999;259;259
273;1705.19;23.13;1737.51;NA;NA;-4699.28304282266;-4957.80298092411;5.09737692724333;5.10267162709835;312.901952814527;312.223500422216;10990.2223923502;11503.8111458634;517.039876202891;0.030969030969031;262;262
274;1548.12;11.33;1563.58;NA;NA;-4584.78110075082;-4873.09905984773;5.09148508491264;5.09694081899115;305.043909970527;304.388150820665;10718.9000131548;11292.2052880772;576.635918193821;0.001998001998002;258;258
275;1561.36;10.56;1575.64000000001;NA;NA;-4623.01830358901;-4909.12877650574;5.08771473091336;5.09283336098131;307.215013062299;306.498538615419;10805.8050575516;11374.3883743949;572.220945833446;0.011988011988012;257;257
276;1582.45;11.39;1597.21;NA;NA;-4691.04947880286;-4940.85646604899;5.09865609681601;5.10562481161808;311.677822064003;310.949629354965;10967.5284082243;11463.4382431054;499.613974492262;0.043956043956044;262;262
277;1740.95;11.8299999999999;1756.64;NA;NA;-4785.76556833584;-5052.03955716743;5.10976357603033;5.11527885780225;322.762154159296;322.087065842544;11216.9979622746;11746.1042866484;532.547977663189;0.033966033966034;268;268
278;1531.69;11.26;1546.72;NA;NA;-4665.63343934529;-4935.54737310515;5.1023406950272;5.10729788229252;309.109763758867;308.463226318015;10905.3928969951;11441.9283049203;539.827867519727;0.001998001998002;265;265
279;1499.52;10.2800000000001;1514.11;NA;NA;-4630.04633211165;-4923.80312752217;5.09021861964646;5.09547228639577;310.256948406023;309.618082249399;10835.9078363407;11420.1765844991;587.513590821058;0.00999000999000999;258;258
280;1696.64;11.47;1712.97;NA;NA;-4737.00984430836;-5014.31061632544;5.10282646167053;5.10662543217185;322.256366772018;321.67529425582;11115.0941255143;11666.7365868098;554.601544034145;0.003996003996004;265;265
281;1653.63;11.39;1669.45;NA;NA;-4682.71953365579;-4971.67008590145;5.10799545248287;5.11342362398335;313.6356184341;312.952643873382;10963.7918611111;11538.212384211;577.901104491315;0.000999000999000999;267;267
282;1632;11.59;1648.16;NA;NA;-4617.9349655691;-4920.3715181745;5.10140860752914;5.10780424249257;307.053831246799;306.268452434198;10798.3631276525;11399.2397054584;604.873105210803;0.00999000999000999;263;263
283;1885.2;11.77;1901.95;NA;NA;-4710.79586895504;-5007.59414064964;5.11321502429673;5.11804202346208;318.670277634371;317.986754328393;11047.3825087654;11637.4918556367;593.596543389205;0.004995004995005;270;270
284;1843.17;11.2;1858.90999999999;NA;NA;-4732.28421923167;-5011.41297813074;5.11154806663508;5.11593007462862;317.299699865022;316.617901178331;11082.7781181736;11637.5585030438;558.257517798143;0.011988011988012;269;269
285;1729.83;11.95;1746.36;NA;NA;-4638.74994379418;-4924.62499331029;5.09844136051775;5.10369464841469;311.114083886476;310.413418062877;10860.6543378635;11428.8389852681;571.750099032228;0.015984015984016;263;263
286;1857.91;12.38;1875.57000000001;NA;NA;-4749.23142058854;-5007.03623259204;5.11359843451946;5.12093408995736;317.021671461436;316.21920515156;11114.6642348806;11626.1828225794;515.609624007;0.004995004995005;268;268
287;1812.16;12.09;1829.25;NA;NA;-4673.76320300504;-4968.36466820581;5.10749090341448;5.11281636020821;311.987108660291;311.321282806525;10936.8927064137;11522.7036980314;589.20293040153;0.00899100899100899;266;266
288;1638.28000000001;12.63;1655.04999999999;NA;NA;-4604.87504792822;-4892.60876298724;5.08769546869706;5.09240737232422;306.827636388159;306.206486542918;10766.9536818437;11339.2686685318;575.467430118038;0.004995004995005;256;256
289;1582.12999999999;11.72;1598.25;NA;NA;-4557.30081031361;-4823.40570991573;5.07380567038516;5.07934264491854;302.436713469504;301.739868363303;10645.328049001;11174.0108980268;532.209799204236;0.011988011988012;249;249
290;1679.8;11.36;1695.95;NA;NA;-4637.65501182022;-4906.75469062321;5.09148497035839;5.09733627410392;307.758816964227;307.05971808082;10838.4370240726;11373.0856130884;538.199357605987;0.01998001998002;258;258
291;1691.2;11.28;1707.58;NA;NA;-4639.85985806032;-4929.05000530977;5.09434630307575;5.09935317916727;308.691266043464;308.044275784031;10849.3670483803;11424.4574975016;578.380294498902;0.00899100899100899;261;261
292;1419.20000000001;10.9599999999999;1433.92999999999;NA;NA;-4407.60947864131;-4706.28881839785;5.06602636330124;5.07016537940818;285.147332675334;284.593555591478;10256.1295073554;10850.6898326457;597.358679513085;0.00899100899100899;245;245
293;1462.71000000001;11.38;1478.47;NA;NA;-4443.4041773952;-4749.97757361254;5.06245640850152;5.06778485357668;291.001314932735;290.330703836817;10356.1076961054;10965.8684954502;613.14679243468;0.00699300699300699;243;243
294;1518.64;12.22;1535.32000000001;NA;NA;-4557.62253702578;-4786.39664018082;5.0811857293249;5.08753639783626;293.621514013627;292.968876032934;10603.1132653547;11057.3543594623;457.548206310097;0.267732267732268;252;252
295;1752.11;12.05;1768.98;NA;NA;-4670.77444647182;-4930.33163094828;5.09932790483883;5.10628802000604;310.440018424007;309.696799075744;10920.681936805;11436.0157292792;519.114368952913;0.041958041958042;262;262
296;1898.75;11.9399999999999;1916;NA;NA;-4740.95517444971;-5026.70355643119;5.11294705561901;5.1180630937595;317.36674452854;316.734176051778;11101.0507596751;11669.3202882677;571.496763962967;0.00699300699300699;270;270
297;1538.90999999999;11.0600000000001;1554.2;NA;NA;-4538.3555993583;-4802.23906831414;5.07893484842153;5.08353768909689;295.497029077909;294.856732730528;10574.6683302204;11099.1894267684;527.766937911689;0.00799200799200799;253;253
298;1705.63;11.36;1722.21000000001;NA;NA;-4602.5648486219;-4906.60779990278;5.10139386863186;5.1075143156297;304.033657287926;303.300435758934;10751.6751365422;11356.031319106;608.085902561757;0.00899100899100899;262;262
299;1861.37;11.99;1879;NA;NA;-4732.48248923057;-5015.27442774775;5.1001979372756;5.10519253758331;319.345146380127;318.686558781755;11090.0045245652;11652.2370718422;565.583877034347;0.013986013986014;263;263
300;1843.44;12.62;1861.50999999999;NA;NA;-4751.80997452228;-5011.9422783742;5.10816830657573;5.11293759572694;319.087625617453;318.449715613193;11130.3537393848;11647.3662317579;520.264607703832;0.003996003996004;268;268
301;1859.22;12.12;1876.92;NA;NA;-4733.88603086757;-5018.11755378411;5.10667425569991;5.11282201163221;317.919171979391;317.201107476514;11087.9547414727;11652.7583802205;568.463045833078;0.014985014985015;267;267
302;1928.48000000001;13.0600000000001;1946.67;NA;NA;-4764.56188375819;-5031.5313752018;5.10301121755089;5.10679276005988;323.04294665883;322.442251979149;11174.2038231632;11705.0837984253;533.938982887235;0.00999000999000999;265;265
303;1924.12000000001;11.89;1941.42;NA;NA;-4710.21037850928;-5022.69618712146;5.11046608883863;5.11601509931919;318.318716072897;317.647302905301;11043.8273590457;11665.3748088745;624.971617224364;0.004995004995005;269;269
304;1757.05;12;1773.95;NA;NA;-4660.64170718594;-4919.91954965267;5.09619180702638;5.10453458713095;309.968053531785;309.151636522317;10897.4230134864;11411.8273442292;518.555684933459;0.012987012987013;261;261
305;2041.91;13.23;2060.92999999999;NA;NA;-4790.19932956494;-5082.94545827201;5.11996740503196;5.12675879243806;324.348057888538;323.549172624607;11237.5412621589;11818.9518956089;585.492257414151;0.003996003996004;274;274
306;1826.33;11.86;1843.61;NA;NA;-4649.04999668371;-4940.46289336898;5.09678380460814;5.10139020338677;313.487055507048;312.86720590874;10892.1331731248;11471.8071271807;582.82579337055;0.002997002997003;261;261
307;1782.37000000001;11.61;1798.43999999999;NA;NA;-4661.41455449966;-4929.61348959021;5.09903671401077;5.1035352291533;314.116872763457;313.515755274471;10920.6654186779;11454.0055500567;536.397870181114;0.001998001998002;262;262
308;1975.70000000001;11.22;1992.93999999999;NA;NA;-4773.3143822373;-5072.57221288479;5.11643264941511;5.1213569944747;324.85348419902;324.173365752025;11204.5654635283;11799.6100420496;598.515661294974;0.002997002997003;271;271
309;1588.32000000001;10.7600000000001;1603.02;NA;NA;-4558.97612890532;-4853.40101740845;5.08582260264553;5.09149383455938;301.801725913694;301.103463761352;10649.0578637751;11234.3652054535;588.849777006248;0.004995004995005;255;255
310;1611.60000000001;11.84;1628.37999999999;NA;NA;-4572.14201197187;-4871.28202903151;5.08892756888815;5.09393556038702;302.347173822594;301.721877106405;10679.3378550938;11274.4431807888;598.280034119271;0.003996003996004;257;257
311;1746.55;12.8099999999999;1763.89999999999;NA;NA;-4677.35639912326;-4957.26590440254;5.10951787426769;5.11617322286964;311.408366269008;310.660244716769;10941.7150485767;11497.7214750318;559.819010558562;0.011988011988012;267;267
312;1639.67;11.64;1656.44;NA;NA;-4610.21476818634;-4910.76782310941;5.10063287885824;5.10669581059425;306.144968653916;305.468719274827;10777.7147042694;11375.3808976195;601.106109846129;0.004995004995005;262;262
313;1766.64999999999;12.8000000000001;1785.03;NA;NA;-4702.94035942275;-4976.78633471331;5.10704340064199;5.11314154210455;313.181817614669;312.404579611648;11001.9208486333;11545.6518315801;547.691950581118;0.00799200799200799;267;267
314;1735.73000000001;12.09;1752.87999999999;NA;NA;-4664.18394342796;-4953.74295758889;5.10456962690745;5.11178377910477;311.12793892959;310.342280880674;10912.7713613207;11487.8884653066;579.118028321865;0.000999000999000999;265;265
315;1754.86;11.79;1771.55;NA;NA;-4666.53270288006;-4950.42814079823;5.09887712607729;5.10423042121524;313.340228990111;312.667609465165;10926.9511170202;11491.3205405478;567.790875836352;0.00699300699300699;262;262
316;1726.91;10.78;1742.67999999999;NA;NA;-4634.88381997789;-4922.87753424224;5.10197268723057;5.1077889954979;308.049928623464;307.387590306033;10837.3296394477;11409.9466520771;575.987428528711;0.004995004995005;263;263
317;1804.76999999999;11.89;1821.96000000001;NA;NA;-4706.28695179288;-4976.48158922696;5.10067732499069;5.10672195992296;315.468190559377;314.736237267652;11017.8849315062;11554.5495433932;540.389274868174;0.00599400599400599;263;263
318;1674.8;11.91;1691.96999999999;NA;NA;-4659.94267353939;-4945.85667017859;5.10084627989086;5.10674500200481;308.243470565104;307.520885085491;10889.0171190388;11457.166747835;571.827993278403;0.00599400599400599;264;264
319;1854.78000000001;11.77;1872.28;NA;NA;-4691.48100938705;-4983.02313303455;5.10586814507898;5.11076830079707;317.001225227628;316.344525736104;10997.8718999129;11577.6107011547;583.084247295006;0.00799200799200799;266;266
320;1530.43000000001;11.3300000000002;1546.57999999999;NA;NA;-4514.1242700283;-4805.44014016625;5.07981081304098;5.08576376393586;296.518170405442;295.836408597445;10530.7949572418;11109.9720061557;582.6317402759;0.00899100899100899;252;252
321;1755.01999999999;12.03;1772.92;NA;NA;-4614.41007107591;-4914.6677994686;5.09989829711198;5.10638776478419;308.592421347926;307.867608558559;10798.554908016;11395.3834180214;600.515456785375;0.003996003996004;262;262
322;1823.36;12.1399999999999;1841.75999999998;NA;NA;-4678.9571736276;-4970.30032373632;5.09592278560266;5.10168525213906;313.824654393224;313.141214300876;10953.6641651211;11532.8752781994;582.686300217449;0.00899100899100899;261;261
323;2062.32000000001;13.04;2080.95000000001;NA;NA;-4809.77847893924;-5087.32378406792;5.12201975694546;5.12772328335755;328.848409893474;328.130511415482;11299.692530511;11851.1152903725;555.090610257368;0.004995004995005;274;274
324;1729.16;12.5500000000002;1746.95000000001;NA;NA;-4635.93930057427;-4882.99066360516;5.09041537688517;5.09674839750926;302.582892185271;301.838211246594;10808.1292034512;11298.4510926907;494.102726061767;0.037962037962038;257;257
325;1621.95999999999;10.5800000000002;1636.31;NA;NA;-4552.68755671133;-4866.26957432805;5.08156393831065;5.0861059995463;303.997580439124;303.362203455405;10647.0235200762;11270.9653983663;627.164035233453;0.00699300699300699;254;254
326;1828.92999999999;12;1846.63;NA;NA;-4748.20701214825;-5000.50178563736;5.1106698353847;5.11614328865586;316.762404381487;316.110253248312;11111.2936540524;11612.5584833055;504.589546978219;0.034965034965035;268;268
327;1633.97;10.9200000000001;1649.91999999998;NA;NA;-4561.54247391181;-4849.61228450305;5.08734721607213;5.09366253009361;302.271574373868;301.556503917347;10657.1657271754;11229.6762415009;576.139621182478;0.004995004995005;256;256
328;1803.58000000002;12.3399999999999;1820.94;NA;NA;-4691.78806105938;-4968.25184179415;5.11044468573761;5.11637700299986;311.621927880736;310.950288207249;10971.6667271469;11521.1714721841;552.927561469536;0.020979020979021;267;267
329;1800.13;11.7;1817.03;NA;NA;-4699.67321859212;-4960.82233065728;5.10655880117132;5.11215159471403;311.181836908192;310.536082623439;10984.0243844104;11503.0341371295;522.298224130316;0.022977022977023;265;265
330;1693.86000000002;11.8299999999999;1710.5;NA;NA;-4538.59678853271;-4849.16347406352;5.08583327306948;5.09037528845328;299.548827959132;298.84430277523;10597.4559451076;11215.0137284037;621.133371061631;0.003996003996004;256;256
331;1874.66999999998;12.9400000000001;1894.05000000002;NA;NA;-4694.50285966308;-4973.18497808245;5.10193157649447;5.10834999599928;314.688148466999;313.947361309017;10990.3473766076;11543.9419979047;557.364236838748;0.004995004995005;263;263
332;1807.10999999999;12.1399999999999;1824.85999999999;NA;NA;-4664.73750589509;-4958.80110772172;5.1027323455219;5.10841849922241;310.975845529509;310.271351061218;10912.5161014779;11497.057034021;588.12720365325;0.003996003996004;264;264
333;1688.97;10.7;1704.47;NA;NA;-4638.26136871777;-4916.89021128312;5.09517639804392;5.09964775935074;307.497545693181;306.909505646766;10839.5099792401;11393.7787003837;557.2576851307;0.015984015984016;260;260
334;1929.29999999999;12.5799999999999;1946.94999999998;NA;NA;-4762.22857164783;-5059.54514096468;5.12135540159769;5.12618222157683;323.070837124665;322.390822396177;11174.4836111888;11765.6436963258;594.633138633719;0.00599400599400599;273;273
335;1402.32999999999;10.6100000000001;1416.47;NA;NA;-4467.24407731591;-4767.71186148306;5.06583519333885;5.07126859797016;289.111980596648;288.45165676705;10396.0217434569;10993.6192091832;600.935568334302;0.004995004995005;246;246
336;1695.56999999998;11.02;1711.97;NA;NA;-4638.84115775594;-4940.37887806881;5.09745064449721;5.10286575404392;312.180872878602;311.519508774228;10865.6706635565;11465.3819054667;603.075440625747;0.003996003996004;262;262
337;1782.69;11.72;1799.03999999998;NA;NA;-4811.53914389111;-5067.90499690678;5.11852032613196;5.12438290873153;324.437406812554;323.682241123639;11279.4889670652;11788.3651851489;512.731706031333;0.00699300699300699;272;272
338;1478.35999999999;10.5;1492.71000000002;NA;NA;-4596.1822124611;-4889.82428909671;5.0903440292977;5.09654227369731;305.402708804397;304.69238907113;10742.9315834196;11326.6093559394;587.284153271215;0.003996003996004;257;257
339;1662.28;10.6400000000001;1677.10000000001;NA;NA;-4682.06910740866;-5001.72463527945;5.10701888157181;5.11375930932245;317.003174832827;316.194549812259;10979.6527812658;11614.8429145586;639.311055741597;0.003996003996004;267;267
340;1520.27000000002;10.3299999999999;1533.78;NA;NA;-4645.71098023871;-4948.72587507365;5.10225467333306;5.10736741189158;310.685568092631;310.026438897734;10872.9853755592;11475.659828749;606.029789669879;0.001998001998002;264;264
341;1527.57000000001;10.6500000000001;1542.04999999999;NA;NA;-4722.79841798112;-4983.76596821634;5.10961878289535;5.11659265027743;314.110511966009;313.324608014983;11046.3697866536;11564.2997560039;521.935100470442;0.01998001998002;267;267
342;1669.31;11.0900000000001;1684.5;NA;NA;-4726.05442873159;-5022.71992855573;5.1050606058084;5.10972622063785;322.426442775317;321.741789768744;11094.6566047295;11684.4997538035;593.330999648282;0.003996003996004;266;266
343;1405.36000000002;10.3900000000001;1418.83000000002;NA;NA;-4597.45417060179;-4863.15041566001;5.08987000204859;5.09571439828022;302.922815522338;302.199253707435;10732.8847761452;11260.6036538313;531.392490116456;0.021978021978022;257;257
344;1427.69;10.6700000000001;1441.70000000001;NA;NA;-4653.63724532481;-4919.64065226029;5.09624500372322;5.10132518206261;308.038278997905;307.414671073731;10873.6014848019;11402.4373488527;532.006813870965;0.00799200799200799;261;261
345;1609.32000000001;10.6600000000001;1623.77000000002;NA;NA;-4731.26481305169;-5037.30734020112;5.11249767425908;5.1185100382588;320.406536443834;319.681531225067;11096.5839883874;11704.9715590033;612.085054298859;0.00799200799200799;269;269
346;1359.75;9.68000000000006;1372.74000000002;NA;NA;-4649.33731011425;-4910.61359145264;5.09716408730205;5.10325805150213;307.392571557563;306.725430443891;10861.1282862794;11380.2898201049;522.552562676772;0.022977022977023;260;260
347;1252.20000000001;9.97000000000003;1265.35999999999;NA;NA;-4529.18167101448;-4804.24570703099;5.07762145556212;5.08380602064649;295.781643124149;295.09325978026;10556.5895189387;11103.2307148604;550.128072033025;0.00899100899100899;251;251
348;1565;11.2199999999998;1580.04999999999;NA;NA;-4719.29847006656;-5031.94792574202;5.11203151438323;5.11790882602233;321.350342658133;320.621186130855;11077.4646582205;11699.0449144609;625.298911350917;0.003996003996004;269;269
349;1183.38;9.38999999999987;1195.86000000002;NA;NA;-4483.31441764331;-4758.74999610805;5.06703048963569;5.07396171031069;293.285782305248;292.518332421615;10449.8569397755;10996.8468883243;550.871156929483;0.00799200799200799;247;247
350;1318.32000000001;9.83999999999992;1330.87;NA;NA;-4540.35630805654;-4850.63812134956;5.0879321845013;5.09463900523662;302.650784214924;301.871585389064;10616.7179513207;11233.3270084288;620.563626586021;0.000999000999000999;256;256
351;1278.54999999999;9.8900000000001;1291.47999999998;NA;NA;-4593.43237166866;-4876.0279217766;5.08315263632611;5.08773344416405;302.277925964714;301.598916578781;10720.386215432;11282.1325537793;565.191100215876;0.002997002997003;255;255
352;1261.45999999999;10.24;1274.67999999999;NA;NA;-4579.26380189155;-4858.47184490179;5.09577237287325;5.10188108294397;300.945269226211;300.202291337993;10688.7877405587;11243.4258989588;558.416086020481;0.001998001998002;261;261
353;1337.23999999999;9.1400000000001;1349.17999999999;NA;NA;-4630.43802442894;-4931.12083928965;5.09645512894683;5.10046301625828;309.605316471495;309.039591593374;10835.1711861375;11433.6601923732;601.365629721407;0.00899100899100899;261;261
354;1268.14999999999;9.52999999999997;1280.10999999999;NA;NA;-4616.32024968185;-4895.3125854028;5.08614037118387;5.09080598982857;308.175433398125;307.536568336222;10796.6843894442;11351.4267096525;557.984671441898;0.003996003996004;256;256
355;1380.97999999998;9.74000000000001;1393.63;NA;NA;-4751.82843715112;-5025.61623985134;5.1116612675306;5.11753789879709;318.747304048149;318.020338884923;11129.2492496233;11673.1173757402;547.575605400449;0.00799200799200799;269;269
356;1388.44999999998;10.05;1401.67999999999;NA;NA;-4712.08316866116;-4997.59818586761;5.10444167259935;5.11091836289068;318.849002228556;318.108618378355;11047.8889406301;11615.1486073006;571.030034412903;0.000999000999000999;265;265
357;1335.81;9.75999999999999;1348.23999999999;NA;NA;-4708.92352902145;-4999.62473569879;5.10611866621039;5.11293266180845;316.579340361566;315.775065926886;11030.607717082;11607.9128884441;581.402413354688;0.00799200799200799;266;266
358;1409.20999999999;10.6500000000001;1423.28;NA;NA;-4792.6056447064;-5075.7294038822;5.11891582111976;5.12386374518479;323.713599234865;323.000439556818;11239.1123485531;11801.7162277445;566.247518351589;0.012987012987013;274;274
359;1399.66;10;1411.97;NA;NA;-4692.97658101441;-4996.65689540685;5.11540705650178;5.12147047403946;318.747757477029;318.046714635345;11011.5478498104;11615.3332016164;607.360628784882;0.00999000999000999;269;269
360;1374.03;9.68000000000006;1386.59;NA;NA;-4777.68488305054;-5067.58392477612;5.12209267638583;5.12805762088984;320.608490009057;319.849671756323;11193.4063590915;11769.3275269146;579.798083451155;0.000999000999000999;274;274
361;1194.72;8.95000000000005;1206.41999999998;NA;NA;-4597.78103918537;-4884.79576795918;5.08539003771563;5.09000630356056;306.143431866448;305.455211081836;10749.2932074852;11319.8298249276;574.029457547618;0.00699300699300699;256;256
362;1080.66;8.92000000000007;1091.56;NA;NA;-4491.18977437353;-4793.20962048062;5.06795344539595;5.07236154620106;295.370749255131;294.743671627595;10476.1519133521;11077.0202988853;604.039692214183;0.002997002997003;247;247
363;1210.38999999998;9.52999999999997;1222.58000000002;NA;NA;-4579.84582032244;-4842.42832412361;5.08332743616002;5.0887474046802;304.897047936508;304.174998166285;10706.5004864999;11228.0023790301;525.165007602336;0.00999000999000999;255;255
364;1225.56;9.66000000000008;1237.48999999999;NA;NA;-4636.92418094904;-4918.35983357431;5.09253028716838;5.09916523252798;309.060658780169;308.274001228866;10844.1852983747;11403.0595972963;562.871305250537;0.00599400599400599;259;259
365;1390.45000000001;10.6900000000001;1403.71000000002;NA;NA;-4744.98617314942;-5005.06297827604;5.11266340853197;5.11908463367401;319.186702854954;318.415587978672;11118.3978133163;11634.6173527223;520.153610253228;0.004995004995005;270;270
366;1332.64999999999;9.76999999999998;1345.17000000001;NA;NA;-4681.46426693366;-4954.60496224743;5.10275316787355;5.10999883792206;311.661912503526;310.875195303854;10949.4620884064;11491.7386482056;546.281390627551;0.000999000999000999;264;264
367;1181.79999999999;9.43000000000006;1193.29999999999;NA;NA;-4551.25517109631;-4827.97079838508;5.07969501051562;5.08467155227719;298.096929505091;297.476806975061;10613.05680479;11163.3457126964;553.431254577534;0.01998001998002;252;252
368;1300.13;9.61999999999989;1312.64000000001;NA;NA;-4585.55148353657;-4880.54376525515;5.09566778942956;5.10141021688823;304.418332155835;303.710740665841;10718.4387946109;11304.826722931;589.984563437149;0.00599400599400599;260;260
369;1450.76999999999;10.03;1464.04000000001;NA;NA;-4712.97777826078;-4992.07277460349;5.10775136786643;5.11240319860668;319.583746400656;318.974545297685;11054.0216611342;11609.1081803865;558.189992685429;0.00699300699300699;266;266
370;1300.20000000001;9.13999999999987;1312.84;NA;NA;-4595.35859237288;-4860.20657859128;5.07971787062147;5.08548023257517;303.734609773095;303.026492556093;10729.8314625173;11255.9391928376;529.695972436801;0.018981018981019;252;252
371;1352.28;9.02999999999997;1364.22;NA;NA;-4681.86559231577;-4970.64171418348;5.10762789857139;5.115333487176;314.362545739229;313.581298986872;10965.1987531234;11538.7710655539;577.552243735416;0.014985014985015;266;266
372;1167.13999999998;8.75;1178.03;NA;NA;-4550.56469291365;-4835.65695460115;5.07940066306152;5.08437371744076;301.177757011162;300.54742655111;10627.2873245271;11194.2777745908;570.184523374986;0.001998001998002;252;252
373;1329.91999999998;9.19000000000005;1341.78;NA;NA;-4662.68211872787;-4938.46425964703;5.09359270851282;5.09950630724443;311.310080449591;310.586909095698;10907.7303109507;11455.6187663781;551.564281838337;0.004995004995005;260;260
374;1064.29000000001;7.82999999999993;1075.22;NA;NA;-4649.093987598;-4946.65172442094;5.10144544893837;5.10597419277301;310.868444974134;310.239696958313;10880.0924520454;11472.008439487;595.115473645883;0.002997002997003;263;263
375;907.25;7.11000000000013;915.860000000015;NA;NA;-4459.03908145279;-4739.16010758308;5.08132732362406;5.08844814032181;286.976984775989;286.283944503358;10372.2765336165;10929.0067431553;560.242052260593;0.004995004995005;252;252
376;1859.99;50.87;1927.28;NA;NA;-4683.88610053085;-4977.55624662855;5.11283264233246;5.11882122011706;314.514868397933;313.763349163487;10971.7794051997;11555.2869938023;587.340292195415;0.00799200799200799;269;269
377;1800.55;30.68;1844.5;NA;NA;-4692.75286024765;-4988.42806441054;5.10317299447513;5.10938843669831;316.083779177465;315.325324030673;10994.5490510784;11582.0384982417;591.350408325778;0.001998001998002;264;264
378;1718.73;10.85;1734.09;NA;NA;-4704.3860095186;-4997.95241507019;5.10575731429827;5.11263353194269;315.584347398979;314.856828850103;11016.4638523461;11599.8904415176;587.132811103169;0.00999000999000999;266;266
379;1583.83;9.46000000000001;1597.31;NA;NA;-4628.27136737132;-4908.41833936679;5.1004248570554;5.10570436858833;306.440003080731;305.801283100062;10815.9123671268;11372.9560809538;560.293943990935;0.002997002997003;263;263
380;1627.98;9.97999999999999;1642.4;NA;NA;-4703.87334692656;-4972.71213805224;5.10496986612293;5.11253338446002;313.884719286894;313.118575046245;11006.1889344649;11539.9649654734;537.677582251357;0.00599400599400599;265;265
381;1650.56;10.05;1665.11;NA;NA;-4687.16179262987;-4976.22058864227;5.10423023377511;5.10910894263544;314.29914773692;313.595641704955;10975.4681832007;11550.0018810571;578.117592024795;0.004995004995005;266;266
382;1628.25;9.06;1641.7;NA;NA;-4689.08235104944;-4954.9090568051;5.09855509915289;5.10387343097127;312.03784790536;311.343690437477;10966.0198753347;11494.1409540414;531.653411511332;0.010989010989011;263;263
383;1725.07;10.5;1739.57;NA;NA;-4663.02688980347;-4935.55586219573;5.09604322533205;5.09995228588197;312.821933842596;312.227239278771;10916.7049185971;11458.7389335258;545.057944784507;0.004995004995005;261;261
384;1945.31;10.87;1961;NA;NA;-4793.75160664656;-5080.76907630448;5.11609491266168;5.12153659514277;325.746945667486;325.056346455738;11249.9998220594;11820.5101885041;574.034939315843;0.004995004995005;271;271
385;1970.62;10.56;1985.97;NA;NA;-4755.66071404036;-5021.82673714913;5.11642934490835;5.12201804934073;320.625768512453;319.956361377789;11147.0887146177;11676.0055821447;532.332046217543;0.003996003996004;270;270
386;1880.43;11.27;1897.79;NA;NA;-4681.50609138014;-4968.92211656732;5.10689954698539;5.11284415798833;314.059821233472;313.327583431809;10963.5268028629;11534.6272160531;574.83205037436;0.004995004995005;267;267
387;1693.7;11.29;1709.72;NA;NA;-4586.61643881031;-4872.28337693437;5.08192752652924;5.08696459733408;305.380650345243;304.717287347556;10721.895180615;11289.8649757841;571.333876248122;0.001998001998002;254;254
388;1975.78;11.7;1992.94;NA;NA;-4756.63230824479;-5039.74578974536;5.11152462884529;5.11675859705888;321.156964083691;320.467069181058;11151.1461152986;11713.85465515;566.226963001145;0.00599400599400599;269;269
389;1704.09;10.83;1719.57;NA;NA;-4563.06376448723;-4860.58373729751;5.08890874334988;5.09325366774194;302.833401750163;302.251901854938;10664.2380259466;11256.3244958684;595.039945620569;0.011988011988012;258;258
390;1552.29;11.06;1567.83;NA;NA;-4513.24717071673;-4798.39236242809;5.0836226125579;5.09010449201681;294.179768668968;293.518781919319;10517.1913763488;11084.1323418552;570.290383422735;0.00899100899100899;252;252
391;1702.63;11.17;1718.28;NA;NA;-4618.93882966149;-4871.94698035691;5.08295217692043;5.08812905784777;307.074380333561;306.415928530767;10795.7325846167;11298.4084172164;506.016301390835;0.00899100899100899;255;255
392;1731.56;11.19;1747.86;NA;NA;-4651.9917506199;-4926.45494606381;5.10464492551454;5.11100396758582;306.066746295244;305.397284665083;10862.6131052435;11408.1302962488;548.92639088782;0.021978021978022;265;265
393;1790.72;11.67;1807.11;NA;NA;-4685.71808084302;-4933.11588688213;5.09150970418261;5.09668502989402;313.401186683005;312.760482427058;10963.827316634;11455.3675109491;494.795612078213;0.023976023976024;259;259
394;1697.7;10.57;1713.37;NA;NA;-4487.18967807149;-4800.17250519293;5.0762110213951;5.08191750713434;300.585074694824;299.863120135177;10496.3364395219;11118.6466100151;625.965654242893;0.00799200799200799;250;250
395;1682.22;10.96;1697.85;NA;NA;-4598.07414756792;-4872.0028471557;5.08831629129675;5.09329946520873;302.703353359414;302.096336123676;10733.0104936527;11277.7859915771;547.857399175557;0.00799200799200799;257;257
396;1799.34;11.55;1815.86;NA;NA;-4668.96662164125;-4917.75144134303;5.10086293037747;5.10619136469573;310.255901231703;309.599247491138;10916.1297276635;11410.3591288293;497.569639403566;0.025974025974026;262;262
397;1804;11.5;1820.45;NA;NA;-4630.12769084209;-4900.65874150383;5.09282527765954;5.09879905455189;309.383550666167;308.658742229889;10831.6345100101;11369.0152622562;541.06210132348;0.00899100899100899;258;258
398;1817.02;11.47;1832.8;NA;NA;-4615.15627249626;-4913.43361982487;5.09399099493813;5.09837772893641;308.244128432205;307.555526900892;10797.0946115441;11390.1491956372;596.554694657221;0.002997002997003;260;260
399;1948.91;11.68;1965.89;NA;NA;-4713.26013966743;-4997.55026886088;5.10647918552155;5.11149953747911;317.743859486209;317.085235394799;11045.2133868678;11610.4383946484;568.58025838691;0.003996003996004;266;266
400;1954.48;19.95;1982.77;NA;NA;-4750.03052583727;-5026.15374023983;5.11990059296615;5.12528136428343;316.123203223566;315.412912107651;11114.6037231097;11663.2224671891;552.246428805127;0.010989010989011;273;273
401;1975.8;41.51;2035.05;NA;NA;-4730.62080778344;-5010.39308275594;5.10539083456627;5.11160611845198;318.992577641434;318.24557683589;11085.6953694869;11641.4358551752;559.544549945003;0.010989010989011;265;265
402;1706.75;27.26;1745.02;NA;NA;-4636.49002567713;-4883.19692081421;5.08841660290288;5.09444136816348;306.345985626395;305.651869802761;10828.3363424277;11318.226021195;493.413790274177;0.003996003996004;257;257
403;1703.91;11.69;1720.64;NA;NA;-4666.74651150661;-4912.7488783851;5.09545425099437;5.10313060551133;306.490018734778;305.749164786341;10891.3590799374;11379.5981079655;492.004733756979;0.0859140859140859;260;260
404;1642.82999999999;11.08;1658.66;NA;NA;-4535.13707723218;-4832.97894502666;5.07819463179738;5.08295055371831;300.488490568266;299.852661832918;10592.9393735684;11185.4011744377;595.683735588951;0.00899100899100899;252;252
405;1991.42;12.72;2009.15;NA;NA;-4810.44008351955;-5093.89515063453;5.11701578803338;5.12305485762421;326.227551575096;325.504555904834;11286.430405571;11849.6492954372;566.910134229969;0.00599400599400599;272;272
406;1623.41;10.98;1638.60999999999;NA;NA;-4580.59567359052;-4842.21964936653;5.08082095945705;5.08637103372559;302.116638530505;301.378801848056;10692.7051314141;11212.2127823485;523.247951552021;0.00799200799200799;253;253
407;1810.60999999999;12.5000000000001;1828.75;NA;NA;-4651.14184769007;-4971.5579881896;5.10167068548036;5.10810798218934;314.708498782628;313.980216408385;10904.3260790853;11541.4509952202;640.832280999066;0.00799200799200799;264;264
408;1650.85999999999;11.36;1666.92;NA;NA;-4574.58896829384;-4847.05751704306;5.08763451095627;5.09360109514373;302.34340899902;301.650211821057;10683.0316183164;11224.4519762005;544.937097498436;0.000999000999000999;255;255
409;2014.21999999999;11.3100000000001;2031.56;NA;NA;-4772.86899674479;-5048.48864361768;5.11344457040659;5.11851763705761;325.050678890646;324.34425686023;11204.0802704151;11751.7155430206;551.239293745784;0.00899100899100899;270;270
410;1576.69;11.1600000000001;1592.31;NA;NA;-4580.8405168014;-4826.21617370705;5.07747766549031;5.08376658499066;299.197777681713;298.500845155302;10677.8058237657;11165.025571639;490.751313811292;0.0529470529470529;252;252
411;1627.28;11.5999999999999;1642.97;NA;NA;-4646.51727655309;-4892.69384493255;5.09648306642672;5.10353690770285;302.445053348872;301.720750950076;10830.3403506714;11319.0119120019;492.353136758931;0.0789210789210789;260;260
412;1888.32000000001;11.84;1905.49;NA;NA;-4698.6881823721;-4973.22640672876;5.10936372042696;5.11466044025282;314.088659108182;313.420922126245;10998.0379486956;11543.7114699101;549.07644871332;0.004995004995005;267;267
413;1390.59000000001;10.9699999999999;1405.44;NA;NA;-4435.51458064079;-4715.29332353218;5.06671417176491;5.0726675586749;286.665602584697;285.979918829297;10319.6118544172;10875.7044333116;559.557485782778;0.004995004995005;245;245
414;1577.00999999999;11.47;1593;NA;NA;-4548.04194708285;-4831.42119758504;5.08700365490377;5.09246537752151;299.418366317181;298.776141956922;10615.6841466987;11179.1832474464;566.758501004371;0.00599400599400599;256;256
415;1854.17;11.2;1870.78000000001;NA;NA;-4706.93661826747;-5004.32170823393;5.10201903114222;5.10630492686259;318.833105459613;318.19710957015;11036.9121765397;11628.4447814636;594.770179932913;0.001998001998002;264;264
416;1659.56;11.55;1675.5;NA;NA;-4607.65998148708;-4869.7893047527;5.09013026436857;5.09635675471743;305.006514981702;304.298373016652;10763.281041285;11283.9457442578;524.258646531254;0.020979020979021;256;256
417;1745.90000000001;11.61;1762.37000000001;NA;NA;-4656.68924203014;-4951.70273075864;5.09281080588899;5.09777464119739;314.168568927848;313.446369861711;10910.2740427006;11496.6301358132;590.026977457001;0.000999000999000999;260;260
418;1770.57999999999;11.75;1787.02;NA;NA;-4709.91234566675;-4981.08626778525;5.10281519734917;5.10828004201664;315.872924388663;315.180726392997;11027.1952729553;11566.0207554798;542.347844237011;0.003996003996004;263;263
419;1953.31000000001;11.61;1970.38;NA;NA;-4781.85279328429;-5052.42331943268;5.11462412514158;5.12156686255505;325.240143605015;324.471899816004;11223.6156577744;11760.8358668801;541.141052296776;0.004995004995005;271;271
420;1897.08;12.4699999999999;1915.16;NA;NA;-4796.47331067224;-5067.96178743364;5.11599222615711;5.12270431202545;323.932578203353;323.18664489455;11246.1833435752;11785.3533186666;542.976953522797;0.003996003996004;271;271
421;1495.7;11.3100000000001;1510.92999999999;NA;NA;-4489.9257703993;-4796.55785375129;5.0662970337129;5.07038132816053;296.060632849486;295.49308186536;10476.5123099074;11086.9073640102;613.264166703995;0.004995004995005;246;246
422;1742.61;11.7900000000001;1760;NA;NA;-4717.46035837804;-4974.60550104724;5.10356778270368;5.10821854711573;315.90122355019;315.287256618711;11043.0347370301;11554.199587084;514.290285338384;0.0619380619380619;264;264
423;1744.95;11.47;1761.48;NA;NA;-4688.57369535899;-4976.87712986645;5.11170684666415;5.11650096206991;312.867599995381;312.200024290085;10972.1710016471;11545.3745172562;576.606869014919;0.00599400599400599;268;268
424;1578.54999999999;10.6799999999999;1593.77;NA;NA;-4607.84202446637;-4877.98424155392;5.0829544481641;5.08852835620403;306.196566898376;305.525016810335;10769.0856363022;11305.9631512446;540.28443417511;0.022977022977023;255;255
425;1615.85000000001;10.67;1630.75;NA;NA;-4681.84996654714;-4923.83082485877;5.0943626283465;5.10022420833473;309.8765391107;309.199950169465;10938.7794221769;11419.3020873414;483.961716623273;0.017982017982018;260;260
426;1735.47;11.78;1751.61;NA;NA;-4745.44909788785;-5005.35136526069;5.10955804138861;5.11609765535182;316.541363313215;315.760472503633;11104.6509407954;11620.4744328289;519.804534745672;0.015984015984016;268;268
427;1575.78;10.5;1590.62;NA;NA;-4613.44223711373;-4922.58399200744;5.09396318429746;5.09986890441662;306.442687889499;305.705993721347;10785.0981344368;11399.6356683482;618.283509787418;0.002997002997003;261;261
428;1535.8;10.92;1550.21000000001;NA;NA;-4609.8653894303;-4898.25963648447;5.08975975918259;5.09473161961821;305.619622474483;304.977089011128;10771.3992347707;11344.925507367;576.788494108356;0.004995004995005;257;257
429;1618.39;11.0899999999999;1633.71000000001;NA;NA;-4708.75062541378;-4975.98812986629;5.0984173029497;5.10490026256865;312.974162644958;312.219559642125;11009.5248714178;11540.1613979557;534.475008905014;0.001998001998002;262;262
430;1394.86;11.24;1409.34;NA;NA;-4493.90963507718;-4780.1157151369;5.07480165362897;5.07973659784629;297.99064214045;297.301664890815;10496.6399228323;11065.5635737287;572.412160119442;0.001998001998002;250;250
431;1640.70000000001;11.62;1656.77;NA;NA;-4642.04259006191;-4948.06661710172;5.09777251716015;5.10221996709407;313.833359957547;313.167994954029;10879.8792644375;11488.5440404084;612.048054079627;0.003996003996004;261;261
432;1775.25;11.61;1792.16;NA;NA;-4774.03563189982;-5046.63143941989;5.11006002051729;5.11656270150721;323.970473979122;323.161625863811;11200.3014964672;11741.368034017;545.191615040132;0.003996003996004;269;269
433;1251.25;10.65;1265.05;NA;NA;-4415.53980563179;-4676.96185290108;5.05502810565473;5.06125000832894;282.793488048928;282.074608050757;10257.1801801751;10776.3990314967;522.844094538568;0.033966033966034;240;240
434;1416.68999999999;11.02;1431.44;NA;NA;-4541.50206918562;-4836.37213704258;5.07762803736592;5.08374555151405;300.67622794779;299.898880230463;10606.0229123821;11191.8255397153;589.740135713924;0.00599400599400599;251;251
435;1430.06;10.8100000000001;1444.67000000001;NA;NA;-4610.68449279967;-4867.42465819266;5.08085703051321;5.08718996556834;304.984676718062;304.268132082368;10767.4216579893;11277.269623501;513.480330785977;0.002997002997003;253;253
436;1692.89;11.47;1708.96000000001;NA;NA;-4667.6202555274;-4976.30486658186;5.1017088736394;5.10646667590823;315.548029951083;314.861176906428;10941.5565782465;11555.4293339645;617.369222108911;0.004995004995005;264;264
437;1548.23000000001;10.45;1562.88;NA;NA;-4559.81272180181;-4877.03793818759;5.09834724875324;5.10327456500772;302.00273470128;301.353605058143;10655.8400725176;11286.9885403091;634.450432771548;0.012987012987013;262;262
438;1657.43000000001;11.67;1673.87;NA;NA;-4672.75157978043;-4976.37461572196;5.10273987489693;5.10770107401363;314.500182189467;313.835969569409;10946.4850952236;11550.3499531476;607.246071883066;0.00999000999000999;264;264
439;1631.79999999999;10.9400000000001;1647.34999999999;NA;NA;-4593.69370533936;-4889.30059356008;5.0826121587108;5.08773782597298;304.404446711634;303.684067534459;10731.6971836917;11319.2563203419;591.21377644144;0.004995004995005;255;255
440;1727.31;11.6899999999999;1743.64;NA;NA;-4699.00641237342;-4956.54609373264;5.10036680042007;5.10473695859713;313.872806163083;313.245065801983;10995.2054805405;11507.090484669;515.079362718443;0.018981018981019;263;263
441;1830.61;12.53;1848.68000000001;NA;NA;-4690.33396742676;-4975.72997912047;5.1111644391368;5.11712934862008;316.251003869433;315.496924502352;10992.9404046114;11559.8880721275;570.792023387421;0.00599400599400599;268;268
442;1743.82999999999;12.48;1761.61;NA;NA;-4720.88323998692;-4978.60364778386;5.10404992658369;5.11124415847642;313.043704117674;312.322926737877;11035.9258928821;11547.696185704;515.440815593885;0.015984015984016;265;265
443;1652.59000000001;10.9299999999999;1668.02;NA;NA;-4603.52686853226;-4890.31808885026;5.09346481215234;5.09852904664436;305.147919362941;304.5296885734;10756.9198191705;11327.3622255122;573.582440636003;0.002997002997003;258;258
444;1686.61;11.3399999999999;1703.56999999999;NA;NA;-4570.32946295472;-4886.44830754786;5.09102632276514;5.09592394264664;307.218697337148;306.550967990076;10701.0426237097;11329.8888722163;632.237689186282;0.00599400599400599;258;258
445;1842.51000000001;11.8100000000001;1859.84;NA;NA;-4711.9187610947;-5004.28598732205;5.10661608798873;5.11145213178081;318.710298159724;318.034080855592;11047.4539903884;11628.7435665482;584.734452454704;0.004995004995005;266;266
446;1661.81;11.16;1678.15999999999;NA;NA;-4628.46393080906;-4910.32449942853;5.09781450324659;5.10386491929515;306.616298002163;305.90298956774;10816.0243023923;11376.1183765934;563.721137238947;0.00599400599400599;261;261
447;1896.67;11.49;1913;NA;NA;-4761.78932425799;-5021.60337520672;5.11243987792261;5.11834118108147;319.466618952143;318.722189606289;11153.4321903787;11669.2623655632;519.628101897466;0.00999000999000999;270;270
448;1535.17999999999;10.21;1549.7;NA;NA;-4513.59574423924;-4809.93000161657;5.0818494229017;5.08696320343187;296.841076621496;296.178467835571;10531.9619730954;11121.2715384915;592.668514754658;0.00999000999000999;253;253
449;1780.11;11.76;1797.73;NA;NA;-4672.98572933413;-4959.15049521073;5.09911324367861;5.10442137355824;312.782050764809;312.108860467887;10937.0178527411;11505.9230288069;572.329531753207;0.00999000999000999;262;262
450;1849.07000000001;12.36;1866.75;NA;NA;-4717.45080089464;-4997.26208296006;5.11007589723055;5.11700135924246;317.132613990316;316.33955578606;11051.0758172918;11606.6567907298;559.622564130843;0.00799200799200799;267;267
451;1651.53000000001;10.85;1667.56999999999;NA;NA;-4609.97795323602;-4889.88814809753;5.09354471711789;5.09889864068477;305.369403099762;304.750159317189;10771.5375760706;11328.211588677;559.820389723034;0.001998001998002;259;259
452;1788.00000000001;10.8;1804.07000000001;NA;NA;-4681.79314398612;-4951.10337796667;5.09182905055279;5.09687640998751;313.492941784234;312.813190489678;10955.8372804265;11491.0052474566;538.6204679611;0.00599400599400599;258;258
453;1566.22;10.6900000000001;1581.17999999999;NA;NA;-4544.74365660883;-4811.35549459885;5.08338609391086;5.08920614837241;296.273401334209;295.576483210105;10591.3800929466;11121.0708959318;533.223675980043;0.00999000999000999;253;253
454;1751.96000000002;11.49;1768.59;NA;NA;-4561.76257287038;-4861.33498010134;5.08396762404467;5.08893394475454;303.995871251423;303.313834749112;10665.7621268381;11261.4468222136;599.144814461924;0.011988011988012;255;255
455;1423.5;10.2;1437.85000000001;NA;NA;-4372.95174869482;-4674.68886805691;5.04567312751467;5.05195897584043;283.978929945681;283.290704247036;10175.5957029041;10775.6050686634;603.474238724177;0.00699300699300699;236;236
456;1758.38;11.5599999999999;1774.57999999999;NA;NA;-4685.98717369193;-4945.28638219235;5.0970258681992;5.10167068324965;310.945385280771;310.308595661849;10953.6780698157;11469.0372925453;518.598417000843;0.036963036963037;262;262
457;1791.64000000001;11.5999999999999;1808.33000000002;NA;NA;-4649.11451243785;-4945.60282939037;5.10523523516185;5.11102654816021;309.00939065454;308.266798302484;10871.8438981645;11461.0389176419;592.976633905031;0.002997002997003;265;265
458;2030.03;13.1699999999998;2049.28;NA;NA;-4807.13873175771;-5087.47291559349;5.11676991846631;5.12278857950341;327.244679147217;326.514607873517;11285.0206327553;11841.9616316679;560.66836767156;0.00699300699300699;272;272
459;1797.37;11.25;1813.35999999999;NA;NA;-4705.91775522724;-4974.62524069007;5.10371975581587;5.10874279333279;314.826048567277;314.16090662978;11015.0714233658;11549.0991922279;537.414970925662;0.012987012987013;265;265
460;1760.03;12.2700000000002;1777.32999999999;NA;NA;-4693.53775659267;-4952.61029902584;5.10314443607506;5.10723892191994;311.516336448644;310.948897892575;10972.8680041342;11488.1245091863;518.145084866335;0.002997002997003;264;264
461;1872.69;12.2299999999998;1890.75;NA;NA;-4712.20010803427;-4991.27997911405;5.1167689539471;5.1225860570201;311.858289543469;311.099847892097;11016.0140613474;11570.3029869417;558.159742159569;0.004995004995005;271;271
462;1651;11.1799999999998;1666.89999999999;NA;NA;-4521.27581283487;-4813.82520577354;5.08577636402978;5.09016026826973;297.063125741116;296.419444402382;10550.1986229026;11132.0306141042;585.098785877341;0.013986013986014;256;256
463;1807.54999999999;11.79;1824.20999999999;NA;NA;-4723.68691605266;-4986.67758249319;5.10501525274781;5.11082294561337;315.744779887425;315.078579224055;11055.2883383335;11577.8770776423;525.981332881051;0.00599400599400599;265;265
464;1868.69;11.3800000000001;1885.89000000001;NA;NA;-4669.98138446214;-5006.82809231009;5.10712126469706;5.11252419028487;317.371384277451;316.656689753567;10956.7583636175;11626.8108872386;673.693415695901;0.00599400599400599;266;266
465;1814.02000000002;11.3299999999999;1830.03;NA;NA;-4694.6686862177;-4968.42209227391;5.10095754939873;5.10653427668337;315.507060920564;314.800209077191;10995.4448843336;11539.3534249775;547.506812112422;0.014985014985015;264;264
466;1594.19;10.25;1609.06;NA;NA;-4562.52247482969;-4853.90879693573;5.08206616159072;5.08829816328679;302.040070104918;301.312864737631;10656.7663276722;11235.8511300463;582.77264421208;0.004995004995005;254;254
467;1519.94;10.6900000000001;1534.17000000001;NA;NA;-4617.29519962339;-4878.79084316673;5.10352323992893;5.10981608808755;302.012435062086;301.310274552443;10772.0027133313;11291.4196104636;522.991287086694;0.00799200799200799;264;264
468;1666.26999999999;10.6800000000001;1681.03;NA;NA;-4742.44309635274;-5025.72582764204;5.11191842263016;5.11737026069101;318.988118964862;318.326739406153;11111.7067098414;11674.8991758357;566.565462578608;0.00999000999000999;269;269
469;1461.85999999999;10.3299999999999;1475.25999999998;NA;NA;-4585.9616231538;-4876.56604757456;5.08516077270708;5.09224891804773;303.906574041158;303.158816139597;10714.3019331587;11291.7157806781;581.208848841512;0.011988011988012;256;256
470;1584;10.29;1598.51000000001;NA;NA;-4640.19299359391;-4931.66917668477;5.1025401017801;5.10778326498431;310.976221757878;310.323139547637;10862.8389036729;11442.4679551572;582.952366181717;0.00599400599400599;263;263
471;1503.51999999999;10.46;1517.94999999998;NA;NA;-4620.63624831184;-4895.95608006119;5.09825335067704;5.10550061534041;304.665868088398;303.88524191872;10789.8665309664;11336.5383294824;550.639663498689;0.017982017982018;260;260
472;1695.19999999998;11.3099999999999;1711.03;NA;NA;-4767.88528540689;-5017.25970477063;5.11244951228356;5.11824016417038;322.068868769225;321.355856859191;11178.3027295186;11673.4152497275;498.748838727477;0.0619380619380619;269;269
473;1447.69999999998;9.49000000000001;1460.41;NA;NA;-4578.21099848035;-4865.05381745574;5.08480101813828;5.08946239972795;303.769841744614;303.170120481698;10696.9154832526;11267.5597834136;573.685637950783;0.00899100899100899;254;254
474;1547.72;10.1800000000001;1562.03;NA;NA;-4651.36344586581;-4931.5825579107;5.10052127948635;5.10498035267985;309.772148968926;309.116780329559;10879.6404922837;11436.7425232256;560.438224089774;0.00899100899100899;264;264
475;1803.79000000001;10.74;1819.63;NA;NA;-4842.66257159805;-5097.83864232696;5.12305083307455;5.12884229013203;326.88922832051;326.197540609429;11356.0463922718;11862.863338145;510.352141457817;0.031968031968032;275;275
476;1554.84;10.0800000000002;1568.63999999998;NA;NA;-4644.00068938006;-4931.63674479443;5.09044222695575;5.09570738456191;311.585934188977;310.93205919709;10869.9615339092;11441.9138408889;575.272110828737;0.004995004995005;257;257
477;1584.31;10.5799999999999;1598.76999999999;NA;NA;-4641.72959305823;-4942.92590703838;5.1002835563294;5.10584004830666;310.939601756239;310.241146117175;10865.7257557868;11464.5641790017;602.392627960297;0.00699300699300699;263;263
478;1612.03;10.0699999999999;1626.05000000002;NA;NA;-4697.69529194638;-4969.54396991173;5.09653903485522;5.10202787024044;314.790845165317;314.121547556907;10996.0533323618;11536.3474134963;543.697355930693;0.001998001998002;261;261
479;1463.94999999998;9.51999999999998;1477.34;NA;NA;-4575.56786037302;-4868.33734176209;5.08345922752931;5.08966498056724;304.115566706304;303.393185799413;10693.9799428438;11275.8541106218;585.538962778139;0.000999000999000999;255;255
480;1671.42000000001;11.0799999999999;1686.56;NA;NA;-4705.61986902534;-4990.00322562605;5.11303510961503;5.11871769997917;316.246875892513;315.540569105927;11024.0800778464;11589.2446682618;568.766713201412;0.00699300699300699;269;269
481;1636.44999999998;11.1800000000001;1651.53;NA;NA;-4693.97586441035;-4985.51710416622;5.11194393676097;5.11781165055613;313.392076530084;312.714109586899;10986.2327609213;11565.8576491701;583.082479511742;0.002997002997003;269;269
482;1555.98000000001;10.71;1570.56;NA;NA;-4610.35473021563;-4895.54173274453;5.08725294199903;5.09190611130202;308.204515517119;307.541772088158;10784.9009473206;11351.9114142815;570.374005057804;0.000999000999000999;256;256
483;1398.54000000001;10.5999999999999;1412.51999999999;NA;NA;-4549.43665304829;-4823.7144276724;5.07318993465534;5.07977829771459;299.084154396268;298.291476277622;10613.2307563856;11157.772726188;548.555549248229;0.00599400599400599;250;250
484;1435.97999999998;10.0999999999999;1450.14999999999;NA;NA;-4564.363202501;-4857.5881203947;5.08844890683405;5.09442244419788;301.313835938158;300.604290152923;10657.946495323;11240.7952629205;586.449835787391;0.001998001998002;256;256
485;1691.45999999999;10.55;1706.38999999998;NA;NA;-4754.86013892005;-5020.94763787088;5.111537260177;5.11813378294456;319.725063341002;318.972733031406;11139.7037757869;11668.0433346497;532.174997901659;0.003996003996004;268;268
486;1658.29999999999;10.2299999999998;1672.69999999998;NA;NA;-4716.94175846387;-5007.41388938084;5.09956996845261;5.10448987185309;318.676580801878;318.022379393681;11055.5209587064;11633.1362106227;580.944261833947;0.00699300699300699;263;263
487;1637.07000000001;11.3299999999999;1652.23000000001;NA;NA;-4675.41118355237;-4962.42308537699;5.10770574517957;5.11258376227034;314.97792923928;314.318143535938;10956.0158578772;11526.6772554084;574.023803649245;0.00899100899100899;267;267
488;1582.86000000002;9.98000000000002;1596.84;NA;NA;-4667.79226750809;-4947.23901290662;5.09758227184098;5.10252617546839;311.874498449541;311.190437407487;10922.0144306835;11477.4282689505;558.893490797067;0.00999000999000999;262;262
489;1446.09;9.98000000000002;1459.75;NA;NA;-4533.24418537181;-4815.45423721093;5.07248678684322;5.07789341695599;300.931842774939;300.23837234963;10589.5981797029;11150.5084135141;564.420103678254;0.001998001998002;249;249
490;1461.09;9.88000000000011;1474.69;NA;NA;-4623.43803776774;-4880.89056140228;5.0891807018621;5.09485200013667;303.423166178146;302.717146371373;10787.9820243044;11299.3011511645;514.905047269094;0.001998001998002;258;258
491;1560.95999999999;10.3899999999999;1575.28;NA;NA;-4705.9241469197;-4958.07578625985;5.09748763086966;5.10296096780236;312.294135846774;311.648089599772;10999.8156616729;11500.8338951327;504.303278680294;0.011988011988012;261;261
492;1746.03;11.3800000000001;1761.34;NA;NA;-4765.59603881668;-5054.58644586876;5.1113345769537;5.11624236860869;323.148226931077;322.46904809946;11178.6271325657;11753.1454396142;577.980814104158;0.00799200799200799;268;268
493;1535.26000000001;11.0899999999999;1549.69;NA;NA;-4661.46043301373;-4939.75280270319;5.10204891881645;5.10822560466745;308.508739831013;307.805640840722;10892.8176007265;11445.8245069146;556.58473937893;0.00599400599400599;263;263
494;1254.09;9.40999999999985;1266.64000000001;NA;NA;-4476.60905299532;-4743.56425790456;5.06705948256034;5.07252024017874;288.699221071789;288.035918006919;10412.6650918723;10943.2223383011;533.910409818483;0.000999000999000999;246;246
495;1406.04000000001;9.67000000000007;1419.11000000002;NA;NA;-4546.60958569124;-4837.89836006645;5.08042453923762;5.08432867660062;300.269968996472;299.673830855642;10615.3716709803;11194.9272286732;582.577548750423;0.004995004995005;253;253
496;1588.28;10.23;1603.19;NA;NA;-4690.19121942803;-4973.36395973231;5.09854019452701;5.10405396300055;314.306816843552;313.5698457748;10979.7836283543;11542.3789122098;566.34548060857;0.00599400599400599;263;263
497;1387.80000000002;9.57999999999993;1400.72999999998;NA;NA;-4507.52011343391;-4790.47196316449;5.07619492745523;5.08125826493996;298.479228040129;297.81392405269;10526.33474413;11088.8697995648;565.903699461158;0.000999000999000999;250;250
498;1508;9.75999999999999;1521.16;NA;NA;-4648.21557349934;-4943.85232404749;5.0923583717797;5.09719124201633;312.720177176886;312.049013535387;10885.3620932427;11473.2254124646;591.273501096302;0.00799200799200799;259;259
499;1443.14000000001;9.08999999999992;1454.76000000001;NA;NA;-4674.35495974246;-4979.07674517417;5.09849516881757;5.10310587107936;315.675195859507;315.042751085847;10954.473040618;11560.6995183838;609.443570863432;0.001998001998002;262;262
500;1256.48999999999;8.49000000000001;1268.15000000002;NA;NA;-4621.45102115746;-4915.21891838637;5.09063038079175;5.09512713532433;309.357257925622;308.738297019283;10814.1476281055;11398.5396799585;587.535794457825;0.003996003996004;258;258
501;1838.37;50.5;1906;NA;NA;-4682.31921139697;-4972.18133803551;5.10221075453618;5.10815038692023;316.491439757988;315.798335852548;10976.3552570844;11552.5499133741;579.724253277089;0.00599400599400599;265;265
502;1754.49;35.26;1803.52;NA;NA;-4625.09595235539;-4924.25254749565;5.0958113379283;5.10100759455189;307.382609677111;306.72073034127;10812.002675165;11406.95285712;598.313190280511;0.00599400599400599;259;259
503;1887.39;12.56;1905.49;NA;NA;-4677.35737617695;-4965.18063871653;5.10143988546261;5.10663527694812;315.710133665672;315.021037689618;10961.8560181733;11533.9946590855;575.646525079157;0.000999000999000999;264;264
504;1806.49;11.71;1822.67;NA;NA;-4657.50487654472;-4958.37713095611;5.10065262013283;5.1054097131065;312.832865855785;312.153694685407;10906.3146311995;11504.604361083;601.744508822765;0.003996003996004;262;262
505;1792.5;11.24;1808.32;NA;NA;-4651.21466873184;-4971.44099647161;5.10093698075645;5.10657300503145;313.497383621773;312.771846260167;10897.7115947964;11534.4722357952;640.452655479532;0.000999000999000999;263;263
506;1716.85;11.87;1734.25;NA;NA;-4701.73336553346;-4977.15125462386;5.10110669498479;5.10679352266738;315.299179584472;314.623706644603;11007.9177192434;11555.3162438693;550.83577818079;0.004995004995005;263;263
507;1563.45;10.24;1577.8;NA;NA;-4689.46147127861;-4945.78094862626;5.09795252544531;5.10285261392867;311.243677991821;310.622224477618;10962.1440076279;11471.6217790953;512.638954695294;0.017982017982018;262;262
508;1497.16;10.22;1510.91;NA;NA;-4633.00734610216;-4941.96862235593;5.0988536369527;5.10474741541911;309.304207322396;308.586293668625;10839.9592921857;11454.2286246857;617.922552507536;0.000999000999000999;263;263
509;1300.38;10.43;1314.42;NA;NA;-4518.06537723168;-4795.90054242878;5.07399603853817;5.08027838680426;296.581320529563;295.869210141746;10537.2212149718;11089.2873328415;555.670330394205;0.001998001998002;249;249
510;1464;10.12;1477.73;NA;NA;-4636.32173529284;-4933.15853747954;5.09362802270616;5.09836185870406;310.398709316786;309.768181508055;10849.7790406665;11440.2489337962;593.673604373414;0.00799200799200799;259;259
511;1597.95;11.35;1613.98;NA;NA;-4760.7635880404;-5030.80555487618;5.11409401534749;5.11901228655279;319.458903258496;318.777406274675;11151.931851769;11688.537667105;540.08393367156;0.003996003996004;271;271
512;1454.55;10.15;1468.74;NA;NA;-4576.23217336325;-4874.33393244475;5.08915799493138;5.09403820073619;302.919885639172;302.278752894166;10691.0141009824;11283.9612643333;596.203518162994;0.001998001998002;258;258
513;1582.01;10.14;1595.83;NA;NA;-4650.45200390494;-4930.30517806875;5.0982258145151;5.10349995372312;310.259428658375;309.570066559418;10879.7094064095;11435.9078239447;559.706348327611;0.00699300699300699;263;263
514;1689.68;10.96;1704.97;NA;NA;-4680.51923519861;-5006.29396410446;5.11582576715802;5.12252001908299;315.719070731814;314.980064836371;10972.3563703669;11620.1342048023;651.549457811701;0.002997002997003;271;271
515;1809.88;11.47;1826.21;NA;NA;-4823.53343981814;-5098.31819174965;5.11650032583078;5.12186056583211;326.673411013359;326.019527429577;11314.8934473445;11861.1245576424;549.569503863011;0.00999000999000999;272;272
516;1636.5;10.39;1651.64;NA;NA;-4640.80747494576;-4933.74935483512;5.09363708721211;5.10077702326808;310.25627266754;309.436100297857;10858.0267994823;11439.7432641693;585.883759778717;0.00699300699300699;259;259
517;1571.45;11.16;1586.47;NA;NA;-4622.70262378002;-4901.56205209377;5.08992602406393;5.09481328083507;305.730833895755;305.027797161111;10797.63833755;11351.787790107;557.718856627509;0.00899100899100899;257;257
518;1697.67;11.5;1713.9;NA;NA;-4706.50934000708;-4973.40084535629;5.10475772732593;5.10987966569703;313.920168806732;313.2615480046;11011.6414455335;11542.0704627242;533.783010698431;0.00699300699300699;265;265
519;1882.82;11.78;1900.38;NA;NA;-4790.61771965713;-5070.90307105057;5.1156408781855;5.12051189873928;326.684379956426;326.012226073568;11247.9125259208;11805.054036668;560.570702786885;0.003996003996004;270;270
520;1772.79;10.73;1789.32;NA;NA;-4652.18448142182;-4939.81514908589;5.09509437495712;5.09891112755642;313.430502877773;312.800521502904;10897.5129864358;11469.5721731118;575.26133532815;0.00599400599400599;260;260
521;1943.37;12.59;1961.55;NA;NA;-4829.74683280109;-5086.19126715428;5.11861411758607;5.12370609461508;326.684527637643;326.012657225155;11327.9764109057;11837.4338217515;512.888868706381;0.028971028971029;273;273
522;1676.81;11.25;1692.77;NA;NA;-4624.04722535944;-4931.23916412231;5.09488640302485;5.10099442412991;308.786852011435;308.050384353526;10817.6351410125;11428.2756079991;614.383877525732;0.00999000999000999;260;260
523;2080.75;12.81;2099.5;NA;NA;-4870.20378596789;-5168.42016123987;5.1243162302702;5.12927272001349;336.832580490099;336.159753850282;11463.1694152723;12056.1609308247;596.432750543951;0.000999000999000999;277;277
524;1915.93;12.69;1933.89000000001;NA;NA;-4825.6112435563;-5092.17881504548;5.12106484350362;5.12769097059922;326.232631980984;325.432263871946;11317.9936602569;11847.0396031944;533.13514297835;0.012987012987013;274;274
525;1849.9;12.54;1867.82999999999;NA;NA;-4774.51991340377;-5027.74680166377;5.11450888872073;5.11970928667407;320.188011097304;319.517691641011;11182.5737642832;11685.6077076338;506.453776520008;0.037962037962038;270;270
526;1754.3;23.95;1788.7;NA;NA;-4686.16377165854;-4954.73893173326;5.0958149890984;5.10220394433974;316.194116971933;315.521943575604;10979.5188125896;11513.2525251678;537.150320149456;0.014985014985015;260;260
527;1452.19;31.83;1496.72;NA;NA;-4495.78975613479;-4791.62592785791;5.07293465337174;5.07747144451995;295.54421086367;294.951121458514;10487.4208376565;11076.0913708515;591.672343446244;0.004995004995005;249;249
528;1864.89;29.42;1907.15;NA;NA;-4769.55788341735;-5059.96774448606;5.11832981515119;5.12417321874452;322.576967886375;321.808253354681;11186.6198860005;11763.5135362745;580.819722137407;0.00699300699300699;273;273
529;1762.65;12.42;1780.33;NA;NA;-4686.66164181613;-4969.16622683614;5.10203486023017;5.10883149946837;315.489150747454;314.719186824213;10979.339622726;11540.4292454906;565.009170040019;0.00699300699300699;264;264
530;1675.72;11.69;1692.48;NA;NA;-4598.75100813102;-4904.0536558652;5.0857871797721;5.0909404895215;307.11866859044;306.473277019454;10756.1826412617;11363.5124623284;610.605295468353;0.00599400599400599;256;256
531;1506.97;11.26;1522.55;NA;NA;-4496.87751806446;-4753.77657571851;5.07691178971709;5.0833568592281;291.983282884188;291.26413227333;10472.1585332586;10982.3153620946;513.798115308098;0.010989010989011;250;250
532;1740.45;12.3000000000001;1757.23;NA;NA;-4594.69820548064;-4882.27775919541;5.09699763873545;5.1032474924705;305.753631092843;304.994136329309;10744.6909396449;11315.9866815076;575.159107429537;0.011988011988012;262;262
533;1907.94;12.85;1925.96;NA;NA;-4720.66006215162;-5025.01369142737;5.10607738275633;5.11196849711688;321.85224362234;321.160429738911;11080.942709734;11686.1256378181;608.707258551498;0.004995004995005;266;266
534;1577.72;11.75;1593.94;NA;NA;-4562.6646077294;-4854.44204252592;5.08773709099351;5.09305477310565;303.293121439787;302.622901860166;10665.1857391411;11245.3378214006;583.554869593032;0.00899100899100899;257;257
535;1654.21;11.1400000000001;1670.27;NA;NA;-4639.99668986007;-4931.02424722944;5.09447746874845;5.09965749915697;307.423269931531;306.726571252247;10843.1931479139;11421.7056576501;582.055114738749;0.00599400599400599;261;261
536;1543.79;11.21;1558.96;NA;NA;-4567.37204479579;-4880.99665482436;5.08666182469604;5.09124263586427;305.069661669975;304.424570215063;10683.0256483213;11307.000917118;627.249220057129;0.001998001998002;256;256
537;1509.23;11.12;1524.58;NA;NA;-4631.68728124623;-4902.50012923829;5.08816226682347;5.09384007192856;308.127140499947;307.427760980037;10827.7739961822;11365.8488562253;541.625695984119;0.002997002997003;257;257
538;1629.57;11.01;1645.17;NA;NA;-4666.16041355388;-4913.63464252195;5.08871021670899;5.09489320964009;309.175205903625;308.477454640066;10902.041417906;11393.4473067591;494.948457936154;0.032967032967033;257;257
539;1856.06;12.0799999999999;1872.89;NA;NA;-4830.98357345525;-5097.83218393962;5.11995432092543;5.12493352148069;327.871993383884;327.194691513251;11337.1140619667;11867.3508466614;533.697220968754;0.011988011988012;274;274
540;1652.12000000001;10.63;1667.34;NA;NA;-4657.53733619594;-4943.74502036302;5.09920499068378;5.10337266869119;311.790036494649;311.176240495393;10901.6688170918;11470.9607849818;572.415368334154;0.00899100899100899;263;263
541;1321.03;10.0300000000001;1334.84;NA;NA;-4358.05140874052;-4672.93165783691;5.06265439632724;5.06858429635416;282.037590851503;281.362933030121;10141.2991760167;10767.6504837275;629.760498192789;0.00799200799200799;245;245
542;1947.14;12.45;1964.95999999999;NA;NA;-4737.49284428979;-5033.44204147235;5.11104346558235;5.11650698258484;326.683938721251;325.959018370966;11141.0544307482;11729.2557742546;591.898394365118;0.00899100899100899;269;269
543;1728.5;12.3;1745.73;NA;NA;-4662.67237301312;-4917.53475928529;5.10680846548703;5.11313891658102;306.605107830504;305.87544488499;10886.7159292334;11392.7249297065;509.724772544329;0.001998001998002;265;265
544;1623.75999999999;11.47;1639.67999999999;NA;NA;-4593.87940939578;-4869.45717642292;5.08213264580369;5.08775491033476;304.907953522194;304.242787857583;10733.4225598316;11281.2061829938;551.155534054291;0.002997002997003;253;253
545;1729.25;11.1500000000001;1745.3;NA;NA;-4636.36487466471;-4938.16681913851;5.09467490476998;5.09963726747016;312.231407351896;311.554525704556;10859.7788592064;11459.9422088917;603.603888947606;0.003996003996004;260;260
546;1743.01000000001;11.34;1758.98;NA;NA;-4715.6102112376;-4968.52072769796;5.09877623300671;5.1044660199659;315.600434340674;314.893046046828;11036.6032499032;11538.8259702246;505.821032920732;0.042957042957043;262;262
547;1643.56999999999;11.9399999999999;1659.78;NA;NA;-4635.66609195638;-4899.06675176956;5.09190541378756;5.09656345006238;306.790642030989;306.183283596092;10829.5417610385;11353.2582677653;526.801319626356;0.00599400599400599;258;258
548;1351.58;11.02;1366.35000000001;NA;NA;-4410.35165730044;-4695.17412310834;5.05997484486643;5.06614368905991;284.913981317281;284.235675520083;10258.6795511486;10824.9010368072;569.644931615803;0.011988011988012;242;242
549;1524.7;11.08;1540.47;NA;NA;-4573.07819571626;-4844.311695718;5.09172769331729;5.09821186181286;299.16648099596;298.443219154259;10665.6423599642;11204.4358661445;542.46700000348;0.00599400599400599;258;258
550;1951.95999999999;13.27;1970.75999999999;NA;NA;-4797.74986504729;-5096.44742349447;5.11791909437038;5.12322736879965;327.862508974488;327.147188100741;11269.9988042064;11863.7405477872;597.39511689436;0.004995004995005;273;273
551;1665.22;12.15;1681.92999999999;NA;NA;-4609.9721510632;-4906.84469733159;5.10219294888912;5.10963997083448;306.578364946225;305.868632539259;10779.4340517962;11369.568907799;593.745092536794;0.004995004995005;262;262
552;1807.32000000001;11.5700000000001;1824.72;NA;NA;-4730.16992742687;-4994.64811865819;5.1139758835029;5.12048700701977;314.251377358534;313.542112784618;11063.5862976371;11588.9241568822;528.956382462628;0.00999000999000999;270;270
553;1650;11.3100000000001;1666.09;NA;NA;-4620.18133681443;-4900.34188723434;5.09865153083888;5.10359426684148;303.512747278918;302.899172856235;10784.258370113;11341.4583667516;560.321100839821;0.00799200799200799;262;262
554;1816.03;12.0500000000001;1833.03;NA;NA;-4700.73782753013;-5003.94804354846;5.10343852911812;5.11056251211739;316.242765163993;315.495244523008;11011.3283132904;11613.9434469186;606.420432036659;0.00999000999000999;264;264
555;1599.17;11.7800000000001;1615.75999999999;NA;NA;-4507.48609248831;-4823.59719682938;5.07940793194695;5.08489985969257;297.153513121612;296.490559806059;10520.7380740767;11149.6008996637;632.222208682142;0.000999000999000999;252;252
556;1719.49000000001;12.3100000000001;1736.69;NA;NA;-4592.07765308192;-4872.57234473991;5.08537000944746;5.09019400086253;303.920782565981;303.293699308597;10726.0113460758;11283.8194000343;560.989383315979;0.00899100899100899;255;255
557;1821.8;12.73;1839.58;NA;NA;-4609.8117991085;-4943.4230213645;5.10547517787682;5.11106505257513;308.062532170688;307.366827731086;10787.8342924883;11451.5152120555;667.22244451199;0.004995004995005;264;264
558;1459.36;11.8499999999999;1474.75;NA;NA;-4394.12292916763;-4700.45130305279;5.05470246982491;5.05952155228207;288.066320122511;287.418380168871;10241.535707468;10850.9236088244;612.656747770305;0.004995004995005;241;241
559;1919.18000000001;12.28;1937.17;NA;NA;-4731.59507354563;-4987.10687944222;5.10382703406319;5.10884298615849;319.482471810932;318.821396640032;11090.1386625776;11597.7957821128;511.023611793187;0.027972027972028;265;265
560;1803.64;12.5600000000001;1821.61;NA;NA;-4644.86257717;-4920.4934491815;5.09497866785913;5.09988100263554;311.797693118907;311.135124586331;10874.5697269052;11422.4636841678;551.261744022997;0.00599400599400599;260;260
561;1824.47;13.02;1842.45;NA;NA;-4688.15998782348;-4946.42682138044;5.09668866075704;5.10267871422515;314.991117936211;314.281061356524;10978.0010801731;11490.9242194275;516.533667113912;0.00799200799200799;261;261
562;1565.09999999999;11.77;1581.56;NA;NA;-4534.69518314754;-4779.54958357818;5.07959941761258;5.08440745005944;294.82709895599;294.19579003936;10563.3676177387;11049.8773871561;489.708800861279;0.047952047952048;252;252
563;1905.86;11.79;1922.3;NA;NA;-4748.70309049172;-5000.09570362515;5.10754232844486;5.11292414009641;316.997099790673;316.278835472111;11112.8897877449;11612.0145886239;502.785226266857;0.0989010989010989;267;267
564;2122.36;14.1099999999999;2142.7;NA;NA;-4882.26949822223;-5143.48112003605;5.1276054292089;5.13349251012983;332.772317984638;332.043879647988;11466.534246157;11985.2318235508;522.423243627636;0.045954045954046;277;277
565;1591.47;11.4499999999999;1606.90000000001;NA;NA;-4502.51248157597;-4806.75528080818;5.07533299980358;5.08029295357357;297.876900761627;297.206502642564;10513.2697073375;11118.3608685797;608.485598464433;0.00599400599400599;250;250
566;1810.97;12.3100000000001;1828.42;NA;NA;-4711.53422931664;-4985.26976741357;5.10878100970846;5.11652371841649;315.307491968119;314.52572511314;11029.9414700896;11573.4284986712;547.471076193853;0.017982017982018;267;267
567;1697.01000000001;11.5;1713.36;NA;NA;-4591.7034377978;-4898.98219584566;5.09132005231552;5.09784104678066;306.734423554195;305.978141285787;10741.3309154299;11352.0472248127;614.557516095723;0.00799200799200799;258;258
568;1876.87999999999;12.1700000000001;1894.74000000001;NA;NA;-4698.37014380532;-4977.98701246143;5.10398685719008;5.10796115425017;315.797724458891;315.174825868333;11004.924411422;11560.9860688031;559.233737312232;0.000999000999000999;265;265
569;1844.72;12.11;1862.3;NA;NA;-4645.49875452809;-4967.8383637803;5.10351575586763;5.10865044147232;312.666095466749;312.007474755223;10883.2339687878;11524.5591942459;644.679218504407;0.002997002997003;265;265
570;1550.53;12.6999999999999;1567.8;NA;NA;-4530.43638977825;-4811.10638603492;5.07639807783356;5.08204019835704;297.070736851505;296.384959667315;10565.6286178286;11123.4949352416;561.339992513342;0.00899100899100899;251;251
571;1614.51999999999;11.5700000000001;1631.34;NA;NA;-4616.12573507703;-4855.10365638998;5.07626429295463;5.08127011549883;302.298056796859;301.678452288233;10763.4853125866;11238.3026653307;477.955842625895;0.0779220779220779;251;251
572;1626.95;11.83;1644.17;NA;NA;-4527.93237197023;-4833.92884646328;5.08259639586995;5.08797264314295;298.367577340691;297.727573180659;10568.9619848458;11177.7093113104;611.992948986104;0.002997002997003;254;254
573;1773.75999999999;12.41;1791.41;NA;NA;-4690.14527722793;-4960.23194693175;5.09956343644873;5.10431341999244;314.707398964875;314.041109666453;10981.7301710165;11518.5129893175;540.173339407642;0.00799200799200799;263;263
574;1813.37;11.6200000000001;1829.83;NA;NA;-4714.10747107868;-5001.79221752214;5.10844562058512;5.11531715064386;318.029371507806;317.260355651471;11048.9592217699;11620.409648804;575.369492886915;0.00599400599400599;267;267
575;1654.67999999999;12.0600000000002;1671.81;NA;NA;-4662.59267164201;-4926.60737386476;5.09753575094978;5.1030734271653;308.799236882597;308.119481964611;10895.9721295883;11420.543785712;528.029404445491;0.030969030969031;262;262
576;1690.94;11.5899999999999;1707.33;NA;NA;-4723.70397867061;-4964.50113163795;5.09797491129422;5.10363459848326;311.279529408641;310.579541292108;11030.8113898697;11508.8450261113;481.594305934683;0.0719280719280719;262;262
577;2052.42;13.3500000000001;2071.20000000001;NA;NA;-4903.02098584996;-5162.28603431721;5.13147579522043;5.13755201026976;334.840744708145;334.082653235396;11520.4198524914;12035.0685363271;518.530096934495;0.022977022977023;280;280
578;1564.03;12.5800000000002;1580.57999999999;NA;NA;-4577.14980634361;-4865.53924160115;5.08869167155788;5.09713631027295;302.849943663424;302.032841047506;10691.906068228;11264.5364081478;576.778870515063;0.004995004995005;257;257
579;1836.56;12.79;1854.45000000001;NA;NA;-4651.00428016392;-4950.6376164194;5.09923532519696;5.104486991155;314.190078554028;313.458329080752;10900.8157081155;11496.3587548085;599.266672510941;0.003996003996004;263;263
580;1801.81;12.0899999999999;1818.94;NA;NA;-4693.90690170827;-4944.92115182942;5.09722805924117;5.10422728429531;312.1042938047;311.323727016851;10975.4126122945;11473.4705586955;502.028500242288;0.0579420579420579;262;262
581;1820.03;11.6499999999999;1837.70000000001;NA;NA;-4672.77079089928;-4963.46183755276;5.09879517242528;5.10448542756086;314.297843052361;313.600567828151;10944.2984434234;11522.1336668622;581.382093306969;0.002997002997003;262;262
582;1659.91;11.48;1676.09;NA;NA;-4587.45274609116;-4888.89686411834;5.0885874933286;5.09483671129779;303.840937968307;303.127771564021;10717.5433478355;11316.8107502392;602.888236054348;0.001998001998002;257;257
583;1732.24000000002;11.5899999999999;1749.17000000001;NA;NA;-4622.30032592894;-4922.86063445827;5.09882069575384;5.10531163759151;311.873936019923;311.159640422528;10829.83276144;11427.3226669003;601.120617058668;0.010989010989011;260;260
584;1524.91;11.2;1541.12;NA;NA;-4550.26243523157;-4842.78946473203;5.08395811012892;5.08880138221394;300.211531028885;299.640672718077;10622.9732656153;11205.1323581366;585.054059000926;0.002997002997003;254;254
585;1835.63999999998;12.75;1853.63999999998;NA;NA;-4864.2906734522;-5117.94993935497;5.12020269166359;5.12621023795864;329.537412094831;328.808989838995;11412.2371345457;11915.8340484048;507.318531805555;0.016983016983017;274;274
586;1651.82000000001;12.72;1669.04999999999;NA;NA;-4722.89333853443;-5017.37998025942;5.11280308575002;5.11847031980434;317.06267925786;316.335429202818;11063.3758088408;11648.6388108162;588.973283449988;0.004995004995005;270;270
587;1497.45999999999;12.27;1513.76999999999;NA;NA;-4587.97630769177;-4896.84549241843;5.08813282932535;5.09363154864404;306.335321823444;305.607792320855;10731.2547650163;11345.2993776003;617.738369453307;0.00599400599400599;257;257
588;1462.53;10.8299999999999;1476.94999999998;NA;NA;-4581.69819571059;-4852.06391263084;5.08277123281697;5.08918470122856;302.388255215634;301.627716599332;10696.8835039519;11233.7580546412;540.731433840507;0.002997002997003;254;254
589;1675.69;10.6999999999998;1690.69;NA;NA;-4673.65849951835;-4937.81921197026;5.09684971407176;5.10300564252731;309.210916394924;308.437530879487;10920.197899124;11444.5852995767;528.321424903817;0.012987012987013;262;262
590;1707.19;10.3600000000001;1722.57999999999;NA;NA;-4620.55217791628;-4927.0778161931;5.09806176925905;5.10232940831939;310.84640304687;310.193892063036;10822.3045796591;11432.0366911731;613.05127655364;0.004995004995005;262;262
591;1813.13;12.4400000000001;1830.71000000002;NA;NA;-4744.62460958355;-5010.31819382058;5.10719281649398;5.11211461626946;319.62953453844;318.973160914753;11118.1482646934;11646.190415722;531.387168474066;0.00599400599400599;267;267
592;1568.47999999998;10.4000000000001;1583.14999999999;NA;NA;-4604.85366508457;-4881.60954596392;5.09546153882157;5.10166866597558;303.069694273549;302.373392159012;10749.6041812367;11299.5780325615;553.511761758684;0.00599400599400599;259;259
593;1554.33000000002;10.7;1569.22;NA;NA;-4644.02137386941;-4939.92428852785;5.09729830044997;5.10276300380817;312.898148278408;312.174888932236;10879.6797016917;11467.8064862172;591.805829316881;0.00599400599400599;262;262
594;1540.64999999999;10.79;1555.70000000001;NA;NA;-4687.29028665489;-4964.61940406952;5.10766869883187;5.11318073741844;311.081317070958;310.415691467865;10959.3324695046;11510.5997856938;554.658234829247;0.00799200799200799;266;266
595;1604.85000000001;10.72;1619.82999999999;NA;NA;-4727.95483650959;-4982.69265017644;5.10317466001056;5.10899356794707;317.047540986457;316.32054092662;11069.2574816149;11575.0336512908;509.475627333695;0.035964035964036;263;263
596;1546.44;10.0999999999999;1560.39999999999;NA;NA;-4704.41681359595;-4969.15604031301;5.1079395966478;5.1139985932626;311.528454344421;310.861979216986;10996.4478715035;11522.5298281135;529.478453434118;0.00799200799200799;267;267
597;1329.62;9.37000000000012;1342.38999999998;NA;NA;-4494.70310763593;-4795.08915253878;5.06582952027677;5.07044971303166;298.094566848226;297.422913577121;10496.953686102;11094.3290377489;600.772089805705;0.002997002997003;247;247
598;1520.45999999999;10.72;1534.92999999999;NA;NA;-4655.62819592498;-4937.27466980556;5.0937998586947;5.09974621866613;312.072969995557;311.330430647265;10897.5001763835;11457.0188516531;563.292947761158;0.010989010989011;260;260
599;1527.75;10.75;1542.38;NA;NA;-4676.15433932208;-4953.03354077819;5.10115216292129;5.10633618024866;310.318904335181;309.624280883984;10931.4167288667;11481.6404277428;553.758402912221;0.00599400599400599;263;263
600;1362.38999999998;9.47000000000003;1375.17000000001;NA;NA;-4611.48880842908;-4874.08181628125;5.08785379060294;5.0930777815996;301.193897677347;300.555415475182;10752.1761230097;11274.1204859538;525.186015704343;0.012987012987013;257;257
601;1166.76000000001;9.29999999999995;1178.36000000002;NA;NA;-4355.47962403725;-4682.28145345696;5.05073877194598;5.05587245692977;283.785359771936;283.137918590314;10140.874338044;10791.2157217744;653.603658839416;0.00599400599400599;238;238
602;1685.66;11.9000000000001;1702;NA;NA;-4775.99559465795;-5070.14023788492;5.12424558404637;5.12913702461814;320.828008373396;320.182040348389;11191.7337211883;11776.7214840308;588.289286453941;0.00999000999000999;275;275
603;1544.94;10.25;1559.22;NA;NA;-4656.72583710931;-4944.76531664983;5.09367296174853;5.09826524949939;314.913041826184;314.273388770165;10913.5245638245;11486.3534462883;576.078959081035;0.011988011988012;259;259
604;1444.25;10.05;1457.54999999999;NA;NA;-4663.18875166615;-4895.95122673518;5.08846450862738;5.09420163243125;307.114072580023;306.371607530742;10885.633466448;11347.3888301071;465.524950138051;0.212787212787213;257;257
605;1581.22;10.5899999999999;1595.28999999998;NA;NA;-4644.86290822416;-4961.75590540374;5.09965390703303;5.10673090395676;313.860081961104;313.056883077506;10886.2558936269;11515.9562101655;633.785994359167;0.00999000999000999;262;262
606;1555.38999999998;10.8700000000001;1570.20000000001;NA;NA;-4677.00400781885;-4965.04591146441;5.10218521215737;5.10746207430233;313.344425424456;312.718517103057;10948.5119203875;11521.4106917198;576.083807291119;0.003996003996004;263;263
607;1457.16999999998;10.6699999999998;1472.03;NA;NA;-4551.1181372276;-4879.79256294991;5.08444466715136;5.09041946880449;304.932812415076;304.240671355157;10649.226561266;11303.0640310121;657.348851444633;0.00699300699300699;255;255
608;1558.82000000001;11.3399999999999;1573.91;NA;NA;-4648.58037287842;-4942.60343577144;5.0995673968788;5.10510919776597;311.245106641908;310.50955191611;10880.981926563;11465.2850628867;588.046125786041;0.00599400599400599;263;263
609;1404.06;10.1300000000001;1417.39000000001;NA;NA;-4534.90374466377;-4836.75955704726;5.08979165935449;5.09654202083044;297.681184702233;296.965196648246;10581.1715191649;11181.2479844183;603.711624766976;0.00599400599400599;257;257
610;1663.66;11.3600000000001;1679.10000000001;NA;NA;-4726.32846424048;-5008.94389172197;5.10635002575473;5.11023930300047;317.598510665741;317.024969241205;11071.2054510105;11633.5134187618;565.230854962989;0.00999000999000999;267;267
611;1627.33000000002;10.9399999999998;1642.03;NA;NA;-4682.00009678828;-4998.48337272813;5.10298951199347;5.10782811849883;317.222378892612;316.576807806525;10979.4392988675;11609.118312266;632.966551879699;0.000999000999000999;265;265
612;1537.47;10.3900000000001;1552.05000000002;NA;NA;-4671.19557465283;-4937.2846497481;5.09962938834403;5.10412288394297;310.759258928244;310.082038521473;10923.1480921467;11451.881386459;532.178150190543;0.004995004995005;262;262
613;1574.60000000001;10.3600000000001;1588.34999999998;NA;NA;-4727.78657131611;-4984.08237349962;5.11575394232601;5.12200997482166;313.781913923854;313.09711528383;11056.4244787083;11565.5223800632;512.59160436702;0.026973026973027;270;270
614;1687.09;10.77;1701.66;NA;NA;-4746.84998962845;-5040.02690212472;5.11647571093944;5.1209129278038;321.750815858133;321.177280097021;11135.8017620866;11719.2284644445;586.353824992533;0.00799200799200799;271;271
615;1552.04999999999;10.45;1566.32000000001;NA;NA;-4662.71676065304;-4962.2901216165;5.10160417593631;5.1086034387751;312.95709420523;312.193303958198;10917.9664283569;11513.2264797945;599.146721926913;0.00699300699300699;263;263
616;1491.06;10.97;1505.34;NA;NA;-4662.10007175667;-4928.87576228654;5.09756026783322;5.10264013176818;307.780263303774;307.137925725271;10889.2151677769;11419.5003616217;533.551381059746;0.00599400599400599;261;261
617;1233.30000000002;10.7;1246.89000000001;NA;NA;-4453.04507546226;-4732.7796679063;5.06176862157153;5.06739943460159;291.611777046863;291.022176161281;10378.4717861542;10934.9640078866;559.469184888088;0.003996003996004;243;243
618;1750.97;11.0699999999999;1766.56000000003;NA;NA;-4836.38911935508;-5095.97354871307;5.12311171576898;5.13006470545196;325.532289160706;324.731832823588;11336.5642115774;11851.6419614543;519.16885871597;0.022977022977023;275;275
619;1471.19;9.65000000000009;1484.67000000001;NA;NA;-4581.69219239821;-4884.21370623539;5.09062474492134;5.09551121337284;304.837415025018;304.231251601588;10711.6733952228;11313.6376795384;605.043027674365;0.00899100899100899;258;258
620;1477.57999999999;10.8000000000002;1491.78999999998;NA;NA;-4593.80693312319;-4906.11800087062;5.09083261674248;5.09664106023596;309.033811896195;308.364940749243;10756.6165822583;11377.8427765783;624.622135494843;0.004995004995005;257;257
621;1515.22;10.4199999999998;1529.42000000001;NA;NA;-4658.32727366248;-4964.24296247846;5.10278105448685;5.10886090234327;311.931080709701;311.161223229701;10903.9664183777;11511.8802514218;611.831377631976;0.00799200799200799;263;263
622;1665.66;11.8300000000002;1681;NA;NA;-4814.3766451606;-5064.86500964371;5.11448873142858;5.12049332813909;322.596146923877;321.870717853979;11275.1693423982;11772.4437392792;500.976728966227;0.0579420579420579;271;271
623;1543.19999999998;10.2;1557.16999999998;NA;NA;-4650.42042643134;-4958.40105794215;5.09861290421777;5.10339456624112;313.947871487032;313.286068807671;10897.8174940571;11510.4123274386;615.961263021618;0.00699300699300699;262;262
624;1228.07999999999;9.47000000000003;1239.97;NA;NA;-4559.35315251934;-4844.88705112933;5.08165012015872;5.08695318173057;299.700146872549;299.0490953371;10637.9702168329;11205.7376516311;571.06779721997;0.00899100899100899;253;253
625;1302.97;9.38000000000011;1315.38;NA;NA;-4565.13781516787;-4888.16273334465;5.08996187914625;5.09543446382031;304.777636570553;304.024035152498;10677.6692201333;11319.8929292924;646.049836353572;0.002997002997003;257;257
626;1783.61;48.34;1848.89;NA;NA;-4592.18706897208;-4909.5034083687;5.08990742575043;5.09492760613722;306.727222135973;306.037710652166;10742.2616013081;11373.3922065358;634.632678793238;0.002997002997003;258;258
627;1795.85;34.97;1845.4;NA;NA;-4625.08672265435;-4934.67128829817;5.10230253682883;5.10938572953489;308.707676104883;307.923685501231;10821.6682832563;11436.8464636153;619.169131287643;0.000999000999000999;264;264
628;1942.83;13.3;1961.39;NA;NA;-4752.70438325534;-5040.3831284352;5.12311594995299;5.12976247835188;319.519247014728;318.753729754846;11137.8802545866;11709.3266030916;575.357490359713;0.016983016983017;274;274
629;1880.65;11.82;1897.77;NA;NA;-4754.26509789018;-5016.80088008194;5.11759734034164;5.12422969285083;316.596058629147;315.84050503305;11124.3239302118;11645.5394176376;525.071564383519;0.014985014985015;271;271
630;1842.99;11.28;1859.91;NA;NA;-4638.12216744611;-4947.43693047379;5.09708745293943;5.10149779697923;315.864271750787;315.212612178426;10882.969239204;11498.2839311433;618.629526055362;0.00699300699300699;262;262
631;1720.03;11.04;1736.87;NA;NA;-4607.00591209014;-4915.22625874317;5.08958125358822;5.09586271424892;308.907098992813;308.107526296858;10783.5685235119;11395.9465886503;616.440693306045;0.00999000999000999;259;259
632;1806.19;11.9;1823.5;NA;NA;-4743.12443229797;-4988.74277739916;5.11218373100719;5.11754739107516;312.985138041662;312.303808403558;11081.8716937215;11569.6349118877;491.23669020237;0.015984015984016;268;268
633;1688.81;11.41;1704.87;NA;NA;-4646.6232230882;-4932.4377434576;5.09084891825916;5.09756680555046;309.176592388961;308.395725076104;10863.5744199838;11431.2373849736;571.629040738797;0.004995004995005;258;258
634;1624.05;11.56;1640.73;NA;NA;-4578.31186891266;-4860.41137469845;5.08657153037965;5.09252409690158;301.369291114625;300.627041887867;10685.5355082739;11245.9689285498;564.199011571565;0.00899100899100899;255;255
635;1494.54;11.34;1510.28;NA;NA;-4517.51191214646;-4796.66916467138;5.07770627677168;5.08286164582498;295.195504691288;294.5488308912;10530.2810274214;11085.3199281945;558.314505049841;0.012987012987013;251;251
636;1822.1;11.34;1838.89;NA;NA;-4747.04279820326;-4997.93441726694;5.10281007924682;5.10872684711651;318.027160322554;317.319475513718;11113.6230108952;11611.8023995135;501.783238127357;0.050949050949051;265;265
637;1677.1;10.34;1691.87;NA;NA;-4636.0154056545;-4911.308049958;5.09015755468814;5.09456699302294;310.027384612579;309.385362560548;10846.6800140242;11394.004430971;550.585288607012;0.004995004995005;258;258
638;1626.76;11.66;1642.34;NA;NA;-4615.74142020265;-4900.37334249569;5.10067949562591;5.10760635045007;305.715976944028;304.921178201858;10786.5858315709;11351.8067278175;569.263844586063;0.00699300699300699;262;262
639;1688.33;10.91;1703.66;NA;NA;-4671.10037490831;-4960.02300172304;5.09786515274961;5.1034787164164;311.48480400193;310.791186861126;10926.6483643903;11500.9653559342;577.845253629446;0.002997002997003;262;262
640;1652.9;11.53;1668.67;NA;NA;-4621.02831151507;-4913.07022357805;5.09167443713597;5.09679555028243;308.26578403444;307.613525726911;10807.7585421067;11388.5295039666;584.083824125955;0.00899100899100899;258;258
641;1565.77;11.28;1581.61;NA;NA;-4533.65712044895;-4824.01153473281;5.07245378643622;5.0771766882764;301.431973852986;300.792579606154;10592.9553690547;11170.4280241415;580.70882856772;0.00699300699300699;249;249
642;1505.41;10.95;1520.24;NA;NA;-4498.86039534541;-4819.84210192438;5.07250436035138;5.07804430349177;299.656062561045;298.962224599902;10514.3734785295;11152.825161607;641.963413157941;0.000999000999000999;249;249
643;1451.66;10.79;1466.58;NA;NA;-4523.68799163975;-4795.58069304265;5.07573844354915;5.08084472246348;296.949905360499;296.277974483095;10551.5197724031;11091.9016359664;543.785402805805;0.000999000999000999;251;251
644;1580.41;10.62;1594.64;NA;NA;-4647.01221366967;-4906.43737438247;5.09087335026783;5.09614313711411;306.836703351007;306.132497223461;10853.0614482289;11368.3336989375;518.850321425603;0.018981018981019;259;259
645;1675.76;10.69;1690.89;NA;NA;-4618.22268418367;-4911.1220598826;5.08723361845538;5.0915932318002;308.749743629594;308.082590805074;10804.0058348108;11386.4173691684;585.798751397861;0.004995004995005;257;257
646;1483.36;10.95;1498.73;NA;NA;-4603.59841889477;-4876.40956258819;5.08452417406749;5.09128126278331;303.926411017551;303.176724737539;10749.0814320569;11290.9003983641;545.622287386841;0.00699300699300699;255;255
647;1737.28000000001;11.89;1753.75;NA;NA;-4748.57423614809;-5007.84175659485;5.10706392161417;5.11186337405718;319.623855555634;318.979373237134;11126.0185765368;11641.2692005664;518.535040893523;0.021978021978022;267;267
648;1896.34;12.91;1914.56;NA;NA;-4859.67896189879;-5124.38626351433;5.1296970197626;5.13617687304792;330.40850434123;329.606326944846;11409.858558079;11935.1689043688;529.414603231084;0.002997002997003;278;278
649;1716.05;11.31;1731.31;NA;NA;-4722.88246024954;-4992.9462266384;5.1082461674328;5.11471080636122;318.240634729233;317.494098053191;11067.5858417313;11603.9088672665;540.127532777711;0.004995004995005;267;267
650;1885.54;12.52;1903;NA;NA;-4783.2594142208;-5071.38355962967;5.12300588290092;5.1280224389796;324.968760808625;324.292122979372;11227.4246244455;11800.2146391828;576.248290817748;0.010989010989011;275;275
651;1735.68;20.25;1764.15;NA;NA;-4682.50355264706;-4972.04257950699;5.10324866742195;5.11000744678048;312.947586850401;312.152166481446;10958.6770458241;11533.7044610813;579.078053719844;0.00799200799200799;265;265
652;1581.25;33.75;1628.7;NA;NA;-4547.2359027824;-4825.26892134235;5.07825460832541;5.08286147997926;301.093220909723;300.487457949661;10620.2013745084;11173.1978292009;556.066037119908;0.001998001998002;252;252
653;1752.9;33.56;1799.38;NA;NA;-4656.3893413413;-4937.85798417914;5.09741068484771;5.10256839890808;309.944830723642;309.267351537105;10888.8001974104;11448.2926062308;562.937285675673;0.00599400599400599;261;261
654;1608.11;11.26;1623.87;NA;NA;-4583.04943694285;-4855.00966349893;5.09098457676732;5.09720698205164;300.039498252446;299.323868703794;10690.0189537092;11230.3046779098;543.920453112172;0.011988011988012;258;258
655;1880.5;11.83;1897.6;NA;NA;-4794.33103124381;-5043.2477726076;5.11642818812907;5.12150332416755;320.81724781368;320.158832423127;11225.9992458987;11720.4724105373;497.833482727587;0.037962037962038;271;271
656;1747.25;11.8600000000001;1764.31;NA;NA;-4684.36817155064;-4953.51953337266;5.10000396592211;5.10552052895641;312.272634448273;311.609469280355;10957.7862657217;11492.7143659037;538.302723644047;0.001998001998002;263;263
657;1574.88;11.59;1590.78;NA;NA;-4551.87565610973;-4810.678143451;5.07228606250278;5.07848228508707;299.449963114895;298.762019704019;10619.3608665527;11133.4839453101;517.604974682548;0.026973026973027;249;249
658;1789.06;12.1;1806.17000000001;NA;NA;-4662.67169415062;-4936.60588571009;5.09556782711819;5.10110933227968;309.825280677638;309.169637069818;10900.7570095399;11445.2915463433;547.868383118936;0.00699300699300699;261;261
659;1826.65;11.51;1843.78;NA;NA;-4646.36466562517;-4938.77375676895;5.09413624055371;5.09936390862091;311.626953216263;310.942900229307;10876.7060455408;11458.0472371781;584.818182287552;0.003996003996004;260;260
660;1848.45;12.59;1866.69;NA;NA;-4722.04669708868;-4973.18459342182;5.10231192190555;5.10895066449265;313.946043830859;313.183018917834;11042.2544554743;11540.6460243105;502.275792666283;0.040959040959041;264;264
661;1569.12;12.1099999999999;1585.86;NA;NA;-4520.63372807682;-4797.56603536135;5.07061243395791;5.07572858277444;297.199461202355;296.520329302417;10545.4865191834;11095.9138356293;553.864614569065;0.020979020979021;249;249
662;1566.36;12.05;1583.36;NA;NA;-4622.37327878919;-4870.7231130377;5.0885957085069;5.09414155622241;303.076567094318;302.417265209757;10783.5036081832;11276.8559198288;496.69966849702;0.0839160839160839;257;257
663;1632.4;10.8;1648.05;NA;NA;-4537.15999663456;-4825.09764311594;5.08182894923;5.08655861438163;297.173447953345;296.565121351163;10580.7753611771;11153.5668763609;575.875292962744;0.004995004995005;253;253
664;2007.2;12.9000000000001;2025.87000000001;NA;NA;-4839.04967420817;-5145.58996277575;5.12300338880542;5.12905963209886;334.212913570624;333.464887261955;11386.8582954733;11996.1143745245;613.080577135144;0.002997002997003;276;276
665;1774;11.4300000000001;1790.13;NA;NA;-4715.11755160715;-5003.87812432746;5.10775358062939;5.11199804643466;316.168291596762;315.556164845631;11041.4949298487;11615.8965491727;577.521145440616;0.001998001998002;267;267
666;1709.17999999999;11.75;1725.72;NA;NA;-4715.69763494911;-5006.98833741252;5.10945672848022;5.11562112893411;314.823308778308;314.091943776789;11035.8007824206;11614.6549981356;582.581404926823;0.002997002997003;267;267
667;1441.31;10.8000000000001;1455.62000000001;NA;NA;-4532.60006217921;-4826.48531175815;5.07303482547469;5.07904084416077;301.02174221922;300.294665668211;10588.7649424126;11172.8554806315;587.770499157872;0.00999000999000999;249;249
668;1705.3;11.8100000000001;1721.17;NA;NA;-4707.65381358657;-4982.36331640438;5.09814000007302;5.10239204001493;318.086144334473;317.490132084534;11033.3346581694;11579.721894115;549.419005635613;0.000999000999000999;262;262
669;1781.17000000001;12.41;1798.22;NA;NA;-4758.11344660084;-5033.99770119507;5.11021161466466;5.11500319504735;319.292584842567;318.711559205814;11144.0055817779;11692.8119766113;551.76850918846;0.00599400599400599;268;268
670;1662.98999999999;11.6999999999999;1679.83;NA;NA;-4640.93615871481;-4934.60901733;5.09287345082992;5.09821663528272;311.137157881501;310.43502336327;10862.7599440208;11446.5381163792;587.345717230382;0.002997002997003;259;259
671;2008.72;12.53;2026.98;NA;NA;-4799.14045003703;-5097.31287325393;5.12582175926317;5.13175089585498;326.661507968093;325.871980085862;11268.4311298665;11860.7392895718;596.3448464338;0.00899100899100899;276;276
672;1714.52;11.3099999999999;1730.75;NA;NA;-4639.26998565154;-4934.6570343948;5.10060235317925;5.10696700102426;307.590681360964;306.848650349818;10843.7650166516;11430.763169048;590.774097486525;0.00699300699300699;263;263
673;1610.93999999999;11.46;1627.09;NA;NA;-4588.29985062366;-4851.33270063299;5.07806656596834;5.08259659543913;304.570959078982;303.936964655235;10719.9520115528;11242.8050718583;526.065700018664;0.003996003996004;252;252
674;1528.42;11.89;1544.99000000001;NA;NA;-4525.53806199394;-4788.8676677144;5.07574906308045;5.08050833721613;295.772362545704;295.094401297984;10549.2552918763;11072.4804183702;526.65921144092;0.011988011988012;251;251
675;1437.92;11.5500000000001;1453.77;NA;NA;-4480.18736230894;-4744.29803233848;5.07173909850727;5.07684284555525;290.762006671462;290.126656304367;10432.0118247343;10957.0174586477;528.221340059081;0.001998001998002;249;249
676;1681.39999999999;10.8100000000001;1697.00999999999;NA;NA;-4605.46966768805;-4887.26695909349;5.0880005692088;5.09247721320971;304.266668127638;303.674879664607;10756.3294852775;11316.9183360862;563.594582810883;0.000999000999000999;258;258
677;1945.7;12.1899999999999;1963.2;NA;NA;-4654.30749689681;-4962.5509581242;5.09533582780679;5.10052411015671;317.800509769385;317.086602114231;10924.5814211692;11537.4382336414;616.486922454786;0.003996003996004;261;261
678;1867.57999999999;11.1;1883.78;NA;NA;-4694.03094786508;-4965.24209455084;5.09899956662577;5.10406753722778;315.834509726782;315.205268328896;10994.6354078477;11533.8569029169;542.422293371526;0.011988011988012;262;262
679;2055.97;12.73;2074.25;NA;NA;-4789.20230896689;-5066.55382142672;5.11851432726117;5.12351535659352;326.094809687776;325.436394909577;11243.2771446017;11794.618642006;554.70302491966;0.004995004995005;272;272
680;1877.56000000001;12.11;1894.86;NA;NA;-4637.9760343732;-4944.03032739773;5.10043766707378;5.10558439679183;311.526676359073;310.83045350566;10861.2060627034;11469.7718058988;612.108586049062;0.002997002997003;263;263
681;1843.53999999999;11.71;1860.52;NA;NA;-4645.71323420234;-4928.7584562764;5.09546947712451;5.10004150166643;310.460125744638;309.866530124109;10869.4722851088;11432.5455266982;566.090444148114;0.000999000999000999;260;260
682;1757.75;11.4399999999999;1774.11;NA;NA;-4642.32738281531;-4899.2674637126;5.09392570677679;5.09976313000436;307.53144673104;306.888304642319;10847.2217770255;11357.8341344307;513.880161794566;0.001998001998002;259;259
683;1801.79999999999;10.9599999999999;1817.71999999999;NA;NA;-4616.75795933942;-4918.22832409957;5.09053554441386;5.09588767278904;309.321311830717;308.608649217808;10804.5789319211;11403.900001789;602.940729520313;0.003996003996004;258;258
684;1790.5;12.48;1808.06;NA;NA;-4693.94546375005;-4944.73158435325;5.10031570719436;5.1072903828415;309.426222649212;308.687416781674;10962.4564222518;11460.2691300341;501.572241206406;0.051948051948052;263;263
685;1781.03999999999;11.78;1797.8;NA;NA;-4629.56329748505;-4922.80740481431;5.09386982559404;5.09958106750784;307.785943894788;307.062114362811;10823.5797434656;11406.3887862427;586.488214658537;0.004995004995005;260;260
686;1812.47;11.4299999999999;1829.14999999999;NA;NA;-4727.95914086972;-4972.59107642344;5.10545071612626;5.11097691880154;311.430877107952;310.731013525785;11041.8644537324;11527.5643045367;489.263871107441;0.103896103896104;265;265
687;1972.27;11.5700000000001;1988.77;NA;NA;-4742.8349223525;-5031.43899712152;5.11595808561574;5.12222729380473;318.544551504713;317.802365658407;11111.4079940908;11684.8282909139;577.208149538044;0.012987012987013;271;271
688;1380.36;11.4;1396.03;NA;NA;-4431.0696560429;-4711.19008905493;5.06233160111159;5.07057960343135;284.592854841401;283.813145082924;10299.665976606;10855.9683967088;560.240866024073;0.00599400599400599;244;244
689;1676.78;11.99;1693.47;NA;NA;-4621.24848453485;-4907.39277251551;5.10361363545651;5.10968733735246;302.931025987958;302.198844921877;10784.5854250513;11353.1467896252;572.288575961315;0.010989010989011;264;264
690;1445.38;11.61;1460.86;NA;NA;-4430.8683595353;-4741.32594821508;5.06128090635616;5.0672635028675;290.656229207853;289.938638768142;10329.2936825947;10946.5856627166;620.915177359564;0.004995004995005;243;243
691;1888.32999999999;11.6900000000001;1905.14;NA;NA;-4771.7209784867;-5027.31736879891;5.11488836175782;5.12266507957981;318.829259968023;318.008216305333;11170.0438232742;11677.047806565;511.192780624438;0.00999000999000999;270;270
692;1583.11;11.5999999999999;1599.53999999999;NA;NA;-4554.3678384307;-4834.76571562924;5.07703480465092;5.0830319500733;300.266650882231;299.579223022255;10629.6798154263;11186.9935335358;560.795754397088;0.016983016983017;251;251
693;1733.58;11.1;1749.85000000001;NA;NA;-4657.85385369914;-4909.96017299356;5.09199815397236;5.09708717316991;310.301672677015;309.628958467451;10892.3502343975;11393.1448126769;504.212638588831;0.0589410589410589;259;259
694;1669.76999999999;11;1685.32000000001;NA;NA;-4570.71200106421;-4886.22004671496;5.08848340037981;5.09360068435821;303.694546213461;303.073234713307;10683.3186088162;11311.180225126;631.016091301508;0.00699300699300699;257;257
695;1727.07999999999;11.63;1743.81000000001;NA;NA;-4599.49363192886;-4898.69772423946;5.08257236300646;5.08740992162061;310.93604508968;310.262344907211;10775.8223748189;11370.8140558898;598.408184621207;0.001998001998002;254;254
696;1732.42;10.3399999999999;1748.00999999999;NA;NA;-4633.11677205875;-4896.14458846199;5.08455072758629;5.0902330103317;308.139326785836;307.465623188326;10829.4911737138;11352.128962067;526.055632806481;0.01998001998002;255;255
697;1879.60000000001;11.5300000000001;1896.03;NA;NA;-4717.17298324592;-5006.23260547547;5.10365407507974;5.11045128346421;318.895630972679;318.129450141107;11058.3060243479;11632.5235312267;578.119244459109;0.00599400599400599;265;265
698;1759.08;11.4299999999999;1775.45;NA;NA;-4656.01845012223;-4957.87944595017;5.10448276621008;5.11037840638725;310.316158654482;309.581674298773;10892.3064242424;11492.2880910366;603.721991655892;0.00799200799200799;265;265
699;1780.33;12.29;1797.73000000001;NA;NA;-4676.69474355137;-4962.32511917146;5.10154789740785;5.10700308119263;313.040841849437;312.286890945074;10946.3485576174;11513.7727074584;571.260751240166;0.00599400599400599;263;263
700;1586.20999999999;12;1602.72;NA;NA;-4608.61046047041;-4861.25707432199;5.09225651734445;5.09849135895599;300.50658798307;299.779831442832;10742.9298711423;11244.5332664012;505.293227703156;0.025974025974026;257;257
701;1912.5;11.9699999999998;1930.51000000001;NA;NA;-4728.28531812553;-5047.55638976309;5.11880577805562;5.12448916256776;321.594042476763;320.8620703737;11099.0546398402;11733.8583666288;638.542143275119;0.013986013986014;273;273
702;1765.44;11.52;1782.67000000001;NA;NA;-4702.87517108412;-4969.69957801536;5.10277226836994;5.10823618453181;316.493796821551;315.775439285863;11016.8808920239;11546.8728640048;533.64881386247;0.002997002997003;264;264
703;1384.24000000002;10.54;1398.47;NA;NA;-4452.0666434589;-4749.76381202724;5.0637303545878;5.06833953641603;291.895345119083;291.297668621851;10377.9466901855;10970.3232894679;595.394337136686;0.000999000999000999;243;243
704;1811.06;12.25;1828.56999999998;NA;NA;-4686.35737861598;-4949.37831093441;5.10052722816786;5.10619740361253;309.247376037045;308.517977821629;10946.370162005;11468.7003655806;526.041864636853;0.00599400599400599;263;263
705;1748.35999999999;11.0699999999999;1764.69;NA;NA;-4691.98509916868;-4980.31781565775;5.10971049028283;5.11625411785781;313.266257031796;312.54468956632;10980.4406490783;11553.4288231401;576.665432978123;0.003996003996004;267;267
706;1753.94;11.8000000000002;1770.70999999999;NA;NA;-4737.2720701011;-4995.95982536738;5.10478773405169;5.10933485850272;318.769980864385;318.171822105258;11097.8643311636;11612.1937481196;517.375510532549;0.021978021978022;265;265
707;1633.91999999998;11.9399999999998;1650.81;NA;NA;-4620.64849210659;-4924.73264582322;5.09455943157108;5.09942087799334;308.795526937386;308.150401962304;10810.8817685127;11415.7709534959;608.16830743325;0.00999000999000999;260;260
708;1667.81;11.3900000000001;1684.25;NA;NA;-4673.48212655314;-4957.84331004503;5.10226130234008;5.1082119246186;312.808779811968;312.102805958001;10939.3360040834;11504.464569056;568.722366983762;0.004995004995005;264;264
709;1450.26000000001;10.5400000000002;1464.79999999999;NA;NA;-4530.23414558006;-4838.72519712517;5.08968377709409;5.09539330089349;298.212378589058;297.507100765837;10575.1083116598;11188.5082629236;616.982103090215;0.004995004995005;258;258
710;1708.42999999999;11.3899999999999;1724.74000000002;NA;NA;-4724.81495122163;-5012.74146654614;5.10822456247502;5.11395003499981;318.748692698271;318.043349966976;11074.0399934843;11646.2984498602;575.853030649021;0.003996003996004;267;267
711;1596.01999999999;10.9200000000001;1611.26999999999;NA;NA;-4649.32660180423;-4949.20730378149;5.09270751263359;5.09790664981232;312.970558600606;312.398857646145;10888.250977978;11485.1086756897;599.761403954522;0.000999000999000999;258;258
712;1721.69999999998;12.5;1739.5;NA;NA;-4749.73472230113;-5005.73601927765;5.10633283801543;5.11214529097268;318.856617252418;318.118927937196;11123.8313110199;11632.0758697682;512.002593953046;0.02997002997003;266;266
713;1458.79999999999;10;1472.43000000002;NA;NA;-4612.53672428112;-4899.46450399066;5.09037621796945;5.095483751994;308.204051123338;307.525288142077;10790.4618221777;11360.8699003731;573.855559419078;0.00999000999000999;258;258
714;1409.58000000002;9.93999999999983;1422.89000000001;NA;NA;-4653.72733525793;-4899.66838595141;5.09417554377342;5.10053739232776;308.773024108255;308.024897076213;10876.3301354765;11364.4110040691;491.882101386967;0.0829170829170829;259;259
715;1253.42999999999;9.63000000000011;1266.44;NA;NA;-4501.92633911077;-4788.55699563455;5.07006266862994;5.07507966041191;295.498282509429;294.880382484483;10498.866981148;11069.0021529293;573.261313047546;0.004995004995005;248;248
716;1573.36000000002;10.47;1587.14000000001;NA;NA;-4764.62891008826;-5061.19298384995;5.10912790207384;5.114218135122;326.693156958779;326.034783695089;11194.7652069622;11784.5369158502;593.128147523383;0.00699300699300699;268;268
717;1574.44;10.5599999999999;1588.63999999998;NA;NA;-4819.00134705427;-5091.08855148615;5.12352184407928;5.12935021422907;326.196670536931;325.456639954723;11305.1843006846;11845.5764349687;544.174408863766;0.00899100899100899;275;275
718;1288.76999999999;10.1099999999999;1301.23999999999;NA;NA;-4631.21786231163;-4899.80370736453;5.09582197092229;5.10084947129212;305.787289655561;305.125643754018;10816.7298617041;11350.5384547147;537.17169010579;0.003996003996004;260;260
719;1115.10999999999;8.29999999999995;1126.06;NA;NA;-4494.02541021289;-4780.00856525613;5.07382739777973;5.07959724332241;297.050376697494;296.34532074296;10492.1106124634;11060.5070017703;571.966310086467;0.013986013986014;250;250
720;1279.84;9.13000000000011;1291.58000000002;NA;NA;-4684.05516548098;-4962.58058463165;5.10215558669567;5.10809925925322;311.816164989542;311.087066101311;10955.4291169814;11508.7684339055;557.050838301344;0.001998001998002;264;264
721;1482.69;9.94999999999982;1495.79999999999;NA;NA;-4729.75908307761;-5054.63243061357;5.11028975755928;5.11490155125969;325.860891556786;325.213566635847;11121.3894165236;11767.8347928315;649.746695071912;0.004995004995005;269;269
722;1454.34;10.4799999999998;1467.99000000002;NA;NA;-4759.99951750331;-5025.65408046926;5.10386261439077;5.10955940152418;321.10014492171;320.409842900033;11155.1854699357;11682.9792673331;531.309125931894;0.023976023976024;265;265
723;1383.61000000002;10.3000000000002;1396.94;NA;NA;-4664.86927829639;-4929.47931903032;5.1025136475077;5.10783970004266;309.683959744541;309.022987306747;10905.6155883356;11431.4722044041;529.220081467864;0.004995004995005;263;263
724;1275.47;9.69999999999982;1288.37999999998;NA;NA;-4552.35336914458;-4832.93832345872;5.07726395090318;5.08218264586928;302.130938281894;301.481129223445;10635.0940733755;11192.9724966666;561.169908628273;0.00699300699300699;251;251
725;1245.39000000001;9.73000000000002;1257.90000000002;NA;NA;-4541.85458450027;-4815.49933185328;5.07233598396497;5.07687356540939;297.668215077765;297.025141264457;10589.7018106114;11133.7378023171;547.289494706021;0.004995004995005;248;248
726;1434.88;9.57999999999993;1447.68000000002;NA;NA;-4700.9755485381;-4965.20189791381;5.10662680581994;5.11337678281407;310.598152375202;309.871036305061;10984.2415912975;11508.9901184781;528.452698751429;0.027972027972028;266;266
727;1569.54000000001;9.47000000000003;1582.78;NA;NA;-4787.94002551427;-5035.27164223376;5.11509685117738;5.11999878849095;320.739904997157;320.119260296765;11212.2296386349;11703.726469379;494.66323343898;0.0679320679320679;270;270
728;1403.70000000001;10.29;1417.21000000002;NA;NA;-4650.82200370797;-4920.95754561034;5.09795324176774;5.104829429982;307.377984264927;306.662963566651;10864.6135050009;11401.248819171;540.271083804748;0.014985014985015;261;261
729;1332.66;9.96000000000004;1345.60000000001;NA;NA;-4650.82756211198;-4884.59453375145;5.0926044235243;5.09868613833429;303.957573381169;303.261722353636;10846.0632882594;11310.0616130771;467.533943278933;0.202797202797203;259;259
730;1341.17999999999;9.75;1353.59;NA;NA;-4591.54599234644;-4825.91851082915;5.07336173551294;5.07858118545802;301.908069452516;301.182319992821;10711.1427810023;11176.2145738513;468.745036965413;0.221778221778222;249;249
731;1629.17999999999;10.0599999999999;1642.69;NA;NA;-4756.88084945189;-5053.12082089982;5.11731546732653;5.12396688805886;321.361142519164;320.636779514658;11153.874727539;11742.6577791684;592.479942895849;0.001998001998002;271;271
732;1418.70999999999;10.6900000000001;1432.26000000001;NA;NA;-4629.26430438277;-4923.20689147862;5.09375793305651;5.10076220720386;308.418859955937;307.635394516769;10825.6045659786;11409.5089529603;587.885174191691;0.00599400599400599;259;259
733;1372.06;9.16999999999985;1384.64000000001;NA;NA;-4577.21289488762;-4835.00191785168;5.08830986374523;5.09344720052637;300.581884448418;299.916153699646;10679.9310990615;11192.1304457255;515.578045928121;0.000999000999000999;256;256
734;1523.23000000001;10.25;1537.13;NA;NA;-4672.96918904196;-4962.58553481341;5.10469530733203;5.11109903203239;312.877510007573;312.127724208892;10939.8406796745;11515.2537124948;579.232691542889;0.00799200799200799;266;266
735;1442.88;9.42000000000007;1455.38;NA;NA;-4660.43731682694;-4926.90557186727;5.09180141184499;5.09908236714359;309.282199013156;308.493186699678;10892.3372158602;11421.2647550674;532.936510080661;0.016983016983017;259;259
736;1351.24000000002;10.29;1365.06;NA;NA;-4488.99986577207;-4807.71207171171;5.08041275544111;5.0861399114966;297.43491011812;296.78221813122;10485.7805243323;11119.8962578823;637.424411879285;0.002997002997003;253;253
737;1312.29999999999;9.53999999999996;1325.63999999998;NA;NA;-4484.95608119342;-4793.27028552271;5.07440258596992;5.0789228329582;295.22665907812;294.599887765505;10464.73789664;11078.1927643639;616.628408658584;0.002997002997003;250;250
738;1595.26999999999;10.4100000000001;1609.33000000002;NA;NA;-4716.64862844849;-4969.00187589309;5.10003389437652;5.10491658235978;318.291168483472;317.634953263841;11052.9734656146;11554.3407029802;504.706494889204;0.031968031968032;263;263
739;1410.39999999999;9.09999999999991;1423.10999999999;NA;NA;-4638.40731561214;-4888.72916559014;5.09144839430534;5.09795254216287;304.290490093121;303.564877690903;10822.9143447814;11319.8712087575;500.64369995599;0.018981018981019;259;259
740;1500.03;10.76;1514.06;NA;NA;-4610.26685031276;-4895.95316343703;5.09444105857251;5.1006840947311;307.835686464208;307.078720039108;10784.646553838;11352.1730343438;571.372626248529;0.004995004995005;259;259
741;1753.62;11.21;1768.82999999999;NA;NA;-4797.40490614785;-5084.73168853831;5.13529110565497;5.14218346552285;321.894953449385;321.129988487372;11242.9055021229;11813.6424616782;574.653564780911;0.00699300699300699;280;280
742;1472.03;11.01;1487.14999999999;NA;NA;-4585.46480770149;-4869.66712156829;5.08404097217354;5.08848486582457;304.117469788593;303.449575940337;10713.7834922499;11278.7997496481;568.404627733587;0.002997002997003;255;255
743;1754.41999999998;10.4499999999998;1769.22;NA;NA;-4754.7131122626;-5057.0413080717;5.1077019495689;5.11189549225172;324.860989680239;324.222994732445;11164.9858610369;11766.3908967909;604.656391618199;0.003996003996004;267;267
744;1329.60000000001;10.1099999999999;1342.5;NA;NA;-4510.33050802197;-4779.8228076362;5.07648706701772;5.08226240304828;293.610468289655;292.920412648852;10506.7150678233;11042.2070804728;538.984599228468;0.003996003996004;249;249
745;1357.91999999998;10.1099999999999;1370.85999999999;NA;NA;-4564.91200104805;-4807.21086788938;5.07967983930944;5.0858635139896;295.560848886527;294.84451229615;10628.1046540689;11109.0710771172;484.59773368266;0.0909090909090909;253;253
746;1790.22;11.6200000000001;1805.73999999999;NA;NA;-4865.04211005136;-5108.49756832428;5.12253042782519;5.12845995293003;329.236221035531;328.512274533152;11412.8008800415;11896.0117272674;486.910916545847;0.048951048951049;275;275
747;1528.10000000001;10.72;1542.44;NA;NA;-4621.12616809967;-4918.92936878899;5.09325723919476;5.09981557249646;308.392730388887;307.631494755139;10809.7897354866;11401.52683254;595.606401378647;0.00799200799200799;260;260
748;1544.46000000002;10.6700000000001;1558.56;NA;NA;-4684.16143516952;-4958.09862721071;5.10652632569187;5.11285831082939;310.794231658014;310.077860904917;10951.0269572067;11495.2532590432;547.874384082381;0.00699300699300699;265;265
749;1340.57999999999;10.22;1353.82999999999;NA;NA;-4537.67617184116;-4800.72823705501;5.08126760156142;5.08736692750497;295.434083275149;294.75023678579;10572.9903852973;11095.6279065047;526.10413042771;0.00599400599400599;253;253
750;1455.56;10.53;1469.72;NA;NA;-4579.21403917198;-4873.73485849001;5.0839684375676;5.0897407646717;303.470437248725;302.748212032164;10697.4032089195;11282.782261318;589.041638636076;0.001998001998002;254;254
751;1684.38;46.1;1746.75;NA;NA;-4515.66680431429;-4822.1835178742;5.08139164809701;5.08777456395941;299.211973190642;298.462107328689;10548.7129938681;11157.9436620659;613.033427119815;0.011988011988012;254;254
752;1738.08;33.43;1786.3;NA;NA;-4623.68662479997;-4904.50330961343;5.09426028171718;5.10123443170985;305.202895243417;304.439496285354;10798.1088929263;11355.8634331162;561.633369626928;0.004995004995005;259;259
753;1694.86;10.39;1710;NA;NA;-4550.36767047953;-4872.95773671232;5.0827965167763;5.08781400292483;303.677300263397;303.026228958731;10640.1605562475;11282.0402260757;645.180132465579;0.00799200799200799;253;253
754;1612.02;10.03;1627.22;NA;NA;-4472.92066502282;-4800.4254848899;5.07180699626523;5.07587597221959;297.565333085212;296.934629056213;10451.9121846587;11103.7296348118;655.009639734166;0.004995004995005;249;249
755;1632.27;10.78;1647.7;NA;NA;-4585.07857968053;-4840.32869184439;5.0799307578897;5.08532480778018;301.461746576586;300.846847480378;10697.7541582825;11205.1385046434;510.500224327727;0.031968031968032;252;252
756;1990.35;11.36;2007.36;NA;NA;-4700.90162994829;-5019.49322775998;5.10981809590711;5.11446878487651;320.290541396021;319.633423007984;11034.669609405;11668.5027638477;637.183195623378;0.002997002997003;268;268
757;1714.14;11.93;1731.38;NA;NA;-4681.93008239181;-4956.87206111406;5.09813471666091;5.10428809149723;311.641043579418;310.925249354805;10949.1025321756;11495.3454180906;549.883957444501;0.002997002997003;262;262
758;1633.58;11.42;1649.26;NA;NA;-4561.56487116681;-4872.28828533769;5.09249871699167;5.09853589568028;302.723843203269;302.043603591987;10660.0959703107;11278.0891383844;621.446828341766;0.004995004995005;257;257
759;1947.31;11.33;1963.82;NA;NA;-4766.82527809433;-5048.01783650901;5.1123079543446;5.1174128319252;324.624022467138;323.911184050227;11189.2138474438;11747.9635305592;562.385116829348;0.00699300699300699;269;269
760;1728.53;11.64;1745.47;NA;NA;-4642.5287035444;-4935.43750316559;5.09253526158299;5.09670171649821;309.20129122552;308.612668542538;10856.108896897;11438.9357048029;585.817599242382;0.00999000999000999;259;259
761;1896.58;12.09;1914.37;NA;NA;-4765.52251001836;-5034.0881703979;5.12062891125775;5.12804734117574;319.653795405893;318.853278198768;11163.0330376502;11696.0773289145;537.13132075909;0.018981018981019;272;272
762;1957.43;12.28;1975.84;NA;NA;-4867.43993675004;-5109.51204265812;5.12269653790714;5.12856260380951;326.945400526604;326.22306843863;11405.888217072;11886.3406107929;484.14421181617;0.0929070929070929;275;275
763;1899.86;12.3;1917.01;NA;NA;-4743.95503412485;-5026.7718948993;5.11311369990988;5.11877373254454;319.016930430309;318.342055708726;11114.8775221533;11677.0694225863;565.633721548897;0.00599400599400599;269;269
764;1946.03;11.9;1963.38;NA;NA;-4806.4223701617;-5086.22242992024;5.11710257815631;5.12261415957828;324.930553430839;324.272212659926;11271.7731728242;11828.0121426691;559.600119517068;0.004995004995005;272;272
765;1896.42;12.74;1914.75;NA;NA;-4757.01665869768;-5024.61800068523;5.10345360356769;5.10751296189034;321.392016563113;320.77346227938;11150.7060940664;11682.7588212756;535.2026839751;0.011988011988012;265;265
766;1654.53;10.66;1669.78;NA;NA;-4654.86934144634;-4913.36007110978;5.08980750246484;5.09513864756985;309.199394486277;308.565005430811;10880.1824700318;11393.9418261834;516.981459326878;0.02997002997003;258;258
767;1686.27;11.05;1701.94;NA;NA;-4644.05216719559;-4924.94657023303;5.10009168400145;5.10585038252226;310.801284178069;310.112372620237;10869.0750494804;11427.3595296285;561.788806074888;0.004995004995005;262;262
768;1707.74;11.83;1724.34;NA;NA;-4669.1797592913;-4947.3480997957;5.10561914836555;5.1106857506485;308.711579804295;308.104521267707;10910.4578050053;11463.7030707658;556.33668100879;0.003996003996004;265;265
769;1754.78;11.66;1771.89;NA;NA;-4642.87434681204;-4936.78678449432;5.09961714883911;5.10545272620148;310.235305441244;309.491399868422;10864.4313373227;11448.4707285861;587.824875364557;0.002997002997003;263;263
770;1448.07999999999;9.88;1462.39;NA;NA;-4556.88509140088;-4805.97351962321;5.07689350113375;5.08321354640583;294.988445222559;294.227182651992;10608.5650241234;11102.8843350208;498.176856444665;0.024975024975025;252;252
771;1595.34;11.86;1611.72;NA;NA;-4619.80025226408;-4922.55159526802;5.08624256486573;5.09210697796694;309.682858986107;308.979049032545;10811.2948414812;11413.2255696419;605.502686007865;0.004995004995005;256;256
772;1678.05;11.73;1694.31;NA;NA;-4659.49320101437;-4990.15300992582;5.1137296525646;5.1198438914006;313.146603197942;312.408945242747;10916.0155346716;11573.5731406051;661.319617822883;0.000999000999000999;269;269
773;1684.7;11.47;1700.15;NA;NA;-4692.06308234709;-4970.22090457612;5.10461257424918;5.11088253293907;317.054840453651;316.332317741888;10998.1127406222;11550.7503401215;556.315644458062;0.012987012987013;264;264
774;1439.12;11.07;1453.8;NA;NA;-4592.84589088648;-4848.53808124541;5.08853388534091;5.09512357168862;300.881269811231;300.149738088201;10713.3030377526;11220.9733418352;511.384380717851;0.037962037962038;257;257
775;1315.41;10.27;1328.97;NA;NA;-4468.79467725604;-4756.44581551374;5.06642005101456;5.07215002498545;291.005311671418;290.370765100758;10408.694206883;10980.7886913008;575.302276515391;0.001998001998002;246;246
776;1746.11;23.9;1780.25;NA;NA;-4742.81849271017;-5030.54248434093;5.10851899005036;5.11491958475021;321.702999352961;320.960211522289;11125.102841871;11696.7654227912;575.44798326152;0.010989010989011;267;267
777;1729.66;36.89;1781.61;NA;NA;-4665.96413579819;-4971.9964960433;5.10491078628202;5.11060685817224;314.575842369173;313.823013422262;10933.8900219527;11542.1209986677;612.06472049022;0.00599400599400599;265;265
778;1594.83;22.67;1625.8;NA;NA;-4553.72579684295;-4857.2858318322;5.07836317302142;5.08244178952796;306.562228938373;305.933760936698;10661.5013197387;11265.4355095478;607.120069978504;0.004995004995005;253;253
779;1906.32;11.64;1923.02;NA;NA;-4800.45816796376;-5088.08407597876;5.11670790761081;5.12208554910962;326.313973453561;325.610369912696;11266.907800161;11838.5673780748;575.25181603001;0.010989010989011;272;272
780;1600.41;10.39;1616.29;NA;NA;-4559.12236580528;-4860.26460640062;5.08568463243568;5.09070016034972;303.507179325987;302.833360312823;10658.5964208613;11257.4611534402;602.284481190682;0.00599400599400599;256;256
781;1640.91;11.13;1655.86;NA;NA;-4602.57197938493;-4857.95634789133;5.08807892381444;5.09367697121878;306.063245434765;305.36167497218;10758.4681278059;11265.6762727774;510.768737012811;0.00699300699300699;256;256
782;1702.86;11.97;1719.69;NA;NA;-4640.69927412981;-4919.36133265097;5.09429119170831;5.09953276891591;309.71235628843;309.040597121452;10855.0467592047;11408.9576685082;557.324117042324;0.016983016983017;259;259
783;1674.58;11.1999999999999;1690.64;NA;NA;-4573.87039184335;-4880.17713916899;5.08838670643274;5.09416241840013;305.197741046513;304.500569804724;10697.2672956385;11306.3411660487;612.613494651279;0.004995004995005;257;257
784;1799.17;12.03;1816.14;NA;NA;-4617.46958853179;-4921.46835413631;5.09891701627284;5.10327613378625;309.696511691983;309.068464625727;10810.2901825948;11415.0929907767;607.997531209039;0.00699300699300699;262;262
785;1735.78;12.2;1753.31;NA;NA;-4629.97977848834;-4906.57485405387;5.09752794446855;5.10322966479234;306.241205343526;305.544594612714;10817.1487096098;11366.7967029427;553.190151131055;0.001998001998002;261;261
786;1644.8;11.96;1661.44;NA;NA;-4557.26841117881;-4828.84098235677;5.08053914293932;5.08656710951473;303.251535146811;302.533093922036;10651.2032162509;11190.7078016495;543.145142355917;0.013986013986014;252;252
787;1890.35999999999;11.71;1907.18;NA;NA;-4678.29182011266;-4981.87537726362;5.10572620860849;5.11139375827156;313.739153018893;313.050311645235;10954.2845918948;11557.9438159393;607.167114301903;0.003996003996004;265;265
788;1798.74;11.29;1815.50999999999;NA;NA;-4672.18162469486;-4922.56462095725;5.09339629224045;5.09860805899658;309.90376227605;309.284636367061;10918.9839939902;11416.6042083139;500.765992524777;0.041958041958042;259;259
789;2112.56;13.12;2131.36;NA;NA;-4806.48756545395;-5108.71960989958;5.12274276434573;5.1272399427604;329.63971208308;328.997367939814;11297.7540217449;11898.935108578;604.464088891249;0.012987012987013;275;275
790;1728.84;11.61;1745.61;NA;NA;-4681.37213747642;-4947.01295768059;5.10573731800607;5.11289480369862;308.551326373318;307.794897406636;10934.02647879;11461.4560425024;531.281640408344;0.016983016983017;265;265
791;1890.98;11.9200000000001;1907.79000000001;NA;NA;-4762.34676266893;-5034.5809984149;5.11007242877551;5.11639258430854;320.148755827616;319.390076420002;11156.8370408766;11697.437705129;544.468471491939;0.00799200799200799;268;268
792;1719.3;11.25;1734.74000000001;NA;NA;-4636.05465159335;-4910.14223708727;5.10481930651279;5.1092588780355;305.570955856317;304.90075733079;10828.2141191667;11372.9763376692;548.175170987839;0.000999000999000999;265;265
793;1757.84;12.14;1775.45000000001;NA;NA;-4683.73255732605;-4958.51250688565;5.1004728116275;5.10754925953211;311.884518894272;311.109020932681;10954.5400483589;11500.1537003853;549.559899119193;0.00799200799200799;263;263
794;1688.81;11.86;1705.67;NA;NA;-4560.95818565123;-4858.62789031464;5.08596503861934;5.09040384526734;305.151712724806;304.532016085672;10670.6143533971;11262.8086945677;595.339409326829;0.00599400599400599;256;256
795;1841.11;12;1857.48999999999;NA;NA;-4712.8496352739;-4977.4741942879;5.10471991662043;5.11000955548553;313.573561025117;312.906074652136;11022.5569532676;11548.4069303115;529.249118027987;0.004995004995005;265;265
796;1840.67999999999;11.34;1857.03;NA;NA;-4713.57936205729;-4977.44385474;5.10412937369155;5.1105381767224;316.286807313885;315.561478781932;11037.8334779138;11561.8687639924;527.728985365437;0.00799200799200799;265;265
797;1808.49000000001;12.38;1825.81;NA;NA;-4641.36748612433;-4950.67915547531;5.10207289563229;5.10599746716616;311.053018609372;310.450534608609;10865.578681962;11481.136183158;618.623338701964;0.00899100899100899;263;263
798;1723.72;11.79;1740.07999999999;NA;NA;-4634.2152356978;-4930.65759777997;5.09904380097348;5.10454015531099;310.591599144472;309.943383729576;10848.3345696001;11437.9219792416;592.884724164345;0.001998001998002;262;262
799;1661.5;12.0799999999999;1678.28;NA;NA;-4546.26640542206;-4855.83656492703;5.08915837188007;5.09409451561631;300.808896651858;300.101101400126;10619.7766193819;11235.3233747442;619.14031900995;0.00599400599400599;257;257
800;1692.86;12.2;1710.03999999999;NA;NA;-4667.8843391086;-4911.34291820616;5.09120444350122;5.0968580884638;308.710960647924;308.019613592014;10903.7316781991;11387.1374398389;486.917158195109;0.016983016983017;258;258
801;1806.75;10.33;1822.24000000001;NA;NA;-4745.11668268369;-5004.42306705943;5.11422485222723;5.12084805135726;314.640959148468;313.87505955262;11094.8836248664;11609.5903510335;518.612768751485;0.030969030969031;269;269
802;1692.40999999999;12.14;1709.5;NA;NA;-4577.57121444253;-4886.56181387809;5.08667663987109;5.09141797610661;307.273449815523;306.565581825936;10714.6085955054;11328.9972412911;617.981198871114;0.002997002997003;256;256
803;1539.14000000001;10.98;1554.40999999999;NA;NA;-4516.03483725438;-4824.43783276756;5.07616396746717;5.08117102593753;299.097760215584;298.41404939436;10547.0930176645;11160.4358003627;616.805991026358;0.011988011988012;251;251
804;1635.5;12.11;1651.95000000001;NA;NA;-4600.03096797976;-4905.50907912305;5.08677929411765;5.09179406328952;309.157391692267;308.489962301428;10769.0894350621;11376.6583371808;610.956222286588;0.00799200799200799;256;256
805;2003.41;12.1899999999999;2021.34000000001;NA;NA;-4819.89972637172;-5087.9730314853;5.12204919479096;5.12717698107074;327.663565192774;326.99067316815;11313.2824571029;11845.9923917683;536.146610227152;0.002997002997003;273;273
806;1785;11.8;1801.95000000001;NA;NA;-4642.17348193024;-4947.68250904512;5.09791463290311;5.10232258995463;312.645245865534;311.966885802676;10874.6974646071;11482.2648658047;611.018054229757;0.001998001998002;262;262
807;1770.64;11.83;1787.72;NA;NA;-4649.4358671078;-4949.82351311344;5.10043571660902;5.10492333597007;312.682140448397;312.029862274099;10890.0054945023;11487.4615632835;600.775292011289;0.010989010989011;263;263
808;1802.72;11.87;1819.59000000001;NA;NA;-4692.39754950821;-4971.45957867127;5.10141980501922;5.1061127068044;313.032824506775;312.428426314818;10978.3073628755;11533.3546961564;558.124058326117;0.026973026973027;264;264
809;1904.97;11.6099999999999;1922.36;NA;NA;-4710.08757815775;-4991.58009201979;5.09977604584412;5.10487286104026;316.895386442474;316.230534021041;11033.3500220891;11592.950578907;562.985027724088;0.004995004995005;264;264
810;1743.68000000001;11.7099999999999;1761;NA;NA;-4654.22586044598;-4916.99201464078;5.09796475030058;5.10371694145314;306.820639608698;306.197546909966;10869.1738629806;11391.5366500084;525.532308389591;0.00599400599400599;262;262
811;1513.43000000001;12.0300000000001;1530.07000000001;NA;NA;-4470.80530216769;-4774.73784308964;5.07335099555614;5.07878354504627;293.263346032383;292.565518252949;10426.4954651108;11030.8272247065;607.865081843907;0.00599400599400599;250;250
812;1594.95000000001;12.1;1612.23999999999;NA;NA;-4561.17833102086;-4830.97180528425;5.08453542450145;5.09041812631077;298.684248406509;297.920177514966;10637.6466285387;11173.357279732;539.586948526769;0.003996003996004;255;255
813;1749.39999999999;11.4200000000001;1766.31000000001;NA;NA;-4694.49285275808;-4968.17731398334;5.10477427548325;5.10967003917357;311.366401634885;310.674847502585;10974.6035393859;11518.4507569913;547.368922450534;0.012987012987013;265;265
814;1600;11.61;1616.8;NA;NA;-4621.5222173174;-4877.88312113941;5.08287845911908;5.08899595170228;302.582507860278;301.885629408258;10777.5166513222;11286.7044125648;512.721807644015;0.02997002997003;254;254
815;1935.33;13.23;1953.75;NA;NA;-4702.57130316538;-5027.03259485142;5.11781456890071;5.1239318241351;319.530962289084;318.701960923467;11036.5035011705;11681.1936295719;648.922583372092;0.003996003996004;272;272
816;1685.07000000001;11.64;1701.95000000001;NA;NA;-4662.37272107883;-4946.88138180261;5.10259274802203;5.10847499336772;311.128373276618;310.405184824546;10909.151128513;11474.4856489234;569.017321447562;0.00599400599400599;265;265
817;1810.29999999999;11.8200000000001;1827.67000000001;NA;NA;-4709.55012674143;-5018.02167010908;5.10723475999985;5.11299703803543;318.514741822764;317.821214379013;11042.3180818678;11655.7268075097;616.943086735306;0.00999000999000999;267;267
818;1677.56;11.0799999999999;1693.23000000001;NA;NA;-4679.37932554281;-4947.60320525638;5.09847755394185;5.1057293859162;310.269767797348;309.502858049387;10936.4324205643;11468.9805625666;536.447759427127;0.00799200799200799;261;261
819;1720.82000000001;11.4299999999999;1737.36;NA;NA;-4662.67018607558;-4955.75452698079;5.09904688515318;5.10449017586536;315.888407196939;315.188301208858;10932.7897405528;11515.3958195493;586.168681810428;0.002997002997003;263;263
820;1753.52;12.35;1770.92000000001;NA;NA;-4633.56856375644;-4955.95142537609;5.10086225358387;5.10603991458421;314.005869680398;313.333422988353;10865.0068985852;11506.3507678223;644.765723239312;0.002997002997003;263;263
821;1713.86;9.92999999999995;1728.95999999999;NA;NA;-4647.35962926492;-4955.09638622028;5.10004492139309;5.10502507524018;310.81688217747;310.173227312076;10876.3613497296;11488.5595215155;615.473513910711;0.00599400599400599;263;263
822;1609.89;10.39;1624.83;NA;NA;-4633.27533834887;-4886.00687641954;5.09782451717373;5.10256502690273;302.933501081134;302.309500097932;10806.9206648695;11309.2107925463;505.463076141345;0.045954045954046;261;261
823;2017.90000000001;12.97;2036.72;NA;NA;-4849.41721241103;-5135.49352401589;5.13295168957996;5.13944666418131;327.939939377456;327.189299049116;11377.880321064;11946.1896808845;572.15262320972;0.00999000999000999;280;280
824;1776.49000000001;12.35;1794.32999999999;NA;NA;-4729.53137975379;-4999.45483779597;5.1081617427306;5.1141071474756;315.346078031423;314.667840258356;11065.5407692555;11601.9325161029;539.846916084356;0.013986013986014;266;266
825;1848.14999999999;11.8700000000001;1865.72;NA;NA;-4744.78700567328;-5029.50962181853;5.11331991048599;5.11867666791428;318.831599822919;318.108204465918;11116.7771533038;11682.5304328568;569.445232290496;0.016983016983017;271;271
826;1683.82000000001;11.4400000000001;1700.28;NA;NA;-4611.81382900948;-4911.26039744449;5.09190125023742;5.09659216698381;311.907899857256;311.286082441606;10807.8281196799;11403.563005549;598.893136870036;0.004995004995005;258;258
827;1642.44999999998;12.03;1658.89000000001;NA;NA;-4640.06512013944;-4917.83372179016;5.09156185048027;5.09713767218534;309.082444328815;308.430394614011;10849.9800299799;11402.2054304713;555.537203301441;0.003996003996004;258;258
828;1871.04000000001;12.8400000000001;1889.35999999999;NA;NA;-4733.35368910315;-5042.13183020583;5.11921390843559;5.12424692492414;318.669603282496;317.983571369103;11094.2553321129;11708.3078291268;617.55628220536;0.003996003996004;273;273
829;1626.77000000002;11.46;1642.54000000001;NA;NA;-4592.04833792209;-4892.226924686;5.08624785289674;5.09051169583477;307.017855590584;306.462686276359;10742.8641334568;11340.4026440153;600.357173527826;0.004995004995005;257;257
830;1618.66;10.9200000000001;1634.28;NA;NA;-4606.6504192646;-4876.73586052277;5.08365749020038;5.08873351829253;303.546646704593;302.874735444806;10752.6624464775;11289.4258975216;540.170882516342;0.002997002997003;254;254
831;1734.39999999999;11.01;1750.34;NA;NA;-4679.22089177482;-4965.78987345418;5.10090702471824;5.10720658668131;312.299106930953;311.528465697016;10948.2190143267;11517.4339825195;573.137963358718;0.00599400599400599;264;264
832;1613.71000000002;10.9200000000001;1629.75;NA;NA;-4611.22692646377;-4865.99537706906;5.08730641739307;5.09246845162907;304.892315010312;304.221993786756;10770.4296792848;11276.563277103;509.536901210582;0.031968031968032;257;257
833;1856.30000000002;11.9400000000001;1874.29999999999;NA;NA;-4725.91745802364;-4998.86197959088;5.1115208988823;5.11768940166713;316.176043242341;315.451182112066;11064.3140135216;11606.506307816;545.889043134479;0.002997002997003;269;269
834;1737.25;11.6900000000001;1754.01000000001;NA;NA;-4692.06782453559;-4948.35308623042;5.0994563546899;5.10606883711765;311.346398260154;310.633068348634;10967.8792272213;11476.8212144442;512.570523389646;0.00599400599400599;262;262
835;1764;11.5500000000002;1781.25;NA;NA;-4640.7329527932;-4923.38112720982;5.0894602216433;5.09459794178255;309.800114485431;309.098936629351;10854.9607885792;11416.6958095852;565.296348833241;0.020979020979021;258;258
836;1608.66;11.28;1623.86000000002;NA;NA;-4601.2632921068;-4894.50587657022;5.09517168949082;5.10016412214702;304.386772200283;303.765331789009;10749.1155070729;11332.4431378145;586.485168926834;0.00699300699300699;259;259
837;1414.69;10.45;1428.72;NA;NA;-4687.53508460464;-4927.70840316264;5.10273093933042;5.1091001027947;308.456281324131;307.760796177749;10944.699960292;11421.5075084962;480.346637116001;0.0629370629370629;263;263
838;1503.85999999999;9.66000000000008;1517.34;NA;NA;-4622.52668260746;-4916.29397607842;5.09009753975629;5.094777664335;311.253313082537;310.629224937434;10825.9291381739;11410.2939409326;587.534586941922;0.002997002997003;258;258
839;1523.08000000002;10.28;1537.25;NA;NA;-4663.08142240016;-4935.57484472971;5.10615689923784;5.11279980548126;308.684586414591;307.957479470462;10897.5401433024;11438.8256066944;544.986844659112;0.015984015984016;264;264
840;1633;11.1100000000001;1648.13999999998;NA;NA;-4665.85415046541;-4953.474956832;5.11024889724671;5.11643883011778;309.958595342724;309.253625114279;10911.9015775417;11483.5491966514;575.241612733167;0.002997002997003;268;268
841;1587.28;10.4399999999998;1601.80000000002;NA;NA;-4627.25301123381;-4909.46716449252;5.09209680006809;5.09810684768383;309.032542569123;308.284840866578;10824.1023578933;11384.7330389485;564.428306517415;0.010989010989011;258;258
842;1418.85999999999;10.2;1432.57000000001;NA;NA;-4513.17013335681;-4819.40001165025;5.08323485382044;5.08870432665358;299.140620199427;298.469341877704;10543.3578029376;11152.4133378408;612.459756586873;0.00599400599400599;254;254
843;1751.78;9.77999999999997;1766.23999999999;NA;NA;-4792.86431605381;-5079.18287371163;5.11941839840141;5.12488085246645;326.106381003881;325.396067711665;11251.2585969729;11820.2679143014;572.637115315643;0.003996003996004;273;273
844;1525.35999999999;10.1099999999999;1539.37;NA;NA;-4616.64285481284;-4913.93528616732;5.09076361850434;5.09588517243228;310.985915539601;310.291129253739;10812.8033531139;11403.8593511954;594.584862708964;0.011988011988012;258;258
845;1471.78;10;1485.63;NA;NA;-4669.06224433845;-4911.15896488941;5.09025234402338;5.09644390423777;311.275585461197;310.548090154501;10919.1133844923;11399.6118297276;484.19344110193;0.0659340659340659;258;258
846;1461.19;10.25;1474.5;NA;NA;-4661.52515492011;-4918.88204666334;5.09608142620649;5.1010139235267;307.772554738259;307.138322811298;10888.0261372407;11399.5149494963;514.713783486453;0.00799200799200799;261;261
847;1582.85999999999;10.8099999999999;1597.53;NA;NA;-4675.73027976734;-4997.02057392352;5.10153464379068;5.10658955659877;318.176843054826;317.510615073147;10970.5550047754;11609.7453840014;642.58058831237;0.00599400599400599;263;263
848;1519.33000000002;9.53999999999996;1532.75;NA;NA;-4686.19310633431;-4965.43024143415;5.10591891180112;5.11200706693517;312.401380247703;311.663138879782;10963.8629505934;11518.5763732479;558.474270199678;0.00799200799200799;266;266
849;1457.91;9.75;1471.19;NA;NA;-4680.69470041448;-4936.6583954673;5.09976124778606;5.10647921891453;309.358128749438;308.651456379319;10935.0191344418;11443.3518536784;511.927390105655;0.000999000999000999;262;262
850;1382.23000000001;10.1900000000001;1396.47;NA;NA;-4587.73732570857;-4858.64757794919;5.08480727903998;5.09094224165191;300.305190525546;299.640819483845;10698.9880088105;11237.438014918;541.820504481237;0.00699300699300699;255;255
851;1506.81999999998;10.25;1520.66999999998;NA;NA;-4680.62973655929;-4941.37493200313;5.10248529047389;5.10894970330645;310.797542139882;310.072401269972;10943.3928987665;11461.1919168052;521.490390887675;0.00799200799200799;264;264
852;1462.19;9.5;1475.38;NA;NA;-4593.81615154508;-4904.6176051504;5.09604320517258;5.10148722533;304.036349118121;303.330228832518;10732.440726576;11350.4558372342;621.602907210636;0.001998001998002;259;259
853;1311.36000000002;9.50999999999999;1323.88999999998;NA;NA;-4499.18513989076;-4782.04220418379;5.07027819802934;5.07554030118617;296.260745274946;295.588409468249;10497.2421101705;11059.5546905687;565.714128586063;0.004995004995005;248;248
854;1742.35999999999;10.4100000000001;1756.33000000002;NA;NA;-4833.57035013283;-5102.16467598382;5.12650272020402;5.13282061609751;327.682170038381;326.929581078665;11342.5093563179;11875.8501820797;537.188651701972;0.002997002997003;276;276
855;1375.35000000001;9.81999999999994;1389.27000000002;NA;NA;-4560.24268636979;-4851.46014535665;5.08529287578595;5.09187045950314;301.834187064229;301.101320004345;10651.7556611604;11230.4725856057;582.434917973718;0.00599400599400599;255;255
856;1705.89000000001;11.1900000000001;1721.53;NA;NA;-4854.99831680708;-5094.20300269691;5.12542398483489;5.13060162774672;325.641398560693;324.992163025873;11374.3402614215;11849.431409443;478.409371779664;0.0979020979020979;275;275
857;1531.73000000001;10.1599999999999;1544.91;NA;NA;-4652.6143854791;-4948.40873768061;5.10706255394809;5.1111801201468;310.350432044522;309.759149505987;10885.6728304814;11474.2504581176;591.588704403011;0.003996003996004;265;265
858;1490.5;10.1800000000001;1504.69999999998;NA;NA;-4649.35715595144;-4936.91824145353;5.09822740060203;5.10478765092967;309.665752032912;308.930417732127;10873.9088505124;11445.2905543611;575.122171004168;0.00599400599400599;262;262
859;1551.81;10.4400000000001;1566.32000000001;NA;NA;-4648.65289736669;-4934.99330583536;5.10034025210652;5.10513422303628;312.277002590643;311.580890151173;10885.7831312967;11454.9229931698;572.680816937338;0.004995004995005;262;262
860;1477.88;10.75;1492.34;NA;NA;-4678.41141651319;-4926.75183200444;5.09732736236641;5.1026626028522;309.04964986603;308.34767159604;10928.2924915807;11421.4038716586;496.680830982494;0.02997002997003;261;261
861;1800.31;11.1100000000001;1815.92999999999;NA;NA;-4820.96346103241;-5130.22738364179;5.13121653325335;5.13735480512843;327.99259052531;327.232121807029;11321.2423911252;11935.8766517959;618.527845218774;0.00699300699300699;280;280
862;1566.89000000001;10.8099999999999;1581.53;NA;NA;-4703.59521437732;-4965.32471919959;5.10703888958092;5.11376146866906;311.810376961317;311.025309112377;10995.6563989883;11515.1160113885;523.459009644552;0.011988011988012;266;266
863;1510.42999999999;10.1400000000001;1524.35999999999;NA;NA;-4643.38077437058;-4913.3927510215;5.09443021808106;5.1000174722954;309.85186524826;309.091536140603;10861.7156224092;11397.8748791907;540.023953301832;0.004995004995005;260;260
864;1574.03;9.97000000000003;1587.97999999998;NA;NA;-4664.78301165669;-4927.60266592616;5.09760661005953;5.10227050591617;312.518083315514;311.84153077406;10919.2696790247;11441.4675289542;525.63930853893;0.00899100899100899;262;262
865;1361.47;10.3799999999999;1375.19999999998;NA;NA;-4585.30992031149;-4848.37470384037;5.08347452947394;5.08919130195004;299.758517508624;299.083734794444;10690.7708899519;11213.478463668;526.129567057747;0.00999000999000999;254;254
866;1711.82999999999;10.5899999999999;1726.78;NA;NA;-4789.70157644843;-5067.48368358759;5.11742448161877;5.12173582157847;326.695412137425;326.063083108793;11247.3420470387;11799.6779142342;555.56421427832;0.002997002997003;272;272
867;1144.23999999999;9.71000000000004;1157.01999999999;NA;NA;-4396.50474950982;-4672.80102104586;5.05019942790227;5.05407380066117;282.302814738432;281.721325458901;10216.046289708;10765.7076518107;552.592543072093;0.00699300699300699;239;239
868;1460.05000000002;10.78;1474.75;NA;NA;-4604.84395714708;-4872.49306395507;5.0885552763645;5.09355090601005;305.224027661407;304.551524706001;10759.3478866266;11291.231719929;535.298213615966;0.013986013986014;257;257
869;1442.52000000002;10.5599999999999;1456.03;NA;NA;-4625.60356785002;-4893.988616633;5.08235786778897;5.08683930763131;306.750029633649;306.074190843993;10807.4165595526;11340.7579803724;536.77009756597;0.016983016983017;255;255
870;1617.32000000001;10.0699999999999;1631.32999999999;NA;NA;-4737.34272204238;-5024.88602889789;5.11668646818406;5.12392848921765;316.66077383757;315.905197453307;11090.2241363619;11661.4559534433;575.086613711024;0.00699300699300699;270;270
871;1357.82999999999;10.3600000000001;1371.19;NA;NA;-4528.41567704558;-4831.19349903432;5.08240871182181;5.08712128211681;298.853804004903;298.246662820845;10572.39437305;11174.871050946;605.555643977495;0.00599400599400599;254;254
872;1532.92000000001;9.87000000000012;1547.09;NA;NA;-4633.66722509221;-4926.26651660605;5.09752232986071;5.1017991187165;307.919527933601;307.282460795606;10833.646370531;11415.6043476153;585.19858302767;0.001998001998002;262;262
873;1307.43000000002;9.53999999999996;1320.03;NA;NA;-4531.4203139246;-4839.57277851385;5.0843524284574;5.09073471875983;297.80020253106;297.108106169591;10573.6456379009;11186.4394121458;616.304929178492;0.001998001998002;255;255
874;1301.5;9.43999999999983;1313.86000000002;NA;NA;-4625.16791530429;-4894.14471354594;5.09167197259656;5.09925363119639;303.538349020421;302.79622646029;10792.0268005071;11326.2111083546;537.953596483301;0.004995004995005;258;258
875;1274.50999999998;8.72000000000003;1285.48000000001;NA;NA;-4621.48310629517;-4939.26396576942;5.10428072048962;5.10933730819378;306.689763935818;305.990814418481;10804.7685027815;11436.7708562563;635.561718948509;0.00599400599400599;265;265
876;1890.42;11.31;1907.29;NA;NA;-4682.91551117523;-4955.08942493664;5.10032600535812;5.10760562257402;313.441107853636;312.64487860769;10960.8269113142;11501.1229972431;544.347827522828;0.00699300699300699;263;263
877;1940.94;11.77;1958.06;NA;NA;-4696.34699750907;-4996.76073716896;5.10426763775533;5.11051144566597;316.879040533163;316.132645099838;11005.7856509654;11602.8135598134;600.827479319787;0.00799200799200799;264;264
878;1866.47;12.75;1883.82;NA;NA;-4728.0068162988;-4985.01091433908;5.10697809935523;5.11227237612084;312.025097945531;311.35134372397;11044.9858444985;11555.5629808894;514.008196080566;0.04995004995005;265;265
879;1677.28;12.69;1694.39;NA;NA;-4570.14630999671;-4850.16775123913;5.08538599684472;5.09157537090227;302.231585167858;301.534661208138;10673.5789951759;11230.0862312743;560.042882484837;0.000999000999000999;255;255
880;1685.47;11.32;1701.82;NA;NA;-4584.59889425761;-4875.03175180446;5.08973692858564;5.09608859226812;303.195579993226;302.451649259328;10709.1478122839;11286.2350549099;580.865715093692;0.011988011988012;258;258
881;1618.42;10.94;1634.3;NA;NA;-4551.52040926316;-4831.00534501159;5.0802179661803;5.08597693081211;300.185772333824;299.462253103169;10624.7665016799;11180.0686517288;558.969871496845;0.00699300699300699;253;253
882;1526.05;11.4;1541.33;NA;NA;-4501.09818763738;-4772.4621010319;5.06927255112865;5.07446083034691;295.347510167329;294.671208951807;10495.851213323;11035.1587960003;542.727826789047;0.00799200799200799;247;247
883;1880.99;11.67;1897.52;NA;NA;-4763.45636706246;-5008.11279332539;5.11025215510556;5.11623774929125;318.716497700446;318.004585584128;11151.1587527147;11636.8435520056;489.312852525845;0.0729270729270729;267;267
884;1708.76;12.64;1726.61;NA;NA;-4651.78379239164;-4922.76623925811;5.09273969434542;5.09794839572997;307.908602076388;307.257222963874;10868.0509221574;11406.7061591903;541.964893732926;0.004995004995005;259;259
885;1763.18;12.11;1780.17;NA;NA;-4693.6040802786;-4945.54782235907;5.10224225923594;5.10877505433587;311.567913818289;310.840205503045;10972.6719980103;11472.856420441;503.887484160939;0.033966033966034;263;263
886;1779.28;12.64;1797.17;NA;NA;-4606.57015214812;-4902.10239105141;5.09437553643508;5.09940864732352;308.128643087557;307.445923304981;10779.3353673975;11366.929631133;591.064477806573;0.00699300699300699;260;260
887;1678.2;12.11;1694.98;NA;NA;-4580.98413048704;-4878.4059150434;5.08094057223685;5.08821770377631;303.518802545306;302.731523158544;10700.590006976;11291.442636567;594.843569112709;0.00999000999000999;253;253
888;1786.71;11.94;1804.02;NA;NA;-4669.38022040091;-4915.24195123858;5.09514037392893;5.10138282921184;308.225214430688;307.458134077755;10905.4463688851;11393.2708179606;491.723461675352;0.041958041958042;260;260
889;2124.52;11.54;2142.35;NA;NA;-4798.75671237965;-5085.43646996443;5.11738755141909;5.12392811929171;327.087856183892;326.340470812556;11267.4559365357;11836.999686061;573.359515169574;0.004995004995005;272;272
890;1535.64;11.3200000000001;1551;NA;NA;-4482.11885380058;-4762.7651193435;5.06657568167447;5.07196412405256;295.30393776096;294.598198224863;10457.0731932122;11014.7980339006;561.292531085839;0.00799200799200799;246;246
891;1712.37;12;1729.09;NA;NA;-4558.85971707711;-4838.44078931206;5.08320894264335;5.08830779272313;302.804666305602;302.130788369618;10653.3182723521;11209.0630118387;559.162144469892;0.001998001998002;254;254
892;1651.94;12.09;1668.94;NA;NA;-4493.39812415954;-4815.18487892061;5.0812998068684;5.08786675916139;299.399157977167;298.628209846265;10504.5343631746;11144.1997208811;643.573509522146;0.000999000999000999;253;253
893;1604.43;11.47;1620.04;NA;NA;-4524.57786153199;-4816.37012996618;5.07418842021533;5.07923563092813;299.876047264513;299.241855173093;10567.5227768282;11147.8961990172;583.584536868379;0.001998001998002;250;250
894;1842.73;12.63;1860.37;NA;NA;-4632.11127731516;-4950.99973592094;5.09257184913367;5.09799343940653;312.146962459084;311.39161155798;10850.8424373737;11484.7799619201;637.776917211566;0.003996003996004;260;260
895;1695.41;13.29;1713.8;NA;NA;-4552.7168419464;-4830.79958112249;5.07403705559557;5.07897556159223;305.026912848771;304.352761593397;10649.8811954757;11202.6332332922;556.165478352188;0.003996003996004;250;250
896;1827.68;34.49;1875.75;NA;NA;-4726.28562904067;-4980.32783977983;5.1117797380135;5.11810636819175;310.568654180225;309.888927466433;11035.8746625862;11540.4937838624;508.084421478332;0.015984015984016;268;268
897;2056.14;43.71;2118.82999999999;NA;NA;-4760.68646978399;-5073.46461583148;5.11537948787087;5.12164670692245;324.501036570092;323.769238213295;11176.9110534613;11798.7338595737;625.556292094981;0.00899100899100899;270;270
898;1786.06;12.38;1803.4;NA;NA;-4706.72592871313;-4954.97079710937;5.10087236954459;5.1062857171546;312.303655223338;311.669142381416;11002.6596342894;11495.9205496254;496.489736792471;0.051948051948052;263;263
899;1901.5;12.53;1919.31;NA;NA;-4676.65351322425;-4996.54787828178;5.10636559769759;5.11224494880064;315.877495571151;315.103323594613;10962.4922542373;11598.3370943131;639.788730115051;0.000999000999000999;266;266
900;1817.64000000001;12.31;1835.17;NA;NA;-4676.2058035712;-4943.80605594083;5.09087092001546;5.09744754174137;312.666999296598;311.902063576355;10940.4675841103;11471.7829306932;535.200504739265;0.010989010989011;258;258
901;1801.97;12.17;1818.83;NA;NA;-4691.1102175197;-4975.90234104951;5.09512209337936;5.10090541925791;315.523258716783;314.770086904347;10986.6073931108;11552.3618780224;569.584247059633;0.003996003996004;261;261
902;1831.83;12.1;1849.64000000001;NA;NA;-4728.97856191239;-4991.46455256201;5.10984475309429;5.11634509309087;313.507790157356;312.763433101298;11056.2444745079;11577.4216650413;524.971981299246;0.011988011988012;268;268
903;1735.9;11.58;1753.19;NA;NA;-4662.882363876;-4934.63674642611;5.09587352370302;5.10266816126937;308.008033296094;307.258685518901;10891.3467402194;11431.0466260884;543.508765100212;0.00999000999000999;260;260
904;1823.23;12.84;1840.89;NA;NA;-4672.16440928124;-4956.29771547645;5.10583051328966;5.11095433040151;311.298899651375;310.62266560793;10930.1891529308;11495.0108037507;568.266612390424;0.010989010989011;266;266
905;1877.48;13.08;1895.85;NA;NA;-4667.33100540242;-4959.61100411419;5.09897796853993;5.10471785997765;315.129993705574;314.437131668792;10937.6518208769;11518.6873972459;584.559997423548;0.003996003996004;262;262
906;1944;11.67;1961.34;NA;NA;-4732.9318710233;-4994.77840999982;5.10710664716938;5.11255583538525;317.865745400053;317.140291206471;11085.7741487471;11605.7701602035;523.693077953034;0.00999000999000999;267;267
907;1762.51000000001;10.9399999999999;1778.81;NA;NA;-4637.67555903781;-4906.27089898125;5.09556569922177;5.10090542873547;306.881633318462;306.153672422881;10835.2077229134;11368.6982315037;537.190679886879;0.00999000999000999;260;260
908;1852.75999999999;12.35;1870.59;NA;NA;-4747.34315547181;-4988.64746326189;5.11344343249219;5.119300230961;312.617808519048;311.914698153735;11089.5986186375;11568.6201085174;482.608615580157;0.0669330669330669;270;270
909;1980.26999999999;12.3200000000001;1997.61;NA;NA;-4739.72621735804;-5053.57390396171;5.11753615156625;5.12249666067697;321.739258103886;321.037079376316;11122.0877532007;11746.1981626564;627.695373207345;0.00599400599400599;272;272
910;1786.78999999999;11.3;1803.38;NA;NA;-4669.6551902452;-4947.19923677014;5.09654583237214;5.10227017320103;312.691956978745;311.965551240936;10929.3006072357;11480.6950394863;555.088093049884;0.00999000999000999;261;261
911;1658.27;11.27;1674.34;NA;NA;-4590.13614312079;-4862.87717952678;5.09507736621296;5.10176543006417;304.055545508053;303.307832050902;10725.1782465678;11266.8611879592;545.482072811972;0.000999000999000999;259;259
912;1730.88;12.02;1747.36;NA;NA;-4654.30935658089;-4938.04341080243;5.09565660670431;5.10079990987203;310.657014539985;310.003361963251;10887.6653010249;11451.8109418505;567.468108443085;0.011988011988012;260;260
913;1713.58;12.26;1730.47;NA;NA;-4637.82270227221;-4918.4077288395;5.10200865247842;5.10734683574407;307.955448862799;307.302912256096;10843.31098485;11401.1592614679;561.170053134581;0.003996003996004;264;264
914;1773.91;12.16;1791;NA;NA;-4719.35663570348;-4974.1068280483;5.10371708036692;5.10924124581869;311.651602602982;310.970503251566;11025.7834769484;11531.8153972419;509.500384689643;0.010989010989011;265;265
915;1562.68999999999;11.3000000000001;1578.61;NA;NA;-4549.29222956951;-4824.84672947145;5.07774332179024;5.08297337073199;301.65909608988;301.024086498026;10626.5817665145;11174.4742448904;551.108999803866;0.003996003996004;251;251
916;1725.92;11.86;1742.8;NA;NA;-4617.66659440167;-4928.99988518963;5.09839102941987;5.10574270372827;308.353056515118;307.568542237588;10803.8503638461;11422.5263116587;622.666581575926;0.00899100899100899;262;262
917;1763.45;11.5;1779.83;NA;NA;-4682.56963976732;-4932.40856184991;5.09623762465421;5.10152094292263;312.193298638203;311.483790577814;10952.5939057624;11448.6640112038;499.677844165164;0.0849150849150849;261;261
918;1678.64999999999;12.39;1696.17;NA;NA;-4574.89961789153;-4888.2649269682;5.09085316693417;5.0968183239127;305.365841977695;304.661675186571;10700.7721609893;11323.9262703204;626.730618153342;0.004995004995005;258;258
919;1675.89;11.8900000000001;1692.62999999999;NA;NA;-4596.20897312575;-4895.19652038735;5.08688092643818;5.09238870185728;309.011526689044;308.288318663477;10760.7051551092;11355.009843198;597.975094523192;0.00599400599400599;256;256
920;1544.06999999999;10.6900000000001;1559.17;NA;NA;-4586.57824613749;-4864.25987637267;5.09269493203741;5.09815941473905;300.349383159924;299.683354786706;10699.2314449576;11251.2106158472;555.36326047036;0.00699300699300699;259;259
921;1766.59000000001;12.46;1783.87000000001;NA;NA;-4712.68823727207;-5015.33695851001;5.11074140538299;5.11626035501034;319.230868579766;318.589863338784;11052.8405287628;11654.8700761479;605.29744247587;0.003996003996004;268;268
922;1522.17;11.4399999999999;1537.8;NA;NA;-4627.78952403622;-4884.08846183713;5.09515389530939;5.10224482211287;302.293118416442;301.544808377245;10792.1125716332;11300.9068427492;512.597875601838;0.012987012987013;260;260
923;1638.45;11.41;1654.42;NA;NA;-4704.36006024216;-4966.33090295988;5.09777645892211;5.10333065747934;313.651305400427;312.91559832737;11004.1882019594;11524.3875240373;523.941685435444;0.001998001998002;262;262
924;1720.60000000001;12;1737.11;NA;NA;-4800.53846349888;-5051.13434792935;5.1142265019434;5.11926154248971;321.415190758691;320.754735121239;11240.8716848501;11738.6939437338;501.191768860945;0.030969030969031;270;270
925;1361.93000000001;10.63;1376.19;NA;NA;-4520.56570664101;-4793.77443165136;5.07370890681563;5.08001566791523;295.818219112733;295.143866372623;10538.3595797823;11081.3639204967;546.417450020692;0.011988011988012;249;249
926;1708.75;11.3900000000001;1724.2;NA;NA;-4769.20232881736;-5066.91472130189;5.12575025098411;5.13076119205752;320.940196874748;320.299190722877;11179.3030508802;11771.450508874;595.424784969073;0.001998001998002;276;276
927;1404.42000000001;10.4399999999999;1418.85000000001;NA;NA;-4557.75140856941;-4824.14761930019;5.08230686921984;5.08950495541062;300.469864382621;299.691990857114;10638.0736517791;11166.9243550075;532.792421461578;0.004995004995005;252;252
928;1543.61;10.3000000000001;1558.22;NA;NA;-4614.94220724924;-4909.98249726399;5.09049191515696;5.09661847900976;309.115245761376;308.424082429182;10799.3005802713;11385.8720389565;590.080580029498;0.000999000999000999;257;257
929;1446.08;11.05;1461.19;NA;NA;-4589.56830616407;-4870.07147701665;5.08863421829158;5.09288951310731;300.253886043483;299.66275276383;10703.5625636658;11261.5676489207;561.006341705162;0.00799200799200799;257;257
930;1548.06000000001;11.09;1562.82000000001;NA;NA;-4630.19491532008;-4912.40374591883;5.09831731437512;5.10340390975425;306.069568739923;305.364171642449;10817.8744478304;11378.7025815461;564.417661197491;0.000999000999000999;263;263
931;1520.20999999999;10.75;1535.34;NA;NA;-4592.15937865363;-4866.73391011912;5.08327368443987;5.08956432731954;304.122591046461;303.367494552939;10726.0012761841;11271.3225436852;549.149062930988;0.000999000999000999;253;253
932;1658.39;11.13;1673.75999999999;NA;NA;-4764.92380598372;-4999.30967558332;5.10640649747151;5.11203246993312;317.756876762874;317.069858615642;11148.008620941;11613.2817545722;468.771739199197;0.206793206793207;265;265
933;1590.77;10.47;1605.71000000001;NA;NA;-4654.40483449065;-4931.08419429216;5.09059211369583;5.09607119063467;309.20571481934;308.497719118627;10879.8836350659;11429.6450291339;553.358719603024;0.00599400599400599;259;259
934;1552.41;11.38;1567.84;NA;NA;-4609.15414242081;-4913.77082541563;5.08853986055672;5.09415529652083;310.418241577107;309.736073209218;10794.3399208159;11400.1098340026;609.233365989641;0.001998001998002;257;257
935;1656.10000000001;12.34;1672.49000000001;NA;NA;-4712.72850818803;-4961.71211366674;5.103073459422;5.10835911224967;316.257670723545;315.557001780988;11034.7854420938;11529.1871855522;497.967210957433;0.104895104895105;263;263
936;1673.82000000001;11.39;1689.53;NA;NA;-4704.48081236168;-4981.0403681636;5.10542699370051;5.11012746798455;314.956766751716;314.298310970628;11012.8632134538;11562.6291719113;553.119111603852;0.015984015984016;265;265
937;1513.11;10.6799999999999;1528.52;NA;NA;-4541.37336799917;-4845.10058969517;5.07770170631519;5.08379235026014;300.70260390962;299.919213608699;10606.4969315593;11209.981701564;607.454443391995;0.00699300699300699;252;252
938;1659.87000000001;12.35;1676.73999999999;NA;NA;-4654.00265385781;-4945.94581306387;5.0978591286985;5.10365720869426;309.191609894901;308.502125963186;10880.7880003221;11461.1670812804;583.886318412113;0.011988011988012;262;262
939;1548.41;12.24;1565.31;NA;NA;-4612.41154399948;-4882.58441614751;5.09593753963718;5.10261233567909;302.042261124247;301.247023091035;10760.0815225299;11296.3851308235;540.34574429605;0.017982017982018;260;260
940;1872.56999999999;12.39;1890.88;NA;NA;-4807.88594990246;-5059.71324987623;5.10990063970184;5.11542076067457;327.007776552355;326.364987307531;11283.4921957354;11783.8686085985;503.654599947535;0.031968031968032;269;269
941;1692.95;11.48;1708.97;NA;NA;-4676.80980422534;-4912.53812904034;5.09502652011666;5.10134724505699;309.506296452013;308.774238980195;10926.8171815311;11394.552837271;471.45664962999;0.104895104895105;260;260
942;1574.38;11.17;1589.28;NA;NA;-4555.66327124678;-4832.32182656146;5.08022675384607;5.08558786301345;300.152118169625;299.489780455652;10632.2872618642;11182.2481088361;553.317110629367;0.00599400599400599;252;252
943;1634.45;12.2499999999999;1651.33;NA;NA;-4570.59297002388;-4887.02507474564;5.08544379395546;5.08990109872487;304.655633085045;304.048317723966;10687.3662317445;11317.1482101699;632.864209443524;0.00599400599400599;256;256
944;1838.00999999999;12.8099999999999;1855.71000000001;NA;NA;-4684.47903073412;-4972.07595924955;5.11149643077799;5.11655378993312;313.161568378446;312.493281587819;10965.4803463152;11537.2672247713;575.193857030868;0.00799200799200799;268;268
945;1447.14999999999;10.8599999999999;1462.08;NA;NA;-4451.49095866502;-4750.17525319802;5.06477869041568;5.06953730699716;291.803108195418;291.176553381219;10378.1198312658;10972.3210285679;597.368589066002;0.003996003996004;246;246
946;1858.31999999999;12.5700000000002;1876.03000000001;NA;NA;-4734.3952589398;-5026.36141578049;5.11179453951948;5.11750426863364;319.061549264028;318.352925169093;11095.985525193;11676.3038979529;583.932313681362;0.00599400599400599;269;269
947;1908.29000000001;12.8299999999999;1926.63999999998;NA;NA;-4745.77209180144;-5026.51501841629;5.11681299249155;5.12304157813724;318.856121798612;318.089611285155;11118.8724770066;11676.4463330675;561.485853229711;0.004995004995005;271;271
948;1581.92999999999;12.1499999999999;1599.22;NA;NA;-4542.90285042964;-4823.6071568062;5.07595272670077;5.08191611613422;299.991679919185;299.269320110989;10605.3570258257;11163.10666109;561.408612753132;0.018981018981019;251;251
949;1862.19;11.96;1879.61000000002;NA;NA;-4674.55007468707;-4943.60847272541;5.09941228795782;5.10384498575599;311.74279437356;311.063029246868;10934.8600983656;11469.5190941913;538.116796076671;0.00899100899100899;262;262
950;1736.31;12.1500000000001;1753.57999999999;NA;NA;-4590.11340155416;-4869.10484156503;5.08335390487291;5.0882753979399;304.319462880326;303.646917899245;10723.5075568085;11278.0797915975;557.98288002174;0.000999000999000999;254;254
951;1816.17999999999;11.72;1833.41999999998;NA;NA;-4694.11268236674;-4980.84395986627;5.10122373674471;5.10684604517711;314.326713316884;313.618728686466;10988.3242467539;11558.1827637643;573.462554999049;0.003996003996004;264;264
952;1548.73000000001;12.4200000000001;1565.81;NA;NA;-4554.89433598762;-4824.13905528538;5.08063229412742;5.08787547303163;298.645910134346;297.876980060796;10623.1169839158;11157.710023429;538.489438595525;0.00999000999000999;252;252
953;1806.87;12.5699999999999;1824.31999999998;NA;NA;-4693.68407684302;-4978.09487983152;5.09868941014819;5.10512895616568;317.082111919444;316.317802609737;11000.8918820785;11565.8241762316;568.821605976998;0.000999000999000999;263;263
954;1492.60999999999;12.4400000000001;1509.72;NA;NA;-4506.43263649733;-4787.91096153015;5.06927915870792;5.07376170901312;295.235979992801;294.642617586946;10506.5525089388;11066.5071609013;562.95665006564;0.00899100899100899;248;248
955;1510.63999999998;11.5799999999999;1526.25;NA;NA;-4557.19218083929;-4809.8509346849;5.07670391222336;5.08246687029711;296.500203378916;295.799821749382;10616.2502701552;11118.0201266801;505.317507691216;0.032967032967033;251;251
956;1663.49000000002;12.47;1680.72;NA;NA;-4571.16691176267;-4869.87271479407;5.0841503049001;5.0884747441052;305.450525497587;304.785566599955;10691.9505810779;11285.9887064463;597.411606062797;0.00599400599400599;255;255
957;1539.45999999999;11.78;1555.85000000001;NA;NA;-4496.39455525017;-4791.39136937241;5.07288703120012;5.07864728865528;295.530366824992;294.801778927476;10489.1526129115;11075.4571707235;589.993628244481;0.002997002997003;250;250
958;1533.03;11.75;1548.97;NA;NA;-4485.24035624831;-4801.27660931555;5.07227367533453;5.07657591459531;295.305265219005;294.722450497539;10465.1126595345;11094.2353587928;632.072506134486;0.003996003996004;249;249
959;1722.10000000001;12.4100000000001;1739.16;NA;NA;-4625.91860353804;-4930.38791272547;5.10438359363164;5.10943018139349;307.452244231732;306.760779100362;10816.9411941938;11422.3598680752;608.93861837485;0.000999000999000999;264;264
960;1685.51999999999;11.25;1701.82999999999;NA;NA;-4599.63804474422;-4903.8743421679;5.09341221017717;5.0989491600508;305.445819039591;304.758449528262;10751.2460284104;11356.2260993729;608.472594847353;0.00599400599400599;259;259
961;1649.79000000001;11.4100000000001;1665.57000000001;NA;NA;-4588.57120342266;-4881.21257250478;5.09323363120039;5.09818465348271;302.323788749176;301.639444039145;10713.8318254349;11295.6360901422;585.282738164246;0.003996003996004;260;260
962;1525.53;11.23;1540.91999999998;NA;NA;-4444.6764090432;-4773.93913483637;5.07336920571209;5.07854335981017;296.67492045646;296.016989323291;10390.9170169851;11046.1124741338;658.525451586338;0.001998001998002;249;249
963;1619.37;11.0699999999999;1634.59;NA;NA;-4667.23855979897;-4962.91235363272;5.10344607893887;5.10900454936794;311.775651432151;311.103677409376;10921.5896689371;11509.5165327621;591.347587667518;0.00999000999000999;264;264
964;1405.39000000001;10.5999999999999;1420.10999999999;NA;NA;-4587.58693248528;-4840.22082887431;5.07748950502003;5.08387539928189;300.450915275856;299.742895586877;10697.0513600991;11198.73281256;505.267792778062;0.0729270729270729;251;251
965;1631.03;11.53;1646.53999999998;NA;NA;-4700.36535890959;-4987.17098912933;5.10908148765223;5.1143878223793;314.142552947617;313.486919621465;11001.666956063;11571.9369717682;573.611260439484;0.00999000999000999;267;267
966;1413.14000000001;10.3000000000002;1427.02000000002;NA;NA;-4586.21637099703;-4848.49406737573;5.0819109017812;5.0868384945364;301.073337467422;300.426554365239;10698.6577411837;11219.934409402;524.555392757396;0.011988011988012;253;253
967;1648.10999999999;10.6900000000001;1662.39000000001;NA;NA;-4684.98433263897;-4980.3699663728;5.10409706517885;5.10938381327804;317.648242456853;316.944802965021;10987.5764594792;11574.7654965024;590.771267467648;0.00999000999000999;265;265
968;1790.47;11.9100000000001;1806.87;NA;NA;-4827.99745440183;-5109.78325055329;5.11746372808043;5.12266332632985;327.913937570935;327.187034900327;11330.7566452656;11890.6157123008;563.571592302913;0.00799200799200799;273;273
969;1744.5;11.4199999999998;1760.02000000002;NA;NA;-4789.50275496162;-5073.86013336623;5.1254049543749;5.13045101772993;324.23118384455;323.545325830386;11236.1415717177;11801.350928352;568.714756809213;0.011988011988012;275;275
970;1600.28;10.3500000000001;1614.48000000001;NA;NA;-4649.4298174534;-4964.75566175972;5.1051163791269;5.10994336304242;313.406584435735;312.755134879701;10894.866997693;11522.2012120101;630.651688612645;0.003996003996004;265;265
971;1663.64000000001;11;1678.79000000001;NA;NA;-4745.41636116024;-5006.83178454574;5.11032272551503;5.11523498981;318.696248453337;318.076089444933;11115.5712411224;11635.2404685344;522.830846770999;0.014985014985015;268;268
972;1465.85999999999;9.93000000000006;1479.25999999998;NA;NA;-4592.09532137541;-4869.857772072;5.09731805756421;5.10353303194749;302.517353405;301.825616248879;10721.8639361445;11273.872788825;555.524901393183;0.018981018981019;260;260
973;1511.33000000002;10.02;1525;NA;NA;-4576.54968827529;-4890.50694939395;5.08922767828188;5.09397028698898;306.535152151383;305.864895994668;10709.4160893645;11333.9276385619;627.914522237324;0.00899100899100899;257;257
974;1527.01999999999;10.55;1541.25999999998;NA;NA;-4657.34775162659;-4940.88925841744;5.10604137756089;5.11218960729259;308.754295299692;308.016824160703;10887.0113162007;11450.3387948762;567.083013581705;0.004995004995005;265;265
975;1749.60999999999;12.01;1765.66;NA;NA;-4821.18495931969;-5067.95455154338;5.12494728686696;5.13174638999014;322.346069260861;321.622964425363;11290.4562358718;11780.2983403826;493.539184447385;0.0889110889110889;276;276
976;1589.88999999998;11.0899999999999;1605.23999999999;NA;NA;-4682.96086885055;-4966.124720138;5.09850982577693;5.10357941704755;313.974728244798;313.283651793452;10963.0349927053;11525.8473570655;566.32770257489;0.004995004995005;262;262
977;1809.60000000001;11.8700000000001;1825.56;NA;NA;-4861.09204767823;-5108.68089565002;5.12073324833643;5.12601649085088;329.378534470789;328.714809928226;11405.0281535206;11896.8147817842;495.177695943583;0.0549450549450549;274;274
978;1709.17999999999;11;1724.18000000002;NA;NA;-4739.43360674793;-5026.47427099042;5.10996620304819;5.1153122733944;320.0819442436;319.377917376626;11110.670118329;11681.1622625214;574.081328484986;0.003996003996004;268;268
979;1685.66999999998;10.77;1700.91999999998;NA;NA;-4768.96438300356;-5014.95571605408;5.10604560172045;5.11244590979945;321.284967000926;320.544304751484;11174.6614552849;11662.8709410635;491.982666101045;0.0879120879120879;266;266
980;1403.28;10.8299999999999;1417.67000000001;NA;NA;-4541.95789414276;-4843.16859581643;5.08376313712467;5.08964605514755;299.78201675582;299.099480246603;10604.1860082241;11203.1460967794;602.421403347331;0.010989010989011;254;254
981;1446.88999999998;10.8999999999999;1461.13999999998;NA;NA;-4625.15948196826;-4877.41970527961;5.08984288582446;5.09667901730661;301.081099552624;300.288575726522;10779.5294043484;11280.0245710351;504.520446622711;0.036963036963037;258;258
982;1545.75;10.78;1560.60000000001;NA;NA;-4670.46030730861;-4915.39987303745;5.08709634206524;5.09158606882063;310.521931045777;309.87099911119;10917.4786947918;11404.0529646647;489.879131457677;0.012987012987013;257;257
983;1372.31;10.26;1386.38;NA;NA;-4519.84048425287;-4813.00461058533;5.08711784888723;5.09172051523985;295.981856122359;295.325835645516;10541.2611128894;11124.261231407;586.328252664929;0.003996003996004;255;255
984;1607.03;11.4099999999999;1622.75;NA;NA;-4680.82363236469;-4964.50313455094;5.10621438429387;5.11248455821264;310.870004842896;310.101418492109;10945.3226660152;11508.7662353875;567.359004372513;0.010989010989011;266;266
985;1590.47;11.1699999999998;1605.39000000001;NA;NA;-4625.59401915095;-4929.52632538563;5.09368140650744;5.0989820486655;311.3601943695;310.668227939322;10833.8088371388;11438.1562355124;607.864612469357;0.002997002997003;260;260
986;1664.05000000002;11.4300000000001;1679.41999999998;NA;NA;-4729.24790064219;-5006.71386425811;5.11254840874784;5.11816865227166;316.066456634501;315.341937313503;11071.0024083891;11622.2379857947;554.931927231853;0.017982017982018;270;270
987;1524.33000000002;10.1600000000001;1538.06;NA;NA;-4600.29474744114;-4915.82730174542;5.10059485062685;5.10579801518065;306.467113159775;305.814700355323;10759.5133337103;11387.2597766939;631.06510860856;0.00799200799200799;262;262
988;1441.56;9.99000000000001;1454.89999999999;NA;NA;-4573.1800134207;-4854.7937905126;5.0850972529916;5.09051362440858;300.926194036644;300.262432142289;10673.0238697209;11232.8840158675;563.22755418379;0.00799200799200799;255;255
989;1645.73000000001;10.73;1659.97;NA;NA;-4730.10223385018;-4999.32011108808;5.10848867466988;5.11395062788986;318.216911613957;317.544888430736;11081.9044909689;11616.9154745665;538.435754475804;0.013986013986014;267;267
990;1455.76000000001;10.75;1469.72;NA;NA;-4619.19001884336;-4892.02480471349;5.0920989583804;5.09803002603683;305.988803785326;305.314327605264;10793.108881626;11335.3514404863;545.669571740274;0.004995004995005;259;259
991;1444.84;9.92999999999984;1458.10000000001;NA;NA;-4554.90474837073;-4855.59885720668;5.08046578868305;5.08489009615313;302.782854839373;302.150224294505;10645.2977234927;11243.4777121053;601.388217671898;0.00799200799200799;254;254
992;1389.34;10.3;1403.57000000001;NA;NA;-4559.4301504268;-4833.7713990864;5.08747159287973;5.09399342770257;296.6271273366;295.867827398911;10624.2945304003;11169.1234485579;548.682497319214;0.000999000999000999;256;256
993;1525.07999999999;10.8199999999999;1539.16999999998;NA;NA;-4667.6918173626;-4955.64042877175;5.09947499025183;5.10443025250389;314.330103981371;313.652900056437;10934.9033245993;11507.3544854647;575.897222818305;0.001998001998002;263;263
994;1403.94999999998;9.77000000000021;1416.75;NA;NA;-4613.59183390283;-4885.59224120863;5.08888724082435;5.09391737172981;306.517655680859;305.819561000203;10783.4115488843;11323.868050842;544.000814611598;0.00599400599400599;257;257
995;1327.27000000002;9.56999999999994;1340.30000000002;NA;NA;-4681.56880148338;-4947.41883652249;5.09893102850967;5.10389240285095;308.283204152687;307.664646266421;10931.2994559919;11459.8530721989;531.700070078223;0.00699300699300699;262;262
996;1364.57999999999;9.02999999999997;1376.84;NA;NA;-4760.16847907009;-5030.73730861422;5.11596070817446;5.12203843524139;317.217771517992;316.542117386922;11138.7173389957;11676.4079484917;541.137659088261;0.004995004995005;270;270
997;966.649999999994;7.22000000000003;975.329999999987;NA;NA;-4595.23713254167;-4865.80565930791;5.08214266476493;5.08738259939815;306.47998248175;305.791898561525;10744.7115586226;11282.3591650426;541.137053532471;0.011988011988012;254;254
998;992.920000000013;7.6099999999999;1001.92000000001;NA;NA;-4708.49503364357;-4976.58933019458;5.10398485623263;5.10915956340823;314.707395753001;314.089578922937;11019.6217466737;11552.6641384558;536.188593102019;0.01998001998002;265;265
999;841.929999999993;6.95999999999981;849.760000000009;NA;NA;-4551.34033285287;-4862.1761275324;5.08373973892275;5.08925328682362;301.539154728797;300.852610633975;10632.4541911066;11250.6427933848;621.671589359052;0.001998001998002;255;255
1000;909.070000000007;6.25999999999999;916.700000000012;NA;NA;-4596.18001908585;-4915.99018784024;5.09209075962927;5.09695279336952;309.430992170374;308.737533236475;10764.5786382795;11400.6755115527;639.620337508777;0.00799200799200799;259;259
