1;1454.83999999997;11.4200000000001;1470.84999999998;NA;NA;-4675.45043573666;-4864.43959202707;5.07799967308759;5.08358746162541;305.92489547234;305.297246574329;10901.113983173;11275.9118107209;377.97831258081;0.95004995004995;252;252
2;1132.80999999994;9.65999999999985;1144.81000000006;NA;NA;-4636.93560492265;-4827.70038009336;5.0695549904124;5.07598861771312;298.660439862557;297.961841073668;10784.8838137801;11162.8789436419;381.529550341433;0.984015984015984;248;248
3;1184.01000000001;9.52000000000044;1195.92000000004;NA;NA;-4616.2644230468;-4851.20586614531;5.079144056115;5.0853360771958;303.742126554402;303.062165961128;10771.6812136483;11238.118535778;469.882886197007;0.240759240759241;252;252
4;1303.16999999993;9.27999999999884;1314.44999999995;NA;NA;-4764.66334474597;-4970.35911473753;5.09052977976498;5.09546522417632;316.68251681738;316.078187300793;11137.7777404966;11546.0998516527;411.391539983111;0.848151848151848;258;258
5;1275.63;10.5299999999988;1290.96000000008;NA;NA;-4641.56217876246;-4881.96624753892;5.08000811250479;5.0850026673699;307.865013062255;307.287522397512;10843.7782608693;11321.6589366392;480.808137552922;0.0639360639360639;253;253
6;1212.31000000006;10.3700000000008;1224.89000000001;NA;NA;-4657.8451516647;-4850.68351384115;5.06967973479684;5.07472947250963;303.842956883698;303.218448355283;10852.9228128622;11235.4399615507;385.676724352912;0.935064935064935;248;248
7;942.830000000075;9.02999999999884;953.859999999986;NA;NA;-4405.89650552221;-4637.60929358971;5.03904525879294;5.04416505712705;280.897835855435;280.295515099974;10224.7781281396;10685.1738829142;463.425576135016;0.182817182817183;234;234
8;972.290000000037;8.75;983.070000000065;NA;NA;-4448.82422815276;-4669.03830042892;5.04411925495273;5.04997071866689;282.933880044699;282.283407901152;10321.4786472757;10758.6333702208;440.428144552317;0.494505494505495;235;235
9;1033.25;8.35999999999876;1043.95999999996;NA;NA;-4457.56306199905;-4700.04568901425;5.048766561793;5.05391828652063;288.957914622338;288.355010387316;10371.1042717667;10853.0316599108;484.96525403039;0.0919080919080919;238;238
10;1205.22000000009;9.15999999999985;1216.85999999999;NA;NA;-4653.92637827762;-4875.53512461004;5.07553146514081;5.08176829262274;307.218604608292;306.516884881089;10864.0107067112;11303.6737703281;443.217492664837;0.486513486513487;251;251
11;989.5;8.71000000000095;1000.72000000009;NA;NA;-4426.53470756736;-4652.37601011616;5.04288225498704;5.04772653373538;282.994272129516;282.394831092414;10277.2035218949;10725.8695131949;451.682605097596;0.353646353646354;235;235
12;1037.69000000006;9.29999999999927;1049.01000000001;NA;NA;-4479.56515401414;-4730.19008365196;5.04911819182265;5.05477794736927;291.283095888203;290.666987466558;10426.8243941442;10924.9698553287;501.249859275651;0.00899100899100899;238;238
13;1188.32999999996;10;1200.69000000006;NA;NA;-4619.97942903766;-4830.27294942387;5.07130001909465;5.07670301203305;302.891829025977;302.271739721583;10772.3793269454;11189.8291502312;420.587040772409;0.723276723276723;248;248
14;1218.04000000004;9.89999999999964;1230.78000000003;NA;NA;-4672.76141250309;-4896.50060199287;5.0860366545129;5.09131009626446;307.011483578914;306.386488167545;10903.0586614234;11347.3663031411;447.47837897956;0.321678321678322;255;255
15;1347.79000000004;10.3599999999988;1360.83999999997;NA;NA;-4770.71395066584;-5005.93364207046;5.10016670561758;5.10754606091478;319.809662477402;319.056062719189;11168.2220509005;11634.8280546045;470.439382809243;0.178821178821179;262;262
16;1014.98999999999;9.40999999999985;1026.39000000001;NA;NA;-4510.367715184;-4714.91770157703;5.05662727806398;5.06198009223848;288.804268179585;288.233089946173;10477.7482153166;10883.9666033054;409.099972786071;0.763236763236763;241;241
17;1042.82999999996;9.03000000000065;1053.70000000007;NA;NA;-4485.04760965304;-4721.70977275688;5.05344901339741;5.05889246490117;292.438974079946;291.837461321913;10444.8370536554;10915.1280084359;473.324326207683;0.160839160839161;240;240
18;1124.19000000006;8.81999999999971;1135.15000000002;NA;NA;-4620.80045782072;-4848.48449206139;5.08120490625676;5.08773351479279;297.972549806061;297.290367671894;10752.1071544594;11204.0170508026;455.368068481348;0.226773226773227;253;253
19;1398.73999999999;9.97999999999956;1411.3899999999;NA;NA;-4795.144605251;-5036.13530249643;5.10612688633586;5.11207769439158;322.575246510697;321.915428838877;11233.5950135848;11712.2150769729;481.98139449086;0.0609390609390609;266;266
20;1132.21999999997;9.27999999999884;1144.10999999999;NA;NA;-4604.25044225016;-4844.65674567556;5.07858780520373;5.084461439388;300.014884830678;299.404092070202;10728.1697495732;11205.8885007921;480.812606850797;0.0899100899100899;251;251
21;1337.27999999991;10.6499999999996;1351.02000000002;NA;NA;-4653.60052564497;-4866.04001033943;5.07517449240114;5.08182565383158;304.837826541626;304.130072611725;10850.6911592332;11271.9865471419;424.87896938893;0.695304695304695;250;250
22;1363.81999999995;10.5799999999999;1377.38;NA;NA;-4747.02607931383;-4956.53158121439;5.1006295829356;5.10718289782933;310.473802865087;309.809888450117;11073.3570557428;11488.9908880172;419.011003801104;0.658341658341658;262;262
23;1218.88;8.89999999999964;1229.93000000005;NA;NA;-4663.23677996596;-4903.73811077023;5.08248438221196;5.0895841362105;308.256026889086;307.501250968537;10889.7176226263;11366.8926251672;481.002661608523;0.165834165834166;254;254
24;1019.83000000007;9;1030.80999999994;NA;NA;-4510.5807511845;-4714.61426884105;5.05052529763182;5.05614516475217;288.917558640453;288.286766070852;10477.5420057025;10882.4293311899;408.067035313108;0.748251748251748;239;239
25;1132.75;8.8799999999992;1144.30999999994;NA;NA;-4620.12054844748;-4838.70402505007;5.07120278859934;5.07728502084993;300.669778992088;300.02759814217;10762.0245194056;11195.9411952636;437.166953205198;0.458541458541459;249;249
26;1155.5199999999;9.78000000000065;1167.55999999994;NA;NA;-4624.79593839131;-4845.80464389503;5.07639515377005;5.08117167960527;303.048059730076;302.465062778511;10784.6247177447;11223.6890675525;442.017411007435;0.485514485514486;251;251
27;1349.06000000006;10.2199999999993;1361.51000000001;NA;NA;-4809.08554551455;-5032.04247905399;5.11207129495655;5.11741624826465;319.541818168149;318.92290253197;11247.2203906847;11689.978977214;445.913867078874;0.368631368631369;268;268
28;1323.96999999997;9.90000000000146;1336.33999999997;NA;NA;-4785.25627262866;-5001.33485696301;5.10660095490745;5.11158561336528;317.012538143556;316.426604186332;11185.4800581599;11614.6522839895;432.157168668702;0.604395604395604;266;266
29;1188.77000000002;9.38000000000102;1201.05000000005;NA;NA;-4641.73715626547;-4869.13495774883;5.07694134752065;5.08278545534192;305.727427814511;305.056144589798;10832.0789876315;11283.4743319183;454.795602966711;0.318681318681319;251;251
30;1160.44999999995;9.07999999999993;1172.19999999995;NA;NA;-4647.27798731707;-4858.05058725474;5.08078607872709;5.08671734109083;300.716089533361;300.080726788351;10818.3745058914;11236.7001323597;421.545199875345;0.706293706293706;252;252
31;1140.41999999993;9.53000000000065;1151.72999999998;NA;NA;-4624.42174622332;-4841.65804511621;5.07745907012365;5.08506878611348;300.476165945957;299.791753577626;10770.2491364637;11201.2563384609;434.47259778578;0.554445554445554;250;250
32;905.670000000042;9.3700000000008;916.849999999977;NA;NA;-4396.06094062117;-4616.55886905254;5.03924294938809;5.04521066632408;276.707300157393;276.111376373074;10183.4350524775;10621.4345423861;440.99585686273;0.356643356643357;233;233
33;1186.6100000001;9.56999999999971;1198.71999999997;NA;NA;-4686.17734913411;-4888.40062898316;5.08611611635702;5.09375666570427;305.133080438704;304.391814405447;10920.3609881942;11321.0469445505;404.446559698097;0.89010989010989;255;255
34;1099.22999999998;9.02000000000044;1110.35999999999;NA;NA;-4577.89986078993;-4799.79667580038;5.06422173497329;5.07163410422281;296.921850521731;296.190688975624;10656.2094324118;11096.3083465267;443.793630020904;0.427572427572428;245;245
35;1137.71000000008;9.77999999999884;1150.19000000006;NA;NA;-4584.66495948074;-4845.48539157513;5.07697525721747;5.08261120994549;301.285601141187;300.670842204843;10694.8339887908;11213.3621344965;521.640864188788;0.00599400599400599;250;250
36;1061.68999999994;8.81999999999971;1072.83000000007;NA;NA;-4527.87877481239;-4734.59179146066;5.05804578440875;5.06309803200898;292.972376588919;292.403502824517;10534.4049419078;10944.9598386212;413.426033296546;0.728271728271728;242;242
37;1308.04999999993;9.68000000000029;1320.51000000001;NA;NA;-4761.22250095462;-4983.12642476528;5.09965797426177;5.10626413894149;316.484805934348;315.741195228576;11133.5297831173;11573.5522360886;443.807847621332;0.411588411588412;264;264
38;1051.88;8.6200000000008;1063.07000000007;NA;NA;-4520.41939695683;-4767.09069657759;5.06224911346426;5.06664132136337;292.576251159871;292.01929192401;10518.6909440742;11009.2202479747;493.342599241532;0.0849150849150849;244;244
39;1155.55000000005;8.97999999999956;1167.19999999995;NA;NA;-4620.98717720544;-4838.24232057119;5.07727930160418;5.08333008837995;302.455830326538;301.795987229819;10774.0073689276;11205.1753447918;434.510286731489;0.55044955044955;251;251
40;1248.69000000006;10.1400000000012;1261.81999999995;NA;NA;-4726.36029295919;-4944.15942249721;5.09465780484261;5.09986631219897;311.449920933719;310.863610798602;11035.7974582332;11468.4155463331;435.598259076032;0.445554445554446;260;260
41;1107.51000000001;9.60000000000036;1119.10999999999;NA;NA;-4587.27366929735;-4804.11764613724;5.07297350859451;5.07845545011977;296.983069915655;296.353707613792;10678.2663351571;11108.7676289061;433.687953679779;0.56043956043956;250;250
42;1215.64000000001;9.63999999999942;1227.82999999996;NA;NA;-4677.14212459813;-4901.19340755412;5.0821819984272;5.08807163916387;308.222523251262;307.570830383907;10917.3584064927;11362.1560735001;448.102565911995;0.338661338661339;254;254
43;1166.05000000005;9.31000000000131;1177.75;NA;NA;-4639.56702105131;-4862.05841566808;5.08152856451752;5.0885217564121;303.939981221473;303.256882853391;10819.2889985399;11260.810323661;444.982789233545;0.398601398601399;252;252
44;1132.02999999991;9.54000000000087;1144.21000000008;NA;NA;-4559.95335657845;-4804.94507238366;5.06370909337595;5.07075933054584;300.355231576303;299.669802721095;10637.6660338819;11124.1858466693;489.983431610413;0.0709290709290709;245;245
45;1264.58000000007;9.23999999999978;1276.79000000004;NA;NA;-4705.84825555492;-4922.13813564725;5.08028636396601;5.0844312813555;314.9934957724;314.437179087272;11009.1079778797;11438.8665158362;432.579760184648;0.576423576423576;254;254
46;1265.40000000002;9.32999999999993;1276.97999999998;NA;NA;-4770.87447854349;-4964.83637089442;5.09206336564418;5.09669628216896;314.229032591303;313.652813510351;11138.3463963697;11523.3424124261;387.923784701868;0.911088911088911;259;259
47;1039.41000000003;8.82999999999993;1050.25;NA;NA;-4509.71985313283;-4734.6942438615;5.06652315092899;5.07368402479281;289.971155538906;289.301627014706;10484.7260665226;10931.2915769353;449.948781457335;0.288711288711289;245;245
48;1082.64000000001;8.55999999999949;1093.47999999998;NA;NA;-4553.31644906091;-4775.22040130814;5.06034985016715;5.06744724417741;297.156472457737;296.448622084001;10607.010342638;11047.2442286161;443.807904494446;0.426573426573427;243;243
49;1177.33999999997;8.56999999999971;1188.14000000001;NA;NA;-4652.06072978242;-4875.6095246978;5.07838159519297;5.08464710006972;305.923014678783;305.230022120505;10854.32504072;11297.911029612;447.097589830759;0.355644355644356;252;252
50;1112.66000000003;8.94999999999891;1124.05999999994;NA;NA;-4589.7981290698;-4825.10186751187;5.07345973597973;5.07874879629209;297.619199746224;297.039392766079;10685.9397487057;11153.6126418296;470.607476884144;0.155844155844156;249;249
51;988.809999999939;8.8799999999992;999.939999999944;NA;NA;-4462.46655801425;-4682.25787841961;5.04537874358497;5.05018654214469;286.372398843265;285.789966097424;10366.6752430906;10803.3256256626;439.582640810735;0.474525474525474;236;236
52;962.330000000075;8.96999999999935;973.170000000042;NA;NA;-4456.50398240417;-4651.30987600344;5.03954902201254;5.04516451339732;283.780380754675;283.137016271532;10340.4929908458;10726.8684966513;389.611787198548;0.913086913086913;234;234
53;1182.25;9.59000000000015;1194.00999999989;NA;NA;-4666.09365252167;-4859.86045164085;5.07760323158963;5.08336516342957;304.397403341841;303.740497054197;10874.054991804;11258.261155028;387.533598238351;0.965034965034965;251;251
54;1179.66999999993;9.73999999999978;1191.98999999999;NA;NA;-4655.36138594625;-4867.31258065348;5.08555682470986;5.09089177137783;303.983736630273;303.351050624674;10852.8981914252;11273.5908275254;423.902389414465;0.597402597402597;255;255
55;1079.27000000002;9.03000000000065;1090.80999999994;NA;NA;-4568.11828815418;-4789.74266757117;5.06552516352296;5.07003278588829;295.911982213141;295.346008844173;10632.1458791598;11072.533500633;443.248758833977;0.36963036963037;246;246
56;1173.08000000007;9;1184.07000000007;NA;NA;-4666.60392212337;-4869.3274683964;5.07919762200487;5.08484258471239;303.688892160748;303.060605304865;10872.0904571778;11274.3538319673;405.447092546072;0.795204795204795;252;252
57;1241.85000000009;9.79999999999927;1254.54000000004;NA;NA;-4716.79457669523;-4929.56880357263;5.0908462561301;5.09832236954166;309.254393447262;308.500481134369;11003.7117890985;11425.4325372075;425.5484537548;0.689310689310689;257;257
58;1217.59999999998;9.90999999999985;1230.29000000004;NA;NA;-4706.84977054901;-4908.08151844982;5.08999829739253;5.09567659967696;308.309584229096;307.675442476972;10979.025264066;11378.2691441067;402.463495801629;0.832167832167832;257;257
59;1191.60999999999;9.44000000000051;1203.02000000002;NA;NA;-4666.00051263726;-4885.81200631653;5.08350054854686;5.08998087157119;305.466552735393;304.763114410606;10881.6990924802;11317.7533846656;439.622987358531;0.476523476523477;255;255
60;1205.57999999996;9.71000000000095;1217.90000000002;NA;NA;-4645.43436141447;-4871.07516175419;5.07515969840598;5.08011263144426;307.014270526446;306.38761559745;10845.3788534485;11293.4875024802;451.281600679424;0.353646353646354;250;250
61;1020.35999999999;9.40999999999985;1031.76000000001;NA;NA;-4517.96146969541;-4738.14938173534;5.05517446453952;5.06175225385006;289.770150435407;289.086966723095;10497.8085844407;10934.7377579236;440.375824079849;0.450549450549451;241;241
62;1222.58000000007;9.90999999999985;1234.41000000003;NA;NA;-4673.9632553791;-4903.53781920936;5.08956678789442;5.09567677212261;308.531566318772;307.906339712644;10914.3792641293;11370.3540393229;459.149127660519;0.268731268731269;257;257
63;1148.1100000001;9.01000000000022;1159;NA;NA;-4624.24191011395;-4835.40203011071;5.07465884189874;5.08157652092688;301.626003794382;300.888037000275;10775.711456105;11194.2951373531;422.320239993509;0.667332667332667;250;250
64;1275.44000000006;9.40999999999985;1287.41999999993;NA;NA;-4719.91075536647;-4944.99931307489;5.0905249799752;5.09586612350288;314.909157412963;314.273531728669;11039.2655542573;11486.2142855807;450.17711541684;0.393606393606394;258;258
65;1164.55000000005;9.73999999999978;1176.44999999995;NA;NA;-4626.41800143377;-4824.43687775281;5.07540125065208;5.0817084252591;301.817448383506;301.143223856267;10781.0329831101;11173.6569242139;396.037752638093;0.881118881118881;250;250
66;1146.81999999995;9.29000000000087;1159.03000000003;NA;NA;-4649.79817746985;-4864.35279586611;5.08138628443872;5.08626712003899;301.14977429118;300.542721972476;10826.8028183248;11252.8335396945;429.109236792505;0.484515484515485;254;254
67;1165.43999999994;8.94000000000051;1176.69999999995;NA;NA;-4644.89332274636;-4850.34746782394;5.07659417247336;5.08310380456625;302.944340165071;302.287482649086;10824.2941145429;11231.8752167274;410.908290155159;0.745254745254745;251;251
68;1229.05000000005;9.38999999999942;1240.53000000003;NA;NA;-4698.92943235583;-4930.26467788456;5.08610999228146;5.09116327000551;310.764132919034;310.140383718549;10975.0408548162;11434.5457102641;462.670491057464;0.165834165834166;256;256
69;1064.10999999999;8.58000000000175;1074.77000000002;NA;NA;-4598.10516731519;-4780.11754449844;5.07453638731538;5.08083157293864;292.092001380192;291.467277185009;10674.5789523159;11035.4417829032;364.024754366506;0.997002997002997;249;249
70;1315.53000000003;10.1600000000017;1328.46000000008;NA;NA;-4743.94943285484;-4997.57382885344;5.09868072900739;5.10490201502925;316.775895007435;316.122842160324;11098.655285532;11602.5834048311;507.248791997212;0.021978021978022;261;261
71;1071.69999999995;9.13999999999942;1082.30000000005;NA;NA;-4541.83097948756;-4770.82320829256;5.06241085271691;5.06830821100584;294.259187873653;293.612170270405;10570.0149072393;11024.7311694563;457.984457609999;0.272727272727273;244;244
72;1241.32999999996;9.04000000000087;1252.64999999991;NA;NA;-4710.01582177854;-4924.13952134509;5.09072810919629;5.09670830888878;310.413993163057;309.739537675332;10996.6444561854;11421.466252134;428.24739913311;0.612387612387612;258;258
73;1201.67000000004;9.21999999999935;1213.32999999996;NA;NA;-4640.54141222116;-4839.12087570528;5.07242593343338;5.07757365683658;307.004371953331;306.370396949489;10834.9275954167;11228.8777773811;397.158926968252;0.925074925074925;249;249
74;1099.82999999996;9.90999999999985;1111.89000000001;NA;NA;-4573.9042262279;-4804.76446463295;5.07071339618951;5.07695274823089;298.330557626524;297.727860110246;10657.15208337;11115.8233329578;461.720476810102;0.251748251748252;248;248
75;1284.15000000002;10.1899999999987;1296.65000000002;NA;NA;-4744.96014361633;-4968.14050092878;5.09658973308273;5.10217281486469;314.114447599714;313.440968935207;11087.1436587216;11530.0798385269;446.360714624907;0.393606393606394;261;261
76;1117.76000000001;9.70999999999913;1130;NA;NA;-4608.43743438419;-4814.41343503083;5.07434927400278;5.0821354491051;297.191046516108;296.437663760358;10721.0513424495;11129.1902389062;411.952001293279;0.709290709290709;249;249
77;1075.55999999994;9.09000000000015;1086.76000000001;NA;NA;-4542.30660981381;-4766.49937865664;5.05992471869735;5.06510153635785;295.93555722375;295.332885961483;10578.8261217276;11024.1687024119;448.385537685648;0.31968031968032;243;243
78;1161.32999999996;9.68000000000029;1173.05999999994;NA;NA;-4622.48635642829;-4846.84600442797;5.0767879350366;5.08177405456572;304.801074747785;304.228406243349;10788.8851210572;11234.7036726596;448.719295999368;0.317682317682318;251;251
79;1089.10000000009;9;1100.52000000002;NA;NA;-4553.75332132321;-4766.55668703924;5.06040017073141;5.06517724516378;296.251545012442;295.623334110897;10603.9233239367;11026.3568558083;425.606731432066;0.599400599400599;244;244
80;1317.21999999997;9.78000000000065;1329.14000000001;NA;NA;-4749.04802227698;-4961.83210661589;5.10100185548965;5.1071670207149;315.756853280447;315.06771573615;11104.8759795254;11526.9373600936;425.568168677813;0.601398601398601;263;263
81;1121.89000000001;9.48999999999978;1133.75;NA;NA;-4601.46442116181;-4814.80270412247;5.07241367128549;5.07951759502012;299.597258407029;298.878352923643;10719.2839040189;11142.3218653201;426.676565921323;0.617382617382617;249;249
82;1438.05000000005;10.3700000000008;1451.34999999998;NA;NA;-4839.71397343857;-5046.3679927167;5.11280793790131;5.12007020276263;325.874212219259;325.128367300666;11341.3671318353;11750.8714054736;413.308038556261;0.74025974025974;269;269
83;1099.06000000006;8.86000000000058;1110.65999999992;NA;NA;-4521.25002037614;-4770.72721676598;5.0644236063463;5.06986173933019;294.438264472181;293.77178130475;10530.359659296;11025.9461698711;498.954392779664;0.033966033966034;245;245
84;1287.25;9.90999999999985;1299.71999999997;NA;NA;-4735.16840632886;-4956.20003904249;5.09198860713274;5.09802217673356;314.485111518826;313.79667218566;11068.2353887468;11506.8006945254;442.06326542727;0.434565434565435;259;259
85;1258.44000000006;9.10000000000036;1269.94999999995;NA;NA;-4734.76167570576;-4938.12904667359;5.09300838033174;5.09879829368146;311.169699570803;310.569827824147;11050.5763222975;11454.263116414;406.734741935668;0.746253746253746;259;259
86;1193.08000000007;9.60999999999876;1204.66000000003;NA;NA;-4679.01257515383;-4889.7170481664;5.09241115973303;5.09915564373771;304.952246622405;304.298707319417;10906.8973978681;11324.9869753682;421.408946025136;0.652347652347652;258;258
87;1167.44999999995;9.75;1179.71000000008;NA;NA;-4639.47990309643;-4855.02381979078;5.08432383975515;5.08959634323306;303.258316236153;302.679730250083;10816.8592176111;11245.0128955297;431.087833388699;0.491508491508492;254;254
88;1195.25;9.1200000000008;1206.89000000001;NA;NA;-4592.09678211725;-4858.4436480302;5.07695232073355;5.0820501611037;308.120138113425;307.485545182977;10745.530628172;11275.0086874719;532.693731825895;0.003996003996004;252;252
89;1169.17999999993;9.59000000000015;1180.87;NA;NA;-4663.66486242385;-4862.85009011869;5.07979760713627;5.08542327560598;304.724624426107;304.113275849647;10872.0641193974;11267.3354777748;398.370455389679;0.878121878121878;253;253
90;1196.08999999997;9.47000000000116;1207.19999999995;NA;NA;-4691.67581081967;-4913.48781896004;5.08912288973246;5.09465785897795;306.83659370445;306.20205141471;10941.1987903363;11381.6011572774;443.624016280746;0.304695304695305;257;257
91;1244.72999999998;8.77000000000044;1255.53000000003;NA;NA;-4771.00241712987;-4956.54651573366;5.09675242534972;5.10359160941498;310.920345246706;310.277522770865;11122.3899125945;11490.2106907851;371.088197207577;0.966033966033966;260;260
92;1058.93000000005;8.77000000000044;1069.79000000004;NA;NA;-4549.09515851821;-4761.98554850312;5.05850070542983;5.06563067850998;294.858888567029;294.140346171145;10585.7485623001;11007.9043076957;425.780779969822;0.648351648351648;241;241
93;1111.66999999993;8.81999999999971;1122.72999999998;NA;NA;-4518.76042475404;-4777.06900648113;5.0641380505344;5.07057012972783;299.091900735124;298.381407618129;10548.8962888893;11061.9231784369;516.617163454164;0.010989010989011;245;245
94;1299.66000000003;9.95000000000073;1312.33000000007;NA;NA;-4786.26285199378;-4995.02160178892;5.09740268045002;5.10316058417846;317.120727457576;316.440509068099;11185.0355434722;11599.094237784;417.517499590274;0.703296703296703;261;261
95;1306.20999999996;9.45000000000073;1317.95999999996;NA;NA;-4719.90161526871;-4959.79030408421;5.08820439139642;5.09393777449944;317.862511484151;317.204749494016;11053.0107256662;11529.4498468682;479.777377631002;0.124875124875125;256;256
96;1090.1100000001;9.32999999999993;1101.46999999997;NA;NA;-4567.58522309691;-4794.66207587866;5.0691893765081;5.07395564225494;297.068566044653;296.503141679203;10637.529144438;11088.8233410842;454.153705563507;0.285714285714286;247;247
97;1057.10999999999;9.25;1068.75;NA;NA;-4510.34826067301;-4713.13753383937;5.05436683931158;5.06069865225823;287.849139792816;287.231345723902;10472.2922594636;10874.7553292724;405.578546332728;0.784215784215784;240;240
98;1364.8600000001;10.7600000000002;1379.98999999999;NA;NA;-4623.35951591812;-4851.44241353234;5.08208670264339;5.08827027932469;304.13005903863;303.460858702602;10788.4394080552;11241.2128395131;456.165795228431;0.230769230769231;253;253
99;1108.10999999999;9.57999999999993;1119.70000000007;NA;NA;-4567.84051365785;-4775.35574850255;5.06689618242808;5.07243066076477;295.399587586226;294.81340553618;10629.0000467883;11041.0672191645;415.030469689398;0.676323676323676;246;246
100;1239.52000000002;9.55000000000109;1251.68000000005;NA;NA;-4749.62959991234;-4947.86909055131;5.08880920134939;5.09468312660545;312.149985509904;311.480960350153;11084.0831129848;11477.165371146;396.478981277927;0.853146853146853;257;257
101;1125.46999999997;8.76000000000022;1135.83000000007;NA;NA;-4578.12479600473;-4817.09103690385;5.06932198824453;5.07433441577636;300.182908525601;299.608241869992;10674.3583898951;11149.3846219338;477.932481798243;0.136863136863137;247;247
102;1242.09999999998;9.60999999999876;1254.25;NA;NA;-4731.70353173886;-4936.71819016937;5.09348766256272;5.10050247953029;310.589243046499;309.891084098704;11040.9099816352;11447.3933039;410.029316861028;0.884115884115884;258;258
103;1071.43999999994;8.90999999999985;1082.21000000008;NA;NA;-4553.22037160296;-4762.30317099798;5.05945238060891;5.06555774994955;295.796747997643;295.15350150215;10599.9527814471;11014.870554184;418.165598790027;0.718281718281718;243;243
104;1087.10999999999;9.38000000000102;1098.33000000007;NA;NA;-4521.42954929824;-4749.54149743972;5.06054639130174;5.06624178581347;292.274982085445;291.650881165777;10518.5893328748;10971.6620713343;456.223896282949;0.211788211788212;243;243
105;1299.53000000003;9.32999999999993;1312.02999999991;NA;NA;-4731.15214361221;-4955.5379325918;5.09323059513159;5.09886641399184;314.818816483947;314.191232810027;11062.5050060145;11508.0866226578;448.771577959176;0.320679320679321;260;260
106;1212.22000000009;9.14999999999964;1223.92000000004;NA;NA;-4717.371557788;-4916.24593529673;5.08807666816755;5.09536363585122;307.368812490974;306.651507972016;10995.2924245872;11389.3993362363;397.748755017456;0.902097902097902;257;257
107;1139.62;9.36000000000058;1151.08000000007;NA;NA;-4628.02504375697;-4836.04458995574;5.07986647495124;5.08547909815378;299.834180653476;299.222075411895;10775.3997222245;11188.3370939537;416.039092397537;0.644355644355644;252;252
108;1109.92999999993;9.11000000000058;1121.34000000008;NA;NA;-4611.26034559132;-4818.977412735;5.07162769016008;5.07874365258797;298.649459846166;297.935060455246;10733.4777439264;11145.2975177567;415.434134287359;0.71028971028971;248;248
109;1224.09999999998;9.21999999999935;1235.58000000007;NA;NA;-4706.61318188736;-4911.44721105363;5.08910355867204;5.09449066249841;309.844794458863;309.197062888499;10986.346538118;11392.7259835091;409.668058332549;0.765234765234765;257;257
110;1115.70000000007;9.1299999999992;1126.69000000006;NA;NA;-4595.04541830336;-4818.59913581846;5.07207463816489;5.07897394174745;298.421091464996;297.728318876759;10699.8925053216;11143.494996366;447.107435030197;0.330669330669331;248;248
111;1087.77000000002;9.48999999999978;1099.19999999995;NA;NA;-4580.07024256004;-4813.6547197404;5.07252383121923;5.08032209814769;295.759353469062;294.998178786198;10657.0707142587;11120.3871264121;467.168954360715;0.186813186813187;249;249
112;1134.67000000004;8.57999999999993;1144.95999999996;NA;NA;-4631.22535260596;-4851.57227583094;5.07464268652234;5.08148986605835;301.475918103995;300.762057133587;10788.9184098788;11225.9977529754;440.693846449962;0.391608391608392;250;250
113;1105.60999999999;8.46999999999935;1116.02999999991;NA;NA;-4582.9237923034;-4790.96319295382;5.0685942505709;5.0728874343837;295.317953326873;294.737314248238;10659.3529454587;11072.4952927889;416.078801300842;0.678321678321678;247;247
114;1318.13;10.4300000000003;1332.25;NA;NA;-4748.57916936381;-4937.51925765722;5.09294184005683;5.09944877605357;312.828246292609;312.144112677136;11086.638384054;11461.04247834;377.880176586816;0.987012987012987;259;259
115;1254.28999999992;9.81000000000131;1266.35999999999;NA;NA;-4755.7811755655;-4972.2796093071;5.09654303376679;5.1022913661079;312.75452176221;312.088546260616;11101.8707101213;11531.4811952075;432.9968674832;0.532467532467532;261;261
116;1075.35000000009;9.40999999999985;1086.66999999993;NA;NA;-4552.89030715494;-4770.25001304318;5.06230045810031;5.06906918704491;295.423443848105;294.734613401614;10598.0144164997;11029.254429137;434.719411776492;0.577422577422577;244;244
117;1089.39000000001;8.98999999999978;1100.54000000004;NA;NA;-4570.47707500046;-4773.89902896696;5.06693673857798;5.072476191179;295.58862236067;294.963234440891;10635.2287876797;11038.9112027928;406.843907933007;0.852147852147852;246;246
118;1248.08000000007;9.91999999999825;1260.65000000002;NA;NA;-4732.2865390161;-4945.93228139331;5.09741591276306;5.1036278376736;311.268750802236;310.65899300584;11047.3265215448;11471.5174822361;427.291484754413;0.598401598401598;261;261
119;1259.29999999993;8.85000000000036;1270.35999999999;NA;NA;-4759.0995263084;-4957.35737527804;5.09711124795057;5.10250996266219;312.29049830148;311.650496427467;11106.1479240952;11499.4093115156;396.5156979393;0.947052947052947;261;261
120;1270.21999999997;9.72999999999956;1282.53000000003;NA;NA;-4717.42160669506;-4960.54269807779;5.09065583571406;5.09664366186426;313.1448063452;312.46601752082;11025.3260033606;11508.1205736435;486.242182765451;0.121878121878122;258;258
121;1183.93999999994;9.36000000000058;1195.93000000005;NA;NA;-4641.73117290048;-4887.64763130288;5.07970207819812;5.08499307350607;306.058109337676;305.434813997636;10834.9565485263;11323.6298068311;491.832916804789;0.0659340659340659;253;253
122;1079.89000000001;9.20999999999913;1091.29999999993;NA;NA;-4554.99178089531;-4784.11291641051;5.06460751230536;5.07001175396155;296.85002034747;296.230227133805;10610.0302993661;11065.1406225293;458.242271030413;0.261738261738262;245;245
123;1010.43000000005;9.01999999999862;1021.12;NA;NA;-4485.43153698764;-4701.02798433828;5.05883640400431;5.06725002395487;288.462556152581;287.717782689686;10426.1519273654;10853.5874521907;431.192894701282;0.563436563436563;241;241
124;1182.79000000004;9.75;1195.05000000005;NA;NA;-4665.65699101165;-4877.8775099342;5.08630948703306;5.09360611273921;305.670692698709;304.947778379048;10882.0476955339;11302.8212322601;424.441037845099;0.748251748251748;255;255
125;1309.72000000009;10.4200000000001;1322.55999999994;NA;NA;-4768.47216924774;-4994.94421270866;5.10105641166162;5.10653024537404;318.039495783847;317.40783118874;11155.3398698826;11605.0696291137;452.944086921852;0.302697302697303;263;263
126;1644.42999999993;10.4600000000009;1659.85999999999;NA;NA;-4636.52998167916;-4838.17326334774;5.07359274413096;5.07860079332056;301.555949729868;300.959923473937;10799.9328934011;11200.2015877273;403.286563337166;0.826173826173826;250;250
127;1884.04999999993;12.8400000000001;1902.40000000002;NA;NA;-4858.45892634658;-5076.49049840988;5.1191612678422;5.12517381115412;322.611036577593;322.000580031735;11364.0040240804;11796.9504907815;436.06314412661;0.525474525474525;272;272
128;1646.89000000001;13.1100000000006;1665.07999999996;NA;NA;-4707.00563565319;-4912.91278829099;5.08895907918437;5.09490333009246;307.961399006818;307.293490161812;10978.1671990775;11386.5891519917;411.814305275599;0.777222777222777;258;258
129;1889.05000000005;13.4500000000007;1908.76000000001;NA;NA;-4785.9684052627;-5004.09889287209;5.10210251151803;5.10900268219842;317.416912253533;316.708606025445;11187.1642246921;11619.8208688463;436.260975218775;0.56043956043956;263;263
130;1789.21999999997;13.6100000000006;1808.21999999997;NA;NA;-4776.80738104501;-4976.64669222282;5.09614663031138;5.10259412513113;316.353422504543;315.691830655558;11161.6157695816;11557.9315695871;399.67862235561;0.837162837162837;260;260
131;1672.53999999992;13.0599999999995;1691.02000000002;NA;NA;-4690.73508411113;-4909.54208264355;5.09749574519835;5.10431349421358;306.636344587299;305.935624798059;10940.6685427806;11374.7194881208;437.613997064838;0.440559440559441;261;261
132;1633.96000000008;11.4200000000001;1650.52999999991;NA;NA;-4697.5285295695;-4890.37695539377;5.08521695275052;5.09061822643574;304.313363214685;303.734971505695;10938.9047458191;11321.6672908947;385.696851648549;0.985014985014985;255;255
133;1687.19999999995;13.3299999999999;1705.35999999999;NA;NA;-4706.64020697393;-4903.76863233216;5.08575524203232;5.09127860389635;308.640521915369;307.958772750212;10979.6847090928;11370.4815642977;394.256850716454;0.86013986013986;256;256
134;1526.73999999999;11.9099999999999;1543.5;NA;NA;-4554.53347062938;-4779.80785928068;5.06358042924622;5.06974085099659;296.426521154823;295.759152586795;10606.973646701;11054.1500676802;450.548777302596;0.337662337662338;245;245
135;1731.02000000002;12.3199999999997;1748.92000000004;NA;NA;-4729.86352552787;-4930.49928387598;5.0896994927911;5.09619128174803;312.013401159954;311.321085533426;11043.8575086528;11441.6140536645;401.271516696228;0.895104895104895;257;257
136;1560.54999999993;13.4400000000005;1578.58000000007;NA;NA;-4593.43822601609;-4829.6691111309;5.07665676376619;5.08192054340843;300.915819703758;300.321679966721;10711.1088329348;11180.5611002847;472.461770229625;0.186813186813187;251;251
137;1636.33999999997;11.8299999999999;1653.21000000008;NA;NA;-4661.1030147456;-4882.70019607481;5.08251994176428;5.08880901151921;306.661606432957;305.961034957094;10877.3643838974;11317.005971899;443.194362658433;0.403596403596404;254;254
138;1922.10999999999;13.380000000001;1941.42999999993;NA;NA;-4821.10560432002;-5048.52102128786;5.10997220629986;5.11591386229991;324.482771141159;323.812358095121;11296.4498748282;11747.862890372;454.830833935674;0.288711288711289;268;268
139;1530.77000000002;12.1900000000005;1547.93000000005;NA;NA;-4587.35031658312;-4811.39094744636;5.07075872232035;5.07699523922298;296.941742330957;296.328927165657;10677.0178315971;11121.998677885;448.081261726478;0.378621378621379;248;248
140;1726.42000000004;13.6200000000008;1745.83999999997;NA;NA;-4636.16648543643;-4886.23429776278;5.0845381634805;5.09015465120503;305.369138759363;304.738690809063;10821.5368358524;11318.4740613308;500.135624652705;0.031968031968032;255;255
141;1574.10999999999;12.9099999999999;1592.10999999999;NA;NA;-4626.54408536422;-4820.3012555207;5.0714027894105;5.07708958984045;300.265109989914;299.561569647533;10772.823437348;11156.7769408064;387.514340312966;0.921078921078921;249;249
142;1786.19999999995;13.7200000000012;1805.69000000006;NA;NA;-4740.6422324834;-4952.06288281492;5.09105142134973;5.09674243528576;313.677934616672;313.028177744242;11074.4750480203;11494.0161913685;422.841300663049;0.661338661338661;258;258
143;1840.14000000001;12.9799999999996;1858.35999999999;NA;NA;-4792.6840948135;-4987.99945676166;5.09609972685872;5.10174510063028;317.58472202646;316.924062427261;11200.2373697129;11587.5087417535;390.630723896313;0.905094905094905;261;261
144;1853.42000000004;13.6100000000006;1873.10999999999;NA;NA;-4815.33191669823;-5007.28883964769;5.09980854725187;5.10593470939046;321.426148661675;320.750747526798;11266.2928969596;11646.769854695;383.913845898905;0.942057942057942;263;263
145;1607.23999999999;12.6100000000006;1625.05000000005;NA;NA;-4645.45690450985;-4868.56590966646;5.07921187673681;5.08531941767838;304.954881688476;304.263532624046;10836.2115702248;11278.926307675;446.218010313229;0.416583416583417;252;252
146;1328.03000000003;12.5;1344.60999999999;NA;NA;-4483.46499406719;-4668.47146122123;5.04587053030387;5.05120388516878;283.976103299798;283.35507933489;10396.6079628974;10763.4943514359;370.012934308081;0.967032967032967;236;236
147;1573.19999999995;12.75;1590.77999999991;NA;NA;-4678.76588544489;-4892.5096570446;5.08190208093893;5.0866428247708;307.461948185429;306.866827977056;10916.7488601902;11341.2183987078;427.487543199415;0.624375624375624;254;254
148;1028.58999999997;11.4200000000001;1043.16000000003;NA;NA;-4317.60971152677;-4524.299070939;5.02979071052384;5.03561678241293;268.832353144519;268.270542899877;9983.42983136408;10393.9910380459;413.378718824466;0.761238761238761;227;227
149;1615.05000000005;12.1599999999999;1631.56999999995;NA;NA;-4726.86277271313;-4960.96043798306;5.09503824767554;5.10281263648616;312.380704547236;311.615798309335;11041.5335218854;11505.8408906911;468.195330539858;0.195804195804196;260;260
150;1709.65999999992;12.9699999999993;1727.80999999994;NA;NA;-4796.80459281079;-5002.8480198875;5.10401070833002;5.11024749950885;318.985079717796;318.333407217171;11217.4217596521;11626.1912360723;412.086854153406;0.858141858141858;264;264
151;1483.33000000007;11.8299999999999;1499.91000000003;NA;NA;-4617.501342411;-4831.1619539078;5.07494562936511;5.08207703598336;300.944154978384;300.244375084111;10758.777904985;11182.555921557;427.321222993598;0.637362637362637;250;250
152;1830.85999999999;12.9700000000012;1849.83999999997;NA;NA;-4796.80790141862;-5039.9805168197;5.10985721653319;5.1157229607017;322.628956339273;321.965246225045;11238.4035754866;11721.3651599699;486.345230802155;0.042957042957043;268;268
153;1428.37;12.2800000000007;1445.39000000001;NA;NA;-4554.63818179499;-4792.64960613672;5.07194170636854;5.0793502070419;295.707148328664;294.981336290136;10605.3473812442;11077.6981294687;476.022848683471;0.175824175824176;248;248
154;1626.96000000008;12.3899999999994;1644.33000000007;NA;NA;-4699.04916089107;-4902.16362412206;5.08530749032138;5.09108945994938;308.897576727697;308.259252692095;10965.2027177718;11368.1932879707;406.228926461998;0.805194805194805;255;255
155;1661.94999999995;11.25;1678.82000000007;NA;NA;-4721.48846964254;-4941.15316648631;5.09556842467366;5.10216967633666;311.915827498015;311.202217455329;11028.4219801465;11464.1241468595;439.329393687551;0.465534465534466;260;260
156;1395.42999999993;11.2600000000002;1411.13;NA;NA;-4537.36589271809;-4759.79777734741;5.06876608018981;5.07653251067932;293.661799673298;292.980952089045;10559.2658510658;11000.6877649879;444.863769258631;0.387612387612388;246;246
157;1549.35999999999;10.9600000000009;1565.05999999994;NA;NA;-4663.54967590263;-4889.26781688342;5.09098364789735;5.09660144350402;306.067323067127;305.45005953113;10881.6351449807;11329.9363053915;451.436281961585;0.326673326673327;258;258
158;1493.83999999997;11.75;1509.57999999996;NA;NA;-4584.61224793644;-4816.11369347582;5.07431079255827;5.07994082991089;299.253927971704;298.635959954617;10683.8418552734;11143.7170176952;463.002891078748;0.183816183816184;249;249
159;1388.48999999999;11.3999999999996;1404.23999999999;NA;NA;-4505.17883894449;-4721.20430199196;5.05646595242096;5.06232300158588;290.135704146738;289.45255268669;10474.6882313006;10903.2912551165;432.050926094937;0.525474525474525;242;242
160;1515.15000000002;11.869999999999;1532.02999999991;NA;NA;-4614.00363947927;-4809.36752212431;5.06582934814409;5.07165724366542;300.728779564647;300.095659283565;10747.6542176819;11135.1826905785;390.727765290087;0.915084915084915;245;245
161;1583.54999999993;12.4699999999993;1600.96999999997;NA;NA;-4636.59115825837;-4863.88896634628;5.07580680901957;5.07982916579461;305.692095322632;305.158615943285;10821.6080215376;11273.5013984449;454.595616175815;0.231768231768232;251;251
162;1416.02000000002;12.130000000001;1432.39000000001;NA;NA;-4547.53711962293;-4752.98676439037;5.06273860317784;5.06808172813329;291.181383431154;290.617781329327;10565.8806764891;10973.933116443;410.89928953488;0.87012987012987;244;244
163;1389.58999999997;11.5400000000009;1405.60000000009;NA;NA;-4505.00143804101;-4738.09557831303;5.05913830353246;5.06408825855943;293.457608749944;292.917437162308;10491.099261263;10954.5612666587;466.188280544035;0.234765234765235;242;242
164;1514.93000000005;12.6700000000001;1532.27000000002;NA;NA;-4606.97283627211;-4843.17857812413;5.06964363119231;5.0755713547973;305.097061458044;304.456901722491;10757.5230726804;11226.6957965762;472.41148370404;0.152847152847153;248;248
165;1296.58000000007;11.3299999999999;1311.93999999994;NA;NA;-4529.75112691564;-4746.17968558812;5.06278882572752;5.06955710294408;290.153607891949;289.481024169902;10525.1172229206;10954.5770060806;432.857117344965;0.467532467532468;244;244
166;1337.06000000006;12.4400000000005;1353.87;NA;NA;-4564.38519465809;-4797.20407264694;5.07036395794864;5.076786111055;296.45732289305;295.804237869384;10628.6367647435;11090.9703680096;465.637755977692;0.163836163836164;248;248
167;1329.16999999993;11.1900000000005;1344.72999999998;NA;NA;-4561.48368113715;-4810.34403107657;5.07098401345401;5.07720705408493;300.295632025435;299.634228552;10642.2528930457;11136.6273546845;497.720699878835;0.020979020979021;248;248
168;1240.19999999995;11.4700000000012;1255.15000000002;NA;NA;-4554.76344133948;-4763.17503750012;5.05774655526489;5.06356155742977;292.189831715575;291.511563918063;10584.2247287632;10997.6246669137;416.823192321272;0.722277722277722;242;242
169;1494.20000000007;11.3099999999995;1509.25;NA;NA;-4741.66122412179;-4979.82354722933;5.09835811977998;5.10541215361545;313.874169566743;313.177764819768;11079.3240431067;11552.1075789195;476.324646215075;0.0909090909090909;261;261
170;1450.05000000005;11.7800000000007;1466.22999999998;NA;NA;-4716.98123096363;-4921.97349892594;5.09283404898749;5.09849327092005;307.796266831314;307.196618025364;10997.8750240196;11404.8127448865;409.984535924619;0.813186813186813;259;259
171;1561.32999999996;12.0600000000013;1577.80999999994;NA;NA;-4754.98599556001;-4949.70597591697;5.09841889834029;5.10476273405447;311.797690596296;311.143356656708;11096.0111838757;11482.1227066164;389.43996071392;0.969030969030969;262;262
172;1513;11.8799999999992;1529.35999999999;NA;NA;-4663.35010477316;-4863.12436065504;5.08479967976434;5.09049725176347;304.757393848173;304.146540328465;10872.2018216422;11268.6525411341;399.548511763755;0.876123876123876;254;254
173;1785.94000000006;13.4699999999993;1804.38;NA;NA;-4717.78423502982;-4943.49276532417;5.08638451958933;5.0921508614556;316.683801450044;316.01781574584;11042.7938068876;11490.830874269;451.417060588705;0.321678321678322;256;256
174;1565.45999999996;13.4799999999996;1583.72999999998;NA;NA;-4589.11493706202;-4810.94794045223;5.07310753511862;5.07932348587704;299.893390595265;299.220019069833;10695.4803450425;11135.7395636239;443.66600678041;0.400599400599401;248;248
175;1620.80000000005;13.2999999999993;1639;NA;NA;-4658.79975058885;-4887.53697721836;5.08553664746752;5.09387446007952;305.057545028236;304.292337627311;10865.2225835853;11318.8149737523;457.474453259023;0.216783216783217;255;255
176;1732.31999999995;12.3600000000006;1750.38;NA;NA;-4749.49097895593;-4957.88061739266;5.09468671163201;5.10127473844361;312.743259964905;312.085476213866;11088.0301877816;11501.4672659923;416.779276873447;0.688311688311688;259;259
177;1461.60999999999;11.9799999999996;1478.12;NA;NA;-4561.64834100306;-4760.37090569979;5.05678171617066;5.06274921569107;296.56096215906;295.886222426795;10620.0558592876;11014.0955408461;397.445129393467;0.865134865134865;242;242
178;1568.63;12.8799999999992;1585.83999999997;NA;NA;-4628.09923097826;-4846.71392254297;5.0740514440232;5.07896659056012;303.24505016838;302.621241113178;10791.6238405184;11225.6946815572;437.229383129434;0.511488511488511;250;250
179;1624.07999999996;13.0400000000009;1641.94999999995;NA;NA;-4620.81628933732;-4865.7276168256;5.07249305195337;5.07868842232585;305.779939070154;305.064867388306;10788.6648611492;11274.8697543476;489.822654976555;0.02997002997003;248;248
180;1716.60000000009;12.3400000000001;1734.27999999991;NA;NA;-4748.37950521442;-4948.6797979122;5.09297196636414;5.09879511730386;311.937205511913;311.300834452112;11081.7116783292;11479.0788629274;400.600585395563;0.774225774225774;259;259
181;1263.71999999997;12.6599999999999;1280.54000000004;NA;NA;-4410.90572900362;-4640.64871866862;5.03813382489745;5.04408900231748;281.483364183531;280.852051652737;10237.1391774038;10693.4508514706;459.485979329998;0.255744255744256;233;233
182;1691.78999999992;13;1709.87;NA;NA;-4696.57978864348;-4915.65590770369;5.08478665278645;5.08869404445145;311.716744829186;311.189584134677;10974.566224436;11410.0440620302;438.152238120438;0.501498501498502;255;255
183;1686.52000000002;13.1299999999992;1704.95000000007;NA;NA;-4669.50776832234;-4922.1325475528;5.07859863431209;5.08392748480167;313.159549085267;312.509574616257;10926.5089246987;11428.4635806891;505.249558460928;0.035964035964036;253;253
184;1718.12;12.7300000000014;1736.40999999992;NA;NA;-4731.49583120952;-4954.40860953141;5.10107442108303;5.10859994849546;312.985031548296;312.264870273547;11055.0705704831;11497.2328414731;445.825556643778;0.353646353646354;262;262
185;1510.40000000002;11.7700000000004;1526.78000000003;NA;NA;-4668.65163713111;-4873.00202309201;5.08152799843702;5.0873265250281;303.173079479885;302.55769071542;10874.1724532993;11279.7536473652;408.700771921815;0.829170829170829;253;253
186;1552.10999999999;12.5;1569.72999999998;NA;NA;-4613.49155595878;-4805.34609828333;5.07438882301782;5.08164919559804;296.004683752157;295.307957368224;10725.1550340494;11105.3377694105;383.709084649119;0.977022977022977;249;249
187;1553.53000000003;12.7999999999993;1570.91000000003;NA;NA;-4644.84851619418;-4878.22346757196;5.08013339504655;5.08459383537546;307.178954882774;306.607822390035;10846.8731148362;11310.7277871619;466.749902755571;0.213786213786214;253;253
188;1659.23999999999;12.2999999999993;1676.44000000006;NA;NA;-4798.81747647596;-5004.25457015163;5.10697315223741;5.11285036000848;317.270562556943;316.646924968536;11213.9169282023;11621.6140978527;410.874187351339;0.771228771228771;266;266
189;1317.01000000001;12.0399999999991;1332.85999999999;NA;NA;-4581.29119292376;-4788.03846332984;5.06672696416224;5.07290074125139;293.936114757277;293.278352624736;10648.5031830415;11058.6725712669;413.494540812164;0.774225774225774;246;246
190;1514.3899999999;11.6099999999988;1530.06999999995;NA;NA;-4726.2058483134;-4930.02296498663;5.0875541630994;5.09307370203965;312.812486971703;312.18853163332;11040.5992112859;11445.0655465483;407.634233346462;0.809190809190809;257;257
191;1418.05999999994;11.7900000000009;1433.32999999996;NA;NA;-4669.31463374407;-4873.73881094494;5.0859858751809;5.09420819067376;305.742460120402;304.928626150734;10889.7270726928;11294.4466708739;408.848354401734;0.765234765234765;255;255
192;1510.77000000002;12.5099999999984;1527.66000000003;NA;NA;-4721.40012306011;-4942.19790047407;5.09320214095886;5.09822654570087;313.151096010767;312.553586746104;11033.9206905816;11472.4803013593;441.595554827927;0.347652347652348;259;259
193;1521.43999999994;11.6000000000004;1537.69000000006;NA;NA;-4779.0023689409;-4970.53665335695;5.1024746713564;5.10896192841278;313.152516650498;312.491096487399;11151.5320837251;11531.2349088351;383.068568832105;0.977022977022977;263;263
194;1872.26000000001;12.2600000000002;1890.09000000008;NA;NA;-4909.57106344076;-5120.22851108752;5.11923048936025;5.12555809574895;332.530506893306;331.834030740534;11517.4821647481;11935.2399327671;421.314895293526;0.716283716283716;273;273
195;1373.39000000001;11.7799999999988;1389.35999999999;NA;NA;-4507.15375739835;-4768.22268171123;5.06564808909654;5.0709902460036;293.359479048931;292.760732692053;10497.3132738297;11016.4243094193;522.137848625747;0.004995004995005;246;246
196;1290.58000000007;10.9300000000003;1304.90000000002;NA;NA;-4475.6764289253;-4726.78759754326;5.05943347320193;5.0659948612939;288.343251580984;287.73020524384;10406.6368064492;10905.765065744;502.222337235922;0.016983016983017;242;242
197;1517.84999999998;11.6800000000003;1534.33999999997;NA;NA;-4700.66693461569;-4903.26939274111;5.08371302589657;5.08974078116281;308.499448316853;307.83854050978;10965.8123833833;11367.665669446;405.204916250832;0.846153846153846;254;254
198;1546.21999999997;12.2899999999991;1563.5;NA;NA;-4555.84174906855;-4792.12112394739;5.06729977082815;5.07340756596114;299.116805780058;298.449209481054;10624.4007167173;11093.5832455571;472.558749757678;0.133866133866134;247;247
199;1639.22999999998;12.5499999999993;1656.94999999995;NA;NA;-4696.41062852589;-4925.66168009456;5.08232220644841;5.08829618326196;313.402140641469;312.732109074591;10982.1625605707;11437.2667646327;458.502103137336;0.322677322677323;254;254
200;1462.21999999997;12.3500000000004;1478.92999999993;NA;NA;-4593.2389601778;-4824.04199838178;5.06709214526697;5.07222585625533;305.908950370839;305.294302869417;10733.5449109146;11192.0425432606;461.606076407954;0.25974025974026;247;247
201;1276.07000000007;11.130000000001;1290.42000000004;NA;NA;-4510.96219465533;-4734.03696114967;5.06067400914717;5.06895835492081;292.066275439119;291.322224983784;10495.998640201;10938.3929103956;446.149532988686;0.256743256743257;242;242
202;1473.48999999999;11.9300000000003;1489.53000000003;NA;NA;-4712.03999561568;-4956.89027908833;5.09766417121519;5.10492175610302;310.484997766974;309.785328472328;11002.8481718088;11488.991028632;489.700566945286;0.036963036963037;261;261
203;1815.22999999998;13.5100000000002;1834.22999999998;NA;NA;-4771.72720613766;-5014.39442315988;5.1054319486821;5.11127180378025;319.763962459945;319.11541254211;11172.4385975505;11654.469102186;485.334434044446;0.0629370629370629;266;266
204;1570.44999999995;12.6100000000006;1587.85000000009;NA;NA;-4697.17770808692;-4933.5670871511;5.08655037782006;5.09220482044795;314.043235268644;313.371794653517;10988.1794206606;11457.5505009606;472.778758128366;0.165834165834166;256;256
205;1734.02000000002;11.9100000000017;1750.39000000001;NA;NA;-4827.97798264332;-5056.79839175906;5.10951647312215;5.1155884866721;323.126585469847;322.483329813417;11302.0704727596;11756.434332314;457.640818231486;0.287712287712288;266;266
206;1579.56999999995;12.5300000000007;1596.75;NA;NA;-4724.44439205869;-4917.05086577999;5.08292290569078;5.0877240867538;310.209165141062;309.592168261152;11022.6471525664;11404.7299410318;385.212947442602;0.992007992007992;255;255
207;1640.94000000006;12.5600000000013;1658.07000000007;NA;NA;-4714.58698374223;-4919.68163334552;5.08331301922364;5.08999624799934;312.749744209317;312.045004070809;11015.2068041443;11421.8221883544;410.189299206588;0.861138861138861;254;254
208;1654.83999999997;13;1672.62;NA;NA;-4698.48879358427;-4934.0316437368;5.09059694304282;5.0966426765246;313.953037334372;313.301050727824;10991.5654347755;11459.3396528014;471.085700305057;0.211788211788212;258;258
209;1600.29999999993;12.7700000000004;1617.78000000003;NA;NA;-4646.72384280966;-4876.44033092039;5.0802300184952;5.08609296890706;304.794958033098;304.169071804903;10837.9350657436;11294.1964889083;459.43297622146;0.206793206793207;252;252
210;1644.82999999996;12.6000000000004;1662.66999999993;NA;NA;-4637.7439836996;-4865.80726748953;5.08668803847188;5.09395514385415;304.460465548416;303.746232029434;10820.0819361197;11272.5850421651;456.126567579853;0.302697302697303;255;255
211;1381.97999999998;12.0300000000007;1398.39000000001;NA;NA;-4522.29485235508;-4745.45046765583;5.05784620219521;5.06348134894665;293.030029985096;292.445949738487;10523.5280767945;10966.8914228766;446.311230601488;0.37962037962038;242;242
212;1407.71000000008;12.2399999999998;1424.14000000001;NA;NA;-4536.38831575554;-4770.99130244386;5.06618605274448;5.07078220470973;294.343080002228;293.790025443957;10560.1552625398;11026.5665327702;469.205973376629;0.185814185814186;245;245
213;1331.55000000005;11.619999999999;1346.71000000008;NA;NA;-4492.84635186678;-4737.53736931354;5.05844637486646;5.06451026553199;287.249231049577;286.641702688969;10435.4550716811;10921.7708781588;489.382034893502;0.0749250749250749;242;242
214;1549.96999999997;11.7800000000007;1566.4800000001;NA;NA;-4671.25458272716;-4870.74928823295;5.08086689320602;5.08738978605837;304.178535139674;303.456197665459;10884.4752805949;11279.8029608127;398.989411011584;0.831168831168831;253;253
215;1406.84999999998;12.25;1423.85999999999;NA;NA;-4505.17443495155;-4742.77405021115;5.05713145449753;5.06237118024991;292.489593721995;291.903032010813;10486.5596310077;10958.798452922;475.199230519191;0.176823176823177;242;242
216;1715.5;13.1100000000006;1733.98999999999;NA;NA;-4742.07653874466;-4951.7237336998;5.08924664021928;5.0958585492216;316.561154479397;315.862852909063;11091.3730386788;11507.1220655308;419.294389910285;0.725274725274725;257;257
217;1481.71999999997;12.1700000000001;1498.79000000004;NA;NA;-4548.96925230085;-4801.85952167346;5.06633164950887;5.07140091056889;298.203879616728;297.596448874251;10605.4339237759;11108.1437477372;505.78053874521;0.024975024975025;246;246
218;1548.50999999989;12.8100000000013;1565.84999999998;NA;NA;-4622.86869773338;-4842.90160480178;5.07031273293811;5.07649779549361;303.377667486685;302.682723194107;10780.6158666017;11217.1657494501;440.065814136795;0.474525474525474;248;248
219;1498.63;13.25;1516.19000000006;NA;NA;-4630.54022076193;-4830.4020218773;5.0739627695223;5.07991785204278;300.16313883276;299.542287477395;10780.9011304904;11177.4811663981;399.723602230748;0.911088911088911;250;250
220;1633.52000000002;12.7299999999996;1650.90000000002;NA;NA;-4678.62203147956;-4882.50618851584;5.07597966705714;5.08195421160502;308.342293616731;307.632420787585;10919.0938480422;11323.2664350653;407.768314072566;0.794205794205794;251;251
221;1615.24000000011;12.1900000000005;1632.26000000001;NA;NA;-4685.09624608911;-4887.81087386172;5.0839032569459;5.08923038182875;306.922812307341;306.298935911232;10926.6754874565;11328.9409084389;405.429255545228;0.767232767232767;254;254
222;1377.75;11.7000000000007;1393.19000000006;NA;NA;-4475.84699605156;-4680.32047170474;5.04230561899725;5.04834134097142;289.481264862705;288.7982387209;10408.4730974073;10813.9828030867;408.946951306372;0.853146853146853;235;235
223;1715.76000000001;12.7800000000007;1733.55000000005;NA;NA;-4717.6138764035;-4924.47549968031;5.08622521222094;5.09169154298346;310.938611814333;310.249617688819;11013.2952536323;11423.5217352412;413.723246553604;0.745254745254745;256;256
224;1517.08000000007;13.4700000000012;1549.03999999992;NA;NA;-4654.88761225201;-4871.77072487207;5.0838799154609;5.09129432354135;303.760478484653;303.047502058783;10849.6220934724;11279.7740416924;433.76622524013;0.561438561438561;253;253
225;1695.46999999997;12.4699999999993;1712.65000000002;NA;NA;-4779.19881022425;-4991.24354180745;5.10587869549389;5.1121728081918;315.060628981357;314.398970628376;11162.8281223909;11583.5481234737;424.0894631664;0.621378621378621;265;265
226;1534.51000000001;11.1699999999983;1550.34999999998;NA;NA;-4617.54581456784;-4852.85020365918;5.07835159774562;5.0851493627273;300.4259936126;299.736760020366;10756.8428882751;11223.9604835738;470.608778182674;0.165834165834166;251;251
227;1636.09000000008;13.2599999999984;1655.16999999993;NA;NA;-4677.0550728802;-4907.78751366786;5.09190273325726;5.09879322926112;305.875168079215;305.204033239713;10907.6699712841;11365.7261154627;461.464881575315;0.244755244755245;258;258
228;1739.73999999999;13.0799999999999;1758.04999999993;NA;NA;-4741.1304448886;-4941.92300769785;5.08957106708257;5.09456759786075;313.794572922119;313.191561048016;11075.4345757361;11473.9581358177;401.585125618494;0.905094905094905;257;257
229;1687.55999999994;12.3999999999996;1705.27000000002;NA;NA;-4690.54014939748;-4897.34426467038;5.081765640631;5.08694162263438;309.27064056483;308.629696349185;10949.4697233515;11359.8275641166;413.608230545797;0.723276723276723;254;254
230;1377.31999999995;12.0299999999988;1393.41000000003;NA;NA;-4512.9016935466;-4726.87728872461;5.05781574915512;5.06260829635678;289.666158947822;289.11148264876;10487.7641205511;10912.9158296976;427.951190356023;0.549450549450549;242;242
231;1715.25;12.2699999999986;1732.72000000009;NA;NA;-4739.3306007053;-4945.0046820417;5.0918034987867;5.09955099427276;312.137397002849;311.35828267348;11064.027293965;11471.4182844058;411.348162672808;0.744255744255744;258;258
232;1434.77999999991;11.8799999999992;1451.03000000003;NA;NA;-4516.52481546892;-4748.3480676139;5.05574278156813;5.06264421757805;294.166191345766;293.461281962739;10516.5016571039;10976.5933706555;463.646504289958;0.246753246753247;240;240
233;1547.81000000006;12.0599999999995;1565.26000000001;NA;NA;-4633.5139322645;-4836.85538790713;5.0764370633742;5.08363234851979;303.077856535022;302.390745301381;10801.6066889669;11204.810539257;406.682911285256;0.782217782217782;250;250
234;1587.70999999996;12.6499999999996;1605.78000000003;NA;NA;-4632.08802053247;-4859.45957827928;5.07798714121772;5.08465186499135;304.886445230474;304.201487136374;10808.5208773586;11259.7944666984;454.743115493631;0.333666333666334;251;251
235;1440.65999999992;11.3900000000012;1456.03999999992;NA;NA;-4554.59934019045;-4770.65760609835;5.06440722224259;5.07190350516644;293.424351303926;292.71162106054;10591.934778507;11020.4497317374;432.116531815798;0.564435564435564;245;245
236;1563.10999999999;13.6299999999992;1582.46999999997;NA;NA;-4639.2441534505;-4845.32817681337;5.07432192899955;5.07867254996542;302.25736618635;301.694302172815;10808.9127297963;11218.2298057456;412.168046725734;0.708291708291708;250;250
237;1378.60000000009;13.0799999999999;1396.25;NA;NA;-4518.21968827983;-4730.68723030447;5.05272305833052;5.06009137359815;289.914852254891;289.18367817109;10497.8470543681;10919.0964237616;424.935084049275;0.716283716283716;239;239
238;1417.88;12.6700000000001;1434.21000000008;NA;NA;-4478.10689223411;-4721.00421107126;5.05351638705784;5.05937729969563;291.223316321651;290.564025058129;10424.8251727713;10907.29506753;485.7946376743;0.0739260739260739;240;240
239;1759.47999999998;12.5400000000009;1777.30000000005;NA;NA;-4736.87894154146;-4965.47629137669;5.08969845487018;5.09581689679943;315.950876703383;315.281690814578;11078.4928864757;11532.2887475965;457.19469967047;0.265734265734266;258;258
240;1664.46999999997;13.1299999999992;1682.90000000002;NA;NA;-4669.48536137779;-4888.7060481972;5.08297758610446;5.08963656577055;308.12640185598;307.443120995574;10901.5574242122;11336.5337082663;438.441373638829;0.448551448551449;254;254
241;1559.14000000001;11.9700000000012;1575.64000000001;NA;NA;-4624.68116249553;-4857.41137205816;5.08264237292424;5.08963676931296;302.113319157637;301.421263186544;10780.8592823941;11242.8114761388;465.460419125262;0.215784215784216;253;253
242;1546.70999999996;12.1400000000012;1564.10999999999;NA;NA;-4553.22737626323;-4803.23284005546;5.06708598402531;5.07395173278179;298.361446734822;297.649039832888;10614.74671301;11111.1562449901;500.010927584459;0.0809190809190809;246;246
243;1657.39000000001;12.9899999999998;1675.85999999999;NA;NA;-4642.81346858647;-4869.4951043083;5.07919176326062;5.08580077415945;304.803729186666;304.131873883698;10830.1587633605;11280.1175426715;453.363271443668;0.317682317682318;252;252
244;1731.09999999998;13.8500000000004;1750.25;NA;NA;-4693.69859059293;-4902.30965307044;5.08686548011027;5.09321126789561;308.326026063818;307.650134325241;10952.20535522;11365.9972121215;417.222124955029;0.659340659340659;256;256
245;1739.57999999996;13.2899999999991;1758.18000000005;NA;NA;-4712.5472941406;-4945.91746379658;5.09307790037809;5.09889870654314;312.871700388814;312.229971723344;11014.7954238323;11478.2751403572;466.740339311964;0.187812187812188;259;259
246;1546.33999999997;12.8299999999999;1563.87;NA;NA;-4602.17069584325;-4823.21588296176;5.07238043942561;5.07768620911405;298.880065375861;298.248178006064;10717.0665160158;11155.9587114154;442.090374237016;0.365634365634366;249;249
247;1571.8600000001;12.75;1589.69000000006;NA;NA;-4587.48870623421;-4811.600810624;5.06708016147842;5.07408853852809;298.985159536596;298.244257888948;10687.0288592317;11131.506121474;448.22420877956;0.368631368631369;247;247
248;1600.22000000009;12.2299999999996;1617.40000000002;NA;NA;-4641.19714332832;-4844.8446315882;5.07566651196337;5.08047157819295;302.287104235509;301.738268093872;10812.9692826787;11217.4853286271;407.294976519755;0.91008991008991;250;250
249;1750.67000000004;12.6499999999996;1768.73999999999;NA;NA;-4714.50116972202;-4921.60140616485;5.09012861786873;5.09621932287053;311.496072875006;310.830966377518;11011.1111051406;11421.9334589698;414.200472885663;0.811188811188811;258;258
250;1816.55999999994;12.2000000000007;1839.91999999993;NA;NA;-4740.24234520698;-4948.7356840348;5.0933321817402;5.09890287389672;313.505237037795;312.846243683383;11074.0085822044;11487.6456454653;416.986677655632;0.708291708291708;260;260
251;1702.06999999995;11.9200000000001;1718.94999999995;NA;NA;-4677.11253909817;-4882.09338233172;5.0881095548702;5.0953426845626;305.293492867901;304.578521618007;10904.2377339357;11310.5694233288;409.96168646711;0.728271728271728;257;257
252;1385.57000000007;9.86000000000058;1400.16000000003;NA;NA;-4411.0394750033;-4652.09372580813;5.03642999991174;5.04159555285537;284.80164268164;284.242807756637;10253.4788422586;10732.7786653652;482.108501609664;0.138861138861139;232;232
253;1662.90999999992;10.5799999999999;1678.51000000001;NA;NA;-4661.38693710794;-4838.42097645543;5.08097842696133;5.08692089322982;302.045525040962;301.417628126737;10853.3290535378;11204.2153904275;354.068078694985;0.984015984015984;252;252
254;1680.27000000002;11.1000000000004;1697.83999999997;NA;NA;-4638.25987638866;-4862.81213406357;5.08071054708531;5.08746445209016;301.756645093641;301.024787551827;10806.2086295393;11251.6031542085;449.104515349816;0.360639360639361;253;253
255;1827.95999999996;10.9300000000003;1844.88;NA;NA;-4746.74270177557;-4971.99658076299;5.09750021396728;5.10398447356849;312.937219439617;312.303247864747;11084.7227519671;11532.0068625613;450.507757974839;0.367632367632368;261;261
256;1549.78999999992;10.25;1565.32999999996;NA;NA;-4584.87303573468;-4787.85106128992;5.06639198050735;5.07198544000096;297.206171898495;296.596689275074;10672.1978278419;11075.0727913956;405.956051110476;0.81018981018981;246;246
257;1626.81000000006;10.6699999999983;1642.20000000007;NA;NA;-4622.21340356571;-4841.13223276805;5.08171063215028;5.08844928255323;299.306944089276;298.671626667879;10761.1047761917;11195.7230908577;437.83765840468;0.451548451548452;252;252
258;1623.03000000003;11.1900000000005;1639.47999999998;NA;NA;-4576.96266054415;-4819.04933377456;5.06935252985951;5.07479515779359;301.801308353578;301.18384745906;10680.8285193028;11161.8779461896;484.173346460822;0.0739260739260739;248;248
259;1876.28999999992;11.6900000000005;1894.21999999997;NA;NA;-4755.4914256467;-4986.08430959038;5.10222357133129;5.10975398502142;315.046953860308;314.315616737981;11114.1503479843;11571.6145883684;461.185767887355;0.226773226773227;263;263
260;1867.47000000009;11.4599999999991;1885.57000000007;NA;NA;-4765.58202917992;-4998.00206711798;5.10419651472135;5.11053852122948;316.419067848237;315.757955533952;11141.3137795105;11602.7896782031;464.840075876127;0.186813186813187;263;263
261;1818.18999999994;11.6400000000012;1835.92000000004;NA;NA;-4775.0754711653;-4972.64741168566;5.0909834244814;5.09686418123303;315.242862828305;314.552912560501;11151.2898973121;11542.9294761749;395.143881040714;0.944055944055944;258;258
262;1704.89000000001;10.8899999999994;1721.27000000002;NA;NA;-4687.86907351383;-4896.77293659865;5.08383368165458;5.09084763906155;308.263141622919;307.596803685132;10939.0182903318;11353.4468487508;417.807726169654;0.656343656343656;254;254
263;1798.69000000006;11.8000000000011;1815.77000000002;NA;NA;-4751.69394462963;-4947.0071076857;5.0956805151512;5.10258646134417;313.461234030894;312.77130584303;11096.6881170258;11483.8075892769;390.626326112137;0.818181818181818;260;260
264;1590.69999999995;10.4200000000001;1605.90000000002;NA;NA;-4607.64399510591;-4844.48144543492;5.07375972318309;5.08001084284641;301.159023770731;300.486861286841;10740.1511588728;11210.4226887727;473.674900658016;0.105894105894106;250;250
265;1809.52000000002;11.4599999999991;1826.94000000006;NA;NA;-4720.80695176821;-4928.86554634748;5.08998392779128;5.09588690005976;310.397377991449;309.715945077816;11018.1423266301;11430.7984738052;416.117189158535;0.749250749250749;258;258
266;1709.58000000007;10.3099999999995;1724.94999999995;NA;NA;-4704.84068130397;-4918.32566904003;5.08408241647226;5.08939307098616;310.581992660925;309.952112216453;10985.3311659187;11409.1056212966;426.969975472111;0.673326673326673;255;255
267;1572.14000000001;10.5299999999988;1587.31999999995;NA;NA;-4573.93274543723;-4830.17265943468;5.07035333811706;5.07649640635531;301.741272525838;301.058860806497;10675.0720759738;11184.0980056578;512.479827994897;0.0659340659340659;249;249
268;1441.55000000005;9.81999999999971;1455.17999999993;NA;NA;-4540.51266802274;-4740.80126818907;5.05463277655082;5.06053833663977;292.547159609937;291.921514235815;10556.9209467261;10954.341776432;400.577200332655;0.905094905094905;241;241
269;1591.30999999994;10.9799999999996;1607.1100000001;NA;NA;-4588.9658682958;-4831.305032932;5.06500747288485;5.0706287522354;302.064836448033;301.45283274554;10704.3300569278;11185.9158004014;484.678329272399;0.0649350649350649;245;245
270;1775.64999999991;10.9099999999999;1791.80000000005;NA;NA;-4711.64287917095;-4923.83149888578;5.08751958530683;5.09353048057482;312.862738957421;312.179581724102;11011.1185388609;11432.0286365884;424.377239429674;0.646353646353646;256;256
271;1641.32999999996;11.3099999999995;1657.83000000007;NA;NA;-4615.84533460829;-4818.47451609389;5.0735575449287;5.078599997187;303.460536215492;302.877468785308;10767.5989834708;11169.9062605283;405.258362971188;0.833166833166833;249;249
272;1692.15999999992;11.1399999999994;1709.15000000002;NA;NA;-4636.32322842692;-4886.42104642922;5.08212752909236;5.08762417054802;305.862486327368;305.22408040298;10823.7522716453;11320.7103901845;500.195636004608;0.00799200799200799;254;254
273;1804.57999999996;11.3900000000012;1822.30999999994;NA;NA;-4713.738815162;-4921.35124543825;5.09319574929137;5.09878670302961;310.250744363179;309.602589065929;11004.4591769796;11416.389512179;415.224860552509;0.703296703296703;260;260
274;1665.07999999996;10.75;1681.32000000007;NA;NA;-4609.31032005831;-4847.8313060353;5.07048746460793;5.07545171203443;303.617136579679;303.000369069813;10755.3215576015;11229.2418770395;477.041971953971;0.0929070929070929;249;249
275;1694.91000000003;11.0900000000001;1711.42999999993;NA;NA;-4648.52603174656;-4863.40503500299;5.07847940047736;5.08472409783277;304.611448254125;303.869750644336;10841.2127363561;11267.2108701303;429.758006512851;0.584415584415584;253;253
276;1528.89999999991;11.0799999999999;1545.33999999997;NA;NA;-4559.06984573112;-4775.14988383605;5.06414886918256;5.06985588727107;293.597133857287;292.977315248425;10601.7488968402;11030.7768968554;432.160076209875;0.53046953046953;245;245
277;1571.51000000001;10.0499999999993;1586.39000000001;NA;NA;-4616.80087825394;-4822.25352456011;5.07625003574604;5.08245328873823;297.508398393885;296.850450791867;10740.5744868511;11148.1470698674;410.905292612333;0.816183816183816;251;251
278;1944;12.6299999999992;1962.59999999998;NA;NA;-4855.65172301687;-5076.38763564227;5.11964615442117;5.12669415766563;324.757374145295;324.033361068388;11369.3477140949;11807.1231006264;441.471825250788;0.404595404595405;272;272
279;1221.32999999996;11.0799999999999;1235.97999999998;NA;NA;-4364.79872196892;-4628.69716187582;5.03094278305996;5.03737521025033;283.295359128949;282.60533483877;10152.2004301791;10676.532266941;527.796879813803;0.00699300699300699;230;230
280;1685.85999999999;12.8700000000008;1704.54999999993;NA;NA;-4683.15463957645;-4916.58787525986;5.08678500080924;5.09327022485871;311.050869254092;310.373070284771;10944.946505997;11408.3730297827;466.866471366819;0.115884115884116;256;256
281;1565.08000000007;12.1399999999994;1582.3600000001;NA;NA;-4632.55018859874;-4864.2883916836;5.08105749900473;5.08688573284236;303.378424259944;302.739821344235;10803.0105063878;11263.2496556728;463.476406169724;0.185814185814186;253;253
282;1891.89000000001;12.7599999999984;1911.82999999996;NA;NA;-4818.80044286303;-5030.71439544897;5.10141020018974;5.10653824416414;322.698041428991;322.092823587182;11279.702181821;11700.4503378936;423.827905171895;0.608391608391608;263;263
283;1780.48999999999;12.3899999999994;1799.66000000003;NA;NA;-4748.89335388101;-4970.22886920663;5.09291082306873;5.09945778172505;314.983202186721;314.276694859322;11098.2160820983;11537.297349638;442.671030651249;0.362637362637363;259;259
284;1827.91999999993;12.7999999999993;1846.80999999994;NA;NA;-4799.68705436667;-5017.08587961639;5.10230138144807;5.1087262760851;318.599123426812;317.942104126097;11221.2219492444;11652.6750038059;434.797650499428;0.519480519480519;264;264
285;1570.39000000001;12.2800000000007;1587.92000000004;NA;NA;-4595.94537067758;-4824.69257252619;5.07386204115978;5.08129265429434;301.381553895657;300.608839668191;10717.8806502584;11171.4625579905;457.494403697228;0.267732267732268;250;250
286;1578.03000000003;12.8100000000013;1595.43999999994;NA;NA;-4636.430503109;-4858.58794006079;5.07943994925379;5.08690045000887;302.346350893959;301.624505578376;10804.9405602756;11245.5976276737;444.314873903579;0.414585414585415;252;252
287;1701.71999999997;11.8400000000001;1719.28000000003;NA;NA;-4729.45108086101;-4920.95140407035;5.083049780137;5.09035899573746;310.899184063655;310.140778819863;11035.5503411229;11414.7049232604;383.000646418663;0.972027972027972;254;254
288;1569.09000000008;12;1586.33999999997;NA;NA;-4621.03599436045;-4822.12501765628;5.07456397992636;5.08071493657717;302.023550820429;301.355566744958;10771.3125306376;11170.1083630715;402.178046591667;0.878121878121878;250;250
289;1475.35999999999;11.9500000000007;1492.30000000005;NA;NA;-4547.54975036875;-4776.31210507431;5.06117694832185;5.06641634710537;295.049713934982;294.46037678912;10584.8396774788;11039.3887553866;457.524709411115;0.235764235764236;243;243
290;1562.57999999996;12.2300000000014;1580.47999999998;NA;NA;-4601.35882397821;-4834.43489629469;5.07608490758188;5.0832938338922;300.190300605295;299.490457872948;10723.2750485808;11185.8822717296;466.152144632953;0.163836163836164;251;251
291;1609.95999999996;12.8500000000004;1627.77999999991;NA;NA;-4597.63377260136;-4829.02308710237;5.06762183234202;5.07305398885642;302.272227453497;301.629699166186;10723.9426123727;11183.4717963925;462.778629002023;0.274725274725275;247;247
292;1922.5;13.2600000000002;1941.71999999997;NA;NA;-4792.70583577691;-5011.4549397587;5.10051182964581;5.10640828996555;320.385811593176;319.684851910615;11215.7468112958;11649.6780722827;437.498207963588;0.498501498501498;263;263
293;1765.43000000005;11.9800000000014;1782.98999999999;NA;NA;-4717.50775411671;-4933.82410569956;5.08699228233038;5.0919116725237;311.495675261793;310.879713648254;11015.9102028807;11445.4167937941;432.632703165695;0.56043956043956;256;256
294;1545.80000000005;12.4099999999999;1563.07999999996;NA;NA;-4617.05462788446;-4834.5626219571;5.08175397978659;5.08822230330174;296.768524661446;296.102090710625;10737.9242929846;11169.563260613;435.015988145293;0.47952047952048;252;252
295;1566.85999999999;12.7799999999988;1584.13;NA;NA;-4596.77955661082;-4807.05129373009;5.07170025051736;5.07804312670747;298.497556850468;297.86323826197;10703.7476432204;11121.0819097628;420.543474238544;0.69030969030969;248;248
296;1589.72999999998;12.2399999999998;1606.90000000002;NA;NA;-4620.49924691017;-4808.55000788783;5.06790813109235;5.07430618477182;301.262923995797;300.556654911034;10764.5692315453;11137.0989535053;376.101521955312;0.962037962037962;247;247
297;1430.46999999997;12.1900000000005;1447.45000000007;NA;NA;-4547.02405051474;-4749.96240350894;5.05962933301317;5.0654160564122;291.353902153934;290.698073392586;10565.1276960591;10967.6930466768;405.87670598841;0.799200799200799;243;243
298;1776.79999999993;12.7000000000007;1794.90999999992;NA;NA;-4746.13949680233;-4964.20634069137;5.09036373828037;5.0962568719534;315.268768059625;314.629400678726;11092.9373498024;11525.8248906588;436.133687778085;0.518481518481518;257;257
299;1611.28000000003;13.1599999999999;1629.64000000001;NA;NA;-4657.72803341734;-4868.07437174672;5.08066773874685;5.0862846754511;303.704800562134;303.104247168571;10855.0206888331;11272.6689922826;420.692676658751;0.687312687312687;253;253
300;1543.67000000004;11.8299999999999;1560.51000000001;NA;NA;-4615.63005163259;-4831.73314637228;5.07153919994723;5.07794463219056;300.043927525578;299.347904769621;10749.8758965253;11178.559297997;432.206189479368;0.556443556443556;249;249
301;1552.89000000001;12.2700000000004;1570.65999999992;NA;NA;-4643.15261789997;-4823.06244155445;5.07602417309852;5.08211215776085;300.848338528684;300.200415771088;10810.1958035262;11166.7335201995;359.819647308948;0.911088911088911;251;251
302;1509.14000000001;12.1399999999994;1526.01000000001;NA;NA;-4567.27521253373;-4792.53873629348;5.07072175485005;5.07730886726538;296.892814390886;296.22923752873;10636.6200823972;11083.7898958523;450.527047519512;0.258741258741259;248;248
303;1727.83999999997;11.7300000000014;1745.5;NA;NA;-4696.68629354632;-4912.17765528571;5.07754115386962;5.08210663978137;312.37381597765;311.80368587043;10976.2643113263;11404.3580147199;430.982723478779;0.584415584415584;252;252
304;1534.09999999998;11.9799999999996;1550.83000000007;NA;NA;-4603.577925965;-4817.23178579524;5.07151310314855;5.07941094262988;296.320770352954;295.605645332591;10706.3313671641;11130.0210551909;427.307719660492;0.61038961038961;248;248
305;1746.35999999999;12.6700000000001;1765.04999999993;NA;NA;-4724.76191751601;-4922.03779599126;5.08382680349859;5.08984835625995;312.697933114546;312.03345819549;11035.9082631386;11427.088994723;394.551756950514;0.908091908091908;255;255
306;1587.19000000006;12.1400000000012;1604.84000000008;NA;NA;-4584.1659601109;-4829.29765018046;5.0692898656309;5.0746151792674;302.274300844141;301.677957325528;10697.0174731073;11184.2649775371;490.26338013912;0.0729270729270729;247;247
307;1633.58999999997;12.6099999999988;1651.21999999997;NA;NA;-4616.40859896058;-4877.83565363654;5.07539920518462;5.07996109964175;304.761543551029;304.199891450356;10776.5293682938;11296.538534766;522.854109351914;0.00699300699300699;251;251
308;1854.48999999999;12;1872.39000000001;NA;NA;-4789.61032529853;-4985.76524149238;5.10273126954797;5.10892035402506;317.491465118941;316.805621776538;11194.827439105;11583.6472464635;392.309832387702;0.883116883116883;263;263
309;1716.07999999996;12.75;1734.89000000001;NA;NA;-4695.34724412245;-4909.51693794815;5.08495472175644;5.08950445598599;309.984263099588;309.41191796927;10963.311879864;11388.7476365474;428.339387651402;0.651348651348651;255;255
310;1690.44000000006;12.8999999999996;1709.60999999999;NA;NA;-4684.42878387123;-4884.10978809842;5.0827174771768;5.08911036530252;307.238276809527;306.591091154035;10926.9403630798;11323.0203298378;399.362008454373;0.88011988011988;254;254
311;1911;14.1599999999999;1931.96999999997;NA;NA;-4800.1667447236;-5025.11789367079;5.10652672579123;5.11134508698147;319.683334811062;319.080022977986;11228.9069306101;11675.7357569747;449.902297894372;0.307692307692308;266;266
312;1740.85999999999;13.5;1760.31000000006;NA;NA;-4713.54202132315;-4912.04898289503;5.09020984182653;5.0959735891722;310.902479724308;310.283164936125;11005.5742153208;11399.4438010253;397.013923143768;0.884115884115884;257;257
313;1743.66000000003;12.3599999999988;1761.28000000003;NA;NA;-4726.31979912194;-4940.8470039766;5.09698009564043;5.1036694509854;309.184949220238;308.49014641848;11024.797233083;11450.3186780337;429.054409709313;0.566433566433566;261;261
314;1732.95000000007;13.0500000000011;1752.10999999999;NA;NA;-4716.41224961498;-4929.98411676677;5.0855741569963;5.09021579147459;311.212024094405;310.626412463229;11011.6705886349;11435.8433881345;427.143734303576;0.649350649350649;255;255
315;1587.25999999989;11.4399999999987;1603.58000000007;NA;NA;-4623.40187287813;-4857.62462418026;5.07720421298335;5.08182858507297;301.874282974919;301.310845912516;10775.8910417486;11241.4825600859;468.445502604261;0.23976023976024;251;251
316;1678.46000000008;12.9200000000001;1696.55000000005;NA;NA;-4717.05870819532;-4921.62832007348;5.0935014692669;5.10002817406508;307.552046288278;306.877844173426;10996.7890941177;11402.5026975192;409.139223756332;0.789210789210789;259;259
317;1383.65000000002;12.3200000000015;1400.33000000007;NA;NA;-4491.28276361381;-4711.92937513574;5.05052174945948;5.05600118986034;288.300221626633;287.67250344756;10435.834147728;10873.9631583858;441.293223043858;0.43956043956044;239;239
318;1527.32000000007;12.8999999999996;1545.07999999996;NA;NA;-4603.82090543813;-4805.51694049405;5.06464157607322;5.06902299906925;299.366147253623;298.808532837692;10721.0127845225;11121.5859738781;403.392070111835;0.89010989010989;246;246
319;1669.07999999996;11.8899999999994;1686.38;NA;NA;-4657.68848430011;-4885.62964555292;5.08206087612395;5.08691102334342;305.290595058471;304.68651049384;10863.582578521;11316.4014358333;455.882322505622;0.280719280719281;254;254
320;1613.56999999995;11.3899999999994;1630.28000000003;NA;NA;-4613.90763297872;-4842.6695798431;5.0762502275204;5.08258526297751;304.778225995322;304.143870212353;10771.0035975277;11225.3155477551;457.52389372877;0.267732267732268;250;250
321;1920.03000000003;13.6000000000004;1939.6100000001;NA;NA;-4843.87460444773;-5057.66358671158;5.11105097376177;5.11782667171533;324.604960343807;323.902091294199;11342.6108052408;11766.6054881198;427.577964527705;0.596403596403596;268;268
322;1722.19999999995;11.7799999999988;1739.34000000008;NA;NA;-4747.24111054824;-4961.09700797123;5.09288577714664;5.09737731324228;313.284338414957;312.711685417895;11086.2796700969;11511.0818155665;427.711794845984;0.622377622377622;259;259
323;1638.85999999999;12.4099999999999;1655.66000000003;NA;NA;-4663.90646087671;-4895.33136988635;5.08292959703872;5.08877830971961;308.748559024593;308.092906381835;10893.5547391366;11353.0795772315;462.849818019269;0.202797202797203;254;254
324;1637.35999999999;12.0300000000007;1655.54999999993;NA;NA;-4705.84535311953;-4887.21283098262;5.08776798862806;5.09333913000871;305.609448853388;304.98574003587;10962.7117787478;11322.281303815;362.734955726182;0.989010989010989;256;256
325;1682.60999999999;11.9200000000001;1699.69000000006;NA;NA;-4699.08534661833;-4926.19722645892;5.08872639997375;5.09416229134676;312.120008369761;311.463963344053;10982.842408765;11433.7353470683;454.223759681179;0.27972027972028;257;257
326;1416.35999999999;11.8100000000013;1432.07999999996;NA;NA;-4541.57850694086;-4763.43005368687;5.0648781703292;5.07170477781577;292.258888327283;291.594714822125;10560.0037779467;11000.3506604523;443.703093492011;0.43956043956044;245;245
327;1639.19999999995;12.0499999999993;1655.75;NA;NA;-4690.3298959162;-4911.44256647304;5.08714305769115;5.09327870048298;310.497118978163;309.835637534908;10956.4866397759;11395.3548475895;442.225341113681;0.431568431568432;256;256
328;1435.03000000003;12.0399999999991;1450.76000000001;NA;NA;-4565.93300888001;-4770.83759494525;5.06201886625262;5.06756869192626;294.708035731275;294.038274311178;10620.4861725007;11026.9122663708;409.809172130486;0.836163836163836;244;244
329;1448.46999999997;11.75;1464.59999999998;NA;NA;-4566.28836664538;-4784.58752122972;5.06159824744753;5.0673866274427;295.502520715991;294.8757634;10624.6031839111;11058.0369228036;436.598309168676;0.466533466533467;243;243
330;2003.53000000003;13.6499999999996;2023.15999999992;NA;NA;-4888.59434273544;-5101.12274373989;5.11691271558616;5.12310114648566;328.550200515028;327.855524293506;11454.5971759415;11876.1073181393;425.056802008918;0.608391608391608;272;272
331;1520.88;11.75;1537.47999999998;NA;NA;-4590.64671781594;-4813.70960447886;5.06518622599172;5.07097914536902;300.598661619614;299.957499013898;10700.8950785879;11143.7796140992;446.125773325848;0.425574425574426;246;246
332;1703.55999999994;11.9899999999998;1720.97000000009;NA;NA;-4737.89646048265;-4953.68284592525;5.09006668213289;5.09490587421153;314.587967954769;313.982767679016;11073.605622391;11502.1045418069;431.572770885212;0.563436563436563;258;258
333;1601.18999999994;12.5;1619;NA;NA;-4695.34377930911;-4901.32895543719;5.08588180407868;5.09131373065954;307.029520471552;306.417180052718;10948.3149001034;11357.1787166192;411.970352256156;0.836163836163836;255;255
334;1676.69999999995;12.8500000000004;1694.90000000002;NA;NA;-4705.84674358626;-4923.05954863663;5.08869317480404;5.09392470884539;312.08777623177;311.517994207646;10995.5931971585;11427.1270644501;434.42561010075;0.494505494505495;256;256
335;1693.04999999993;12.3999999999996;1710.96000000008;NA;NA;-4736.4590069262;-4915.24643957904;5.08526187158514;5.09139913937044;312.751135173419;312.059725862436;11059.5723475414;11413.6395434696;357.57486530568;0.973026973026973;255;255
336;1603.75;12.4099999999999;1620.80999999994;NA;NA;-4632.9767613384;-4843.80383928919;5.07545866462222;5.08131781027609;303.694569509706;303.0257913333;10804.261137101;11222.5277231728;421.654155901588;0.583416583416583;251;251
337;1402.34000000008;12.7800000000007;1419.48999999999;NA;NA;-4537.57751469233;-4747.95450839177;5.05659672113486;5.06271920167835;290.114604504338;289.440181861682;10539.3790917627;10956.7292316948;420.753987398883;0.713286713286713;242;242
338;1585.72999999998;11.9200000000001;1602.17999999993;NA;NA;-4628.85940028941;-4834.44681588;5.07778679933975;5.08365341042297;303.347004013648;302.708680777088;10794.2658874771;11202.2074125874;411.174831181183;0.785214785214785;251;251
339;1710.58999999997;13.4400000000005;1729.58999999997;NA;NA;-4707.5183497265;-4917.94424477672;5.08326478706994;5.08949279320721;312.1017379346;311.409800846118;10998.3965001175;11415.7379433108;420.85179010044;0.605394605394605;255;255
340;1726.06000000006;12.2299999999996;1742.92000000004;NA;NA;-4730.05682208159;-4932.61749204772;5.08751058824087;5.09501544850323;313.56580687567;312.820914391959;11052.1258567351;11453.4652858049;405.121339932262;0.784215784215784;257;257
341;1585.39000000001;12.2700000000004;1602.67000000004;NA;NA;-4691.05892976595;-4882.94417234506;5.08711820053826;5.09195643574136;305.024146084057;304.478934823361;10929.5715018526;11310.5760120478;383.770485158211;0.923076923076923;255;255
342;1558.22000000009;12.5299999999988;1575.12;NA;NA;-4611.77042715358;-4858.27252936491;5.07680076628239;5.08168457995294;303.43087690103;302.867234469759;10760.5127835116;11250.66196341;493.004204422672;0.010989010989011;251;251
343;1545.33999999997;12.0799999999999;1563.28000000003;NA;NA;-4632.7401042526;-4850.40199817532;5.07547458721005;5.08242333727814;299.665408849316;298.975731644086;10782.780733506;11214.6124680323;435.323787845437;0.481518481518482;250;250
344;1551.63;12.369999999999;1579.93000000005;NA;NA;-4615.37924927267;-4837.91635516032;5.06690262033246;5.07140069753767;301.759028211768;301.158733105675;10756.8381738332;11198.8765256178;445.074211775289;0.391608391608392;247;247
345;1711.26000000001;12.1700000000001;1728.71000000008;NA;NA;-4725.59394972038;-4928.50406390409;5.0919939911301;5.09974522743339;310.911397539331;310.208629834873;11029.7233489602;11431.9755391565;405.820228367429;0.848151848151848;257;257
346;1298.43999999994;11.9099999999999;1314.72999999998;NA;NA;-4445.58071027512;-4671.37759572243;5.0446582712389;5.04948735697174;282.512813060839;281.981840608581;10312.8726433575;10761.7943602444;451.593770894617;0.290709290709291;235;235
347;1549.42000000004;12.9900000000016;1567.25;NA;NA;-4626.31072527869;-4827.91845446777;5.07380749759366;5.07917656274131;300.96983763713;300.352984585456;10776.5267101259;11176.6188468542;403.215458378148;0.859140859140859;250;250
348;1633.66000000003;12.380000000001;1650.85999999999;NA;NA;-4641.20120236105;-4865.9106762128;5.07324492166588;5.08073195833288;308.244196727859;307.485434005313;10842.5223151369;11288.1009283157;449.418947703498;0.363636363636364;249;249
349;1502.22999999998;12.6599999999999;1519.56000000006;NA;NA;-4568.32973137612;-4785.1837507226;5.07296963749396;5.07903107065349;296.926695413053;296.302343436069;10638.9005343194;11069.4497893885;433.708038692967;0.525474525474525;248;248
350;1775.35999999999;13.1499999999996;1794.53000000003;NA;NA;-4759.87123312578;-5001.91607822976;5.09870709371991;5.10508761624201;319.867932334047;319.136399773634;11146.8330204416;11627.2015820249;484.089690207977;0.050949050949051;262;262
351;1517.18999999994;12.4200000000001;1534.47999999998;NA;NA;-4620.97666870056;-4815.22763563975;5.06955727720509;5.07522650720666;301.141604592079;300.497388234709;10765.5188967273;11150.7615471328;388.501933878375;0.959040959040959;248;248
352;1594.37;11.25;1610.5;NA;NA;-4670.9805215511;-4885.35272146858;5.08067661295026;5.08470591269387;306.3278151659;305.753544925552;10894.8224601446;11320.6557234289;428.744399834959;0.4995004995005;253;253
353;1658.84999999998;12.0599999999995;1676.41000000003;NA;NA;-4709.12491828937;-4925.05807000333;5.08562752849484;5.09138579012;311.361108765192;310.689082053851;10997.8522648499;11426.3092310317;431.866303427912;0.53046953046953;255;255
354;1557.12;11.7399999999998;1573.30000000005;NA;NA;-4609.84243082708;-4838.89182525266;5.07668268246168;5.0824139056603;302.500992806942;301.878889569233;10751.946638205;11206.8942803331;458.098788851161;0.24975024975025;251;251
355;1571.05999999994;10.8700000000008;1587.16999999993;NA;NA;-4671.31902964693;-4859.02996589242;5.07684081277353;5.08288905341423;304.080120379107;303.39837870002;10882.8986089948;11254.867247476;375.421872490973;0.989010989010989;251;251
356;1441.60999999999;12.0299999999988;1457.62;NA;NA;-4527.74297007781;-4749.91043589889;5.05701987956961;5.06172919740193;293.977408357134;293.427225513041;10539.2057820004;10980.7639111427;444.334931642159;0.390609390609391;242;242
357;1766.72000000009;10.8899999999994;1783.06000000006;NA;NA;-4758.08032549318;-4973.27652728181;5.10020087348402;5.10641688640898;315.891116674961;315.241390074388;11123.0221089134;11550.109510933;430.392403577265;0.649350649350649;262;262
358;1900.13;13.2999999999993;1919.41000000003;NA;NA;-4821.70179923682;-5031.98322733247;5.10841577360225;5.11574212724713;322.025917677168;321.300338208479;11284.5151143307;11701.3802655972;420.562856191294;0.794205794205794;267;267
359;1556.22000000009;12.2299999999996;1573.57999999996;NA;NA;-4593.4174764614;-4834.230596888;5.06876432119859;5.0739749416159;302.487422226692;301.892116213418;10715.9847545639;11194.601574181;481.626240853189;0.0859140859140859;246;246
360;1555.79999999993;12.4799999999996;1573.55000000005;NA;NA;-4698.62727338953;-4880.16086045293;5.08546061323142;5.09236563318733;304.819487867689;304.118848135791;10943.6699135848;11303.1825904071;363.067174126798;0.995004995004995;255;255
361;1735.71999999997;12.9099999999999;1754.32999999996;NA;NA;-4782.79035039392;-5016.44195223382;5.10622096841473;5.11360194691882;317.954523294812;317.17890460309;11185.346999965;11648.6989435563;467.303203679807;0.211788211788212;266;266
362;1519.31999999995;12.8000000000011;1536.90999999992;NA;NA;-4636.95615340332;-4862.0581682567;5.08131685421719;5.08744829042635;306.709036906766;306.077507915448;10828.7062435335;11275.7088760579;450.204029706765;0.312687312687313;253;253
363;1680.06000000006;13;1698.19999999995;NA;NA;-4681.67460639878;-4934.02786975063;5.08974301860444;5.09552218422808;309.797648598875;309.150410868435;10936.8315713926;11438.2507356671;504.706526703698;0.00699300699300699;258;258
364;1668.90000000002;13.0100000000002;1686.83999999997;NA;NA;-4767.94779708121;-4985.49443451172;5.10561703634254;5.11199918461428;314.838051070876;314.193900391669;11139.1926292233;11571.0055989541;435.093274861036;0.549450549450549;265;265
365;1485.42000000004;11.2299999999996;1500.99000000011;NA;NA;-4728.18145187132;-4950.31477577798;5.09301825936986;5.09898917370781;311.19135540766;310.527139871181;11037.5259079167;11478.4176771712;444.266647813321;0.413586413586414;259;259
366;1325.30999999994;10.7299999999996;1340.18000000005;NA;NA;-4668.58756484472;-4874.56835754192;5.07794186385277;5.08464315441202;303.742283917742;303.035480338473;10876.3282946514;11284.7082945253;411.9615853944;0.729270729270729;252;252
367;1166.41000000003;11.3299999999999;1180.78000000003;NA;NA;-4528.98230840945;-4747.55458510164;5.05843538148254;5.06299921948192;292.823294873903;292.266296535405;10535.8595856424;10970.1929383589;437.144553384378;0.467532467532468;242;242
368;1408.06999999995;11.1099999999988;1422.42000000004;NA;NA;-4699.3038548064;-4931.61543300308;5.08671229943711;5.09198530563343;312.358282935638;311.728524091866;10983.8802881392;11445.3073089387;464.623156393356;0.1998001998002;256;256
369;1399.18999999994;11.7000000000007;1414.21999999997;NA;NA;-4672.46549104298;-4922.27295738408;5.09356889694264;5.10035962850503;308.54322843224;307.896039287387;10912.042059261;11408.3698762834;499.614932682207;0.01998001998002;258;258
370;1225.64000000001;11.8200000000015;1240.65000000002;NA;NA;-4544.34245322519;-4759.22557957122;5.06223170350699;5.0703768558273;291.154910078893;290.424044457672;10558.7597674469;10984.8357949725;429.76625269207;0.537462537462537;243;243
371;1614;12.4300000000003;1637.26000000001;NA;NA;-4676.62903863565;-4892.1477579339;5.08317041494736;5.08905436585502;306.379407964992;305.760777285254;10906.3810326499;11334.2824592148;431.03743859649;0.586413586413586;253;253
372;1465.95;41.8;1521.7;NA;NA;-4513.31858315921;-4735.84772202109;5.06099628258825;5.06761396141593;291.181669710978;290.52670623772;10496.8471397965;10938.5984310894;445.05827772376;0.343656343656344;243;243
373;1886.79;40.74;1945.14;NA;NA;-4806.03189960358;-5011.25035027822;5.1071151284967;5.11419025124135;317.138876282913;316.448778278669;11227.6749206935;11634.5962328358;410.436901349283;0.82017982017982;266;266
374;1751.03;11.1;1767.2;NA;NA;-4688.2272139105;-4908.09673656316;5.08430008625016;5.09132479797499;310.664595943616;309.925277115031;10952.5232954987;11388.5116160538;439.739045305316;0.487512487512487;255;255
375;1711.3;9.95000000000002;1725.95;NA;NA;-4680.20194145424;-4896.57955162235;5.08300584384977;5.08881096683296;306.80420396924;306.140370342142;10916.2853853881;11345.6741379648;432.755220336219;0.501498501498502;254;254
376;1717.89000000001;10.6899999999987;1733.16999999993;NA;NA;-4680.54779899875;-4903.17901740237;5.0827742692027;5.08823316391795;310.556099663938;309.922037748911;10936.0039098724;11378.0508587813;445.262436807239;0.442557442557443;254;254
377;1723.04999999993;10.8700000000008;1739;NA;NA;-4697.92637759562;-4923.95139361056;5.08952657152967;5.09471383603966;310.720540657259;310.094167318189;10973.4192008191;11422.2890582778;452.050032029889;0.324675324675325;257;257
378;1720.18000000005;10.7000000000007;1735.90999999992;NA;NA;-4706.96746114464;-4923.11792994009;5.08856374002443;5.09462438981499;311.535391992274;310.862369043918;10995.6384684821;11424.5223856913;432.300937590904;0.607392607392607;257;257
379;1886.84999999998;11.5499999999993;1905.03999999992;NA;NA;-4754.62731196535;-4976.47000883362;5.09511091815798;5.10143423936741;314.881218585903;314.15552486648;11109.7725279816;11549.7692743101;443.685393736541;0.453546453546454;260;260
380;1729.70000000007;10.4800000000014;1745.79999999993;NA;NA;-4729.04073557974;-4937.57478542174;5.08830565811334;5.09321523834485;311.768686248063;311.190310915501;11040.9694810158;11455.1010979178;417.068099684004;0.767232767232767;257;257
381;1709.67999999993;11.5799999999999;1726.34999999998;NA;NA;-4718.16304398078;-4928.07215734855;5.08534122724433;5.0900680308346;311.97237540987;311.382966804747;11019.640118718;11436.4669943344;419.818226735539;0.678321678321678;256;256
382;1559.91999999993;9.63999999999942;1574.58999999997;NA;NA;-4646.3251245665;-4865.79113173186;5.07958320024805;5.08714612145035;302.012237642457;301.267650979258;10823.0367512326;11258.1957218354;438.932014330721;0.368631368631369;252;252
383;1661.45000000007;10.4499999999989;1676.56999999995;NA;NA;-4658.24104626508;-4909.2194370243;5.08727879886123;5.09300301664037;306.58181317596;305.972720183228;10872.4380829877;11371.3036116984;501.956781518453;0.044955044955045;256;256
384;1714.25;10.3499999999985;1730.21999999997;NA;NA;-4655.08220477348;-4873.06872993631;5.07720934788763;5.08346209085264;305.958413306783;305.272266370087;10859.9390981323;11292.4366004459;435.973050325654;0.487512487512487;251;251
385;1730.05000000005;11.1999999999989;1746.91000000003;NA;NA;-4724.02505587501;-4944.31302472436;5.09406173857546;5.10064319322173;310.010917642922;309.321767717634;11023.2153126757;11460.2896802078;440.575937698693;0.416583416583417;259;259
386;1722.08999999997;11.1000000000004;1737.88;NA;NA;-4678.5783644821;-4917.50672526536;5.0863988639808;5.0920809681739;309.393278571995;308.745959397419;10927.3813949821;11401.9528592237;477.856721566503;0.0639360639360639;256;256
387;1374.43999999994;11.3299999999999;1390.10999999999;NA;NA;-4431.41070380229;-4657.01705544554;5.04006951452797;5.04564332360751;284.654373577548;284.065149475953;10294.0932930332;10742.3433160692;451.212703286501;0.358641358641359;233;233
388;1572.08000000007;11.4400000000005;1588.47999999998;NA;NA;-4590.69824834245;-4793.35466479982;5.06703149589725;5.07309198658705;298.876472389128;298.23542759858;10692.2920410508;11094.3642317362;405.312832914733;0.871128871128871;246;246
389;1747.72999999998;11.4200000000001;1764.39000000001;NA;NA;-4687.1404239571;-4898.07778365699;5.08363786775839;5.08985962807071;309.332031861884;308.642614189098;10943.589329018;11361.9664830527;421.874719399773;0.702297702297702;255;255
390;1827.91000000003;11.1499999999996;1844.67000000004;NA;NA;-4691.17277261477;-4919.05370472655;5.08953376439165;5.09609402927406;309.301235159965;308.622975754661;10952.1030749329;11404.4226547827;455.761864223568;0.237762237762238;256;256
391;1304.02000000002;9.81999999999971;1318.27999999991;NA;NA;-4375.02449696136;-4621.37279531346;5.0347110816602;5.04051857848517;279.144737288906;278.520388335947;10153.0175411396;10642.5761888644;492.6965967042;0.0599400599400599;232;232
392;1660.57999999996;11.3099999999995;1676.81000000006;NA;NA;-4666.93322771088;-4853.42775321816;5.07554597147672;5.08047917388576;302.966324247443;302.370343809486;10868.4852806986;11238.4555051097;372.989051014554;0.957042957042957;251;251
393;1344.37;10.8500000000004;1359.64000000001;NA;NA;-4401.57982500314;-4656.14518935067;5.03826637865212;5.04337614301192;282.465082910049;281.8539919614;10223.4235535724;10729.4816532288;509.130728695063;0.044955044955045;233;233
394;1652.2300000001;10.6800000000003;1668.16000000003;NA;NA;-4600.20492471994;-4843.19264010023;5.06963258164296;5.07615629226403;305.599286359434;304.90512466066;10746.5281557515;11228.9916146001;485.97543076058;0.0939060939060939;248;248
395;1768.82999999996;11.8299999999999;1786.43999999994;NA;NA;-4715.57970454378;-4950.98236000528;5.09711315037195;5.10299296830937;312.113265848828;311.469699558834;11018.2070809627;11485.739956863;470.805310922991;0.166833166833167;261;261
396;1565;10.9699999999993;1580.67000000004;NA;NA;-4552.38097960621;-4798.43422080195;5.07663286373477;5.08378578293024;294.115438461828;293.416083627678;10593.9612328375;11082.5266610209;492.106482391471;0.0559440559440559;250;250
397;1488.04000000004;11.0399999999991;1503.96999999997;NA;NA;-4486.27851101624;-4746.55103562754;5.06194258083107;5.06793033217726;289.779761292839;289.132216360933;10435.6885975458;10952.964117412;520.545049222588;0.035964035964036;243;243
398;1939.72999999998;13.0700000000015;1958.63;NA;NA;-4798.37603971043;-5026.15178201358;5.10295324739711;5.10824876382234;320.651963357351;319.995300112789;11229.6561721398;11681.8636320024;455.551484606296;0.260739260739261;265;265
399;1673.25;13.9699999999993;1692.70999999996;NA;NA;-4653.09706284551;-4886.13289787283;5.07856878387409;5.08401110064396;306.809655080809;306.154350969957;10860.8905794333;11323.6416272051;466.071670054636;0.208791208791209;252;252
400;1794.22000000009;12.5799999999999;1812.69000000006;NA;NA;-4809.69595130337;-5003.03300061428;5.10217328466076;5.10875693236804;317.204709211734;316.509535467576;11234.1413943867;11617.2766696005;386.674098621819;0.938061938061938;264;264
401;1680.25;12.4200000000001;1698.21999999997;NA;NA;-4722.71080925758;-4936.37453928629;5.09110432770804;5.09652601182191;310.747911602788;310.131679551237;11023.7304245653;11447.9280020484;427.327460057422;0.54045954045954;258;258
402;1292.91999999993;11.5200000000004;1309.33000000007;NA;NA;-4441.12429220769;-4666.50445708148;5.05016262823412;5.05664742545361;279.882161308668;279.223300523042;10292.4965485463;10739.9370629929;450.760329747582;0.28971028971029;238;238
403;1474.02000000002;11.8500000000004;1490.69000000006;NA;NA;-4608.80982205418;-4805.69420239068;5.07125815525114;5.07778204316397;295.013525687204;294.349391823917;10710.181417103;11100.5901256761;393.768760673007;0.937062937062937;248;248
404;1702.70999999996;12.8799999999992;1721.21000000008;NA;NA;-4716.88590261719;-4934.80534710144;5.08746423585034;5.09278766029662;312.328537424689;311.700924921863;11019.5022484519;11452.1546714622;435.838888968505;0.533466533466533;257;257
405;1338.14000000001;11.4400000000005;1354.69999999995;NA;NA;-4482.24559140841;-4682.71562302539;5.0463097176262;5.05200682302938;287.557091702523;286.929992839098;10412.8055912754;10810.5871988648;400.940063233971;0.853146853146853;237;237
406;1618.55000000005;11.7999999999993;1635.70999999996;NA;NA;-4689.4696595655;-4923.99147615416;5.08726620994124;5.09367177845082;308.508137730298;307.820723818974;10944.6717415264;11410.2266296207;469.043633177318;0.236763236763237;256;256
407;1396.32999999996;11.3899999999994;1412.16999999993;NA;NA;-4537.89670014418;-4776.92887894586;5.06540371266144;5.0717344193168;297.126357702607;296.45810689802;10577.2365297104;11051.92407286;478.064357603358;0.0729270729270729;245;245
408;1569.39000000001;11.6999999999989;1585.82999999996;NA;NA;-4711.56466505997;-4955.99857322297;5.0975947327466;5.10526054884136;311.055594967873;310.310956377758;11004.2018727666;11489.2847463104;488.86781632599;0.0959040959040959;260;260
409;1427.55000000005;10.7599999999984;1443.02999999991;NA;NA;-4587.57917031956;-4822.80747516638;5.07266764539143;5.07907228529387;300.020981717235;299.355243672737;10694.2592432719;11161.3450111713;470.456609693638;0.138861138861139;250;250
410;1112.21999999997;10.9300000000003;1126.52000000002;NA;NA;-4451.64189926982;-4667.02275409082;5.04669094353637;5.05287142566602;281.219678859304;280.571665795358;10319.0845517129;10746.5838389394;430.761709641998;0.536463536463537;236;236
411;1355.27999999991;11.4500000000007;1371.16000000003;NA;NA;-4668.33026365515;-4864.20890768225;5.08155841014535;5.08743203211242;301.124032923968;300.498784303976;10863.1425159556;11251.7302437872;391.757288054203;0.843156843156843;253;253
412;1514.19000000006;11.7700000000004;1531.08999999997;NA;NA;-4759.08075501078;-4975.14462682168;5.10009083402137;5.10579599769423;314.811854281008;314.205732264357;11119.5330220391;11548.5775700408;432.12774362181;0.55044955044955;262;262
413;1460.38;11.5;1476.78000000003;NA;NA;-4689.54324631714;-4921.54649563809;5.08773193746852;5.09460879028949;310.229609009224;309.520017133876;10953.5556809881;11413.9608775247;464.006498641895;0.187812187812188;256;256
414;1346.37;11.7399999999998;1361.87;NA;NA;-4614.73416461098;-4823.98881838536;5.07039910405001;5.07583506217403;299.575767350847;298.966144990572;10745.1118490296;11160.5368944965;418.509307548762;0.674325674325674;248;248
415;1336.46999999997;10.8400000000001;1352.01000000001;NA;NA;-4567.45816998458;-4784.59334635069;5.06712826630655;5.07262275723724;298.058307029451;297.475540974804;10641.6758531961;11073.0001773289;434.270352732208;0.496503496503497;246;246
416;1370.37;11.6700000000001;1386.2699999999;NA;NA;-4602.70073274289;-4820.40376116646;5.07314250017571;5.07969476230039;298.543774182938;297.88888363305;10715.82382281;11147.9165922477;435.406056847129;0.542457542457542;248;248
417;1527.76000000001;11.9699999999993;1544.92000000004;NA;NA;-4655.81750761931;-4878.36416812459;5.08368643233412;5.09135184943907;306.087362612957;305.328087158413;10864.4825855855;11305.7239375545;445.093321010563;0.35964035964036;255;255
418;1228.19999999995;11.9499999999989;1244.59999999998;NA;NA;-4430.06218310244;-4655.50683215068;5.04637949346022;5.05177189976904;281.071125502941;280.538729958164;10274.580472479;10722.7905550285;450.889298096467;0.260739260739261;235;235
419;1512.66999999993;11.3099999999995;1529.04000000004;NA;NA;-4628.54373091185;-4857.66359043206;5.07869173705246;5.08428069509131;302.280675632381;301.683054960713;10788.2332632428;11243.445847385;458.23971904043;0.205794205794206;251;251
420;1455.17000000004;11.1800000000003;1470.80999999994;NA;NA;-4609.00984631858;-4818.92866476044;5.07108241891681;5.07610604710252;298.685244221327;298.132128033434;10729.1577892511;11146.1970457007;419.837636883713;0.678321678321678;248;248
421;1593.37;12.1200000000008;1609.75;NA;NA;-4675.76953790058;-4919.08884387053;5.08207925065176;5.08798129755211;310.249765801149;309.554033929747;10924.8938913924;11408.0042715304;486.638611939892;0.100899100899101;254;254
422;1515.81000000006;10.369999999999;1531.15999999992;NA;NA;-4672.29441230623;-4893.82145905648;5.08903801598011;5.09584264969562;304.177021388262;303.478086111091;10888.9330171725;11328.4385302071;443.054093500496;0.363636363636364;257;257
423;1691.40000000002;11.6599999999999;1707.80999999994;NA;NA;-4782.04398860186;-4989.80821632756;5.10081816641951;5.10770920859222;318.397473340709;317.671931105227;11184.3051354203;11596.1415515895;415.528455451387;0.749250749250749;263;263
424;1335.31999999995;11.2399999999998;1350.10000000009;NA;NA;-4520.28141410091;-4732.03459941426;5.05743758772388;5.06261602088526;290.684250163677;290.079089602576;10507.6619229583;10928.1140155811;423.506370626696;0.699300699300699;242;242
425;1213.38;11.8099999999995;1228.6100000001;NA;NA;-4477.46478184302;-4685.09412805719;5.05149947691115;5.05821803676312;282.705059301097;282.019581164043;10380.5841948624;10792.3860864713;415.258692428346;0.713286713286713;240;240
426;1531.81999999995;11.5499999999993;1547.68999999994;NA;NA;-4695.9008491015;-4908.71306574106;5.08726848055226;5.09424944990542;306.125162382003;305.450026425915;10944.8410349757;11367.0403571359;425.624433279128;0.653346653346653;255;255
427;1592.66000000003;12.4799999999996;1610.01000000001;NA;NA;-4702.79203496052;-4905.58018223301;5.07659946726124;5.08303823330964;312.184419057449;311.427349357424;10988.1342509862;11389.8727473654;405.576294544993;0.783216783216783;253;253
428;1579.23999999999;12.0799999999999;1595.64000000001;NA;NA;-4688.96120388539;-4920.91796819956;5.09323590355959;5.09936017042392;309.827983198716;309.171124279613;10952.7550907504;11413.3298541606;463.913528628347;0.213786213786214;260;260
429;1336.20999999996;11.6400000000012;1351.70000000007;NA;NA;-4579.72934886076;-4753.25863450351;5.05932040199307;5.06675901715268;292.31118580074;291.545342798913;10635.3717287513;10978.5634700247;347.058571285506;0.997002997002997;243;243
430;1390.30999999994;11.3900000000012;1406.24000000011;NA;NA;-4520.70199282076;-4792.62649930776;5.06419818016637;5.07063455309345;297.894625277916;297.195697308889;10546.7293356831;11087.0465159205;543.849012973991;0.013986013986014;245;245
431;1494.02000000002;11.6000000000004;1510.00999999989;NA;NA;-4641.29252403402;-4874.27335923549;5.08253452620716;5.089413854146;305.24530124146;304.56861499472;10829.9588990996;11292.4902575557;465.961670402938;0.148851148851149;253;253
432;1207.03000000003;10.6599999999999;1221.23999999999;NA;NA;-4429.52731461404;-4652.7854539163;5.0407797365401;5.04750374804351;281.786723081506;281.10059647684;10276.5110674262;10719.5759606618;446.516278604526;0.34965034965035;234;234
433;1566.66999999993;11.4400000000005;1582.31999999995;NA;NA;-4681.97555976271;-4886.45827726636;5.08275572026724;5.08861343271401;305.424071743565;304.751855933848;10912.8336233827;11318.3900824683;408.965435007316;0.714285714285714;254;254
434;1388.78000000003;11.3099999999995;1404.89000000001;NA;NA;-4531.42872994762;-4744.49403376419;5.05840317472437;5.06377492914384;293.151707017972;292.535603071115;10542.4099425297;10965.4310403005;426.130607633151;0.582417582417582;242;242
435;1195.19000000006;10.4600000000009;1209.75;NA;NA;-4421.90457147107;-4637.38932408322;5.03935144366341;5.04417452855421;278.732886874942;278.174854051136;10245.9040348443;10674.0664978837;430.969505224308;0.545454545454545;234;234
436;1585.35999999999;12.6100000000006;1603.60999999999;NA;NA;-4669.67672032152;-4894.02420864586;5.08241962713002;5.08768945794629;308.625252306842;308.030351278704;10904.4699385593;11350.1480220444;448.694976648678;0.335664335664336;254;254
437;1798.56000000006;12.6299999999992;1816.65000000002;NA;NA;-4763.96093041379;-4992.43070242447;5.0951316947408;5.10009710549003;321.821807112353;321.234148779627;11163.7182621198;11617.6707823764;456.939544021359;0.351648351648352;260;260
438;1525.79000000004;12.2000000000007;1543.57000000007;NA;NA;-4583.01595323637;-4807.1124632681;5.06654452782932;5.0739466079118;299.424946867895;298.710619004762;10680.307480586;11124.8879451615;448.193020063478;0.382617382617383;247;247
439;1509.80000000005;12.2000000000007;1526.07999999996;NA;NA;-4653.05005004247;-4854.340308812;5.07904779019356;5.08635464144927;303.524884774789;302.835700464767;10844.1516384487;11243.239852584;402.580517539071;0.775224775224775;252;252
440;1364.65000000002;11.9300000000003;1380.33999999997;NA;NA;-4509.92594131427;-4744.47697946075;5.06496256178213;5.07279239684829;289.590712641282;288.846004042295;10482.6235725617;10947.9639997123;469.102076292958;0.155844155844156;244;244
441;1746.30999999994;12.3900000000012;1764.29999999993;NA;NA;-4753.81691843289;-4979.6225273297;5.0983346507399;5.10397484118059;314.31478599195;313.668834489334;11106.476883113;11554.8023023563;451.611217793612;0.297702297702298;262;262
442;1457.79000000004;12.0399999999991;1474.62;NA;NA;-4590.07992515448;-4799.01448917853;5.06597253703813;5.07258286083578;294.321777281081;293.64389830599;10668.0302683085;11082.4725480841;417.869128048094;0.71028971028971;246;246
443;1527.56000000006;11.9700000000012;1544.31999999995;NA;NA;-4584.97182931623;-4792.57120123485;5.06605023765114;5.07217769654282;298.535085429904;297.930786848714;10678.5053910075;11090.6504846743;415.198743837251;0.74025974025974;245;245
444;1774.45000000007;12.3299999999999;1792.35000000009;NA;NA;-4731.16944173055;-4963.41425092095;5.0929551955243;5.10013441284292;315.120146065682;314.392775733989;11062.8545520427;11523.6498093131;464.489618380785;0.178821178821179;258;258
445;1656.22999999998;12.2199999999993;1673.39000000001;NA;NA;-4665.7858356728;-4892.31374524;5.08525713797661;5.09305627245273;306.323905657312;305.572583831935;10885.6192758545;11334.863476433;453.055819134417;0.306693306693307;255;255
446;1481.08999999997;11.1699999999983;1496.66000000003;NA;NA;-4553.24204627294;-4763.66716175245;5.06513043080828;5.07091994303749;294.929086467164;294.302939536061;10596.8239397635;11014.5101161601;420.850230959008;0.707292707292707;245;245
447;1614.71999999997;12.3399999999983;1631.89000000001;NA;NA;-4649.39657168671;-4869.30191573204;5.08199088494718;5.08772541144627;304.133875780044;303.504187231384;10840.5328677227;11277.1514883498;439.810688090653;0.454545454545455;253;253
448;1947.85999999999;13.3299999999999;1966.84000000008;NA;NA;-4842.6252679284;-5060.34868142451;5.10932532602738;5.11491897798806;325.647924771947;325.009173387996;11344.8205583976;11777.0121745685;435.446826992227;0.561438561438561;267;267
449;1690.19999999995;11.8999999999996;1707.40999999992;NA;NA;-4706.29190176872;-4917.70636901607;5.08655624007535;5.09459876365721;308.426588320253;307.631462574244;10977.9023485023;11396.695881631;422.828934494702;0.666333666333666;256;256
450;1751.25;12.8099999999995;1769.46999999997;NA;NA;-4705.18670319658;-4928.19465007308;5.08620345891646;5.09230110941391;311.547737582989;310.885067164269;10991.5323263697;11434.1850525655;446.015893753003;0.37962037962038;256;256
451;1548.64000000001;11.8599999999988;1566.14000000001;NA;NA;-4601.04590840888;-4815.16463618764;5.07837484551882;5.08505198437013;297.261115193685;296.585879420994;10707.8119807078;11132.6291566984;428.237455557526;0.613386613386613;251;251
452;1473.7300000001;11.6400000000012;1489.95999999996;NA;NA;-4533.01843135345;-4743.36050504481;5.05763673264273;5.062868762327;293.775753955455;293.17180186097;10548.7389439059;10966.3749124809;420.684147382708;0.64035964035964;242;242
453;1649.75;12.5600000000013;1667.16999999993;NA;NA;-4661.46709588726;-4862.65970996359;5.08509774770351;5.09377984874602;304.409824098921;303.629507270892;10866.0727753728;11264.5023591624;402.385228152667;0.805194805194805;253;253
454;1886.17999999993;13.1399999999994;1905.52000000002;NA;NA;-4741.87577201232;-4987.8117666613;5.09892435855338;5.10377672838912;318.884683598865;318.314287074539;11105.8405504892;11594.8110710775;491.871989297963;0.038961038961039;262;262
455;1587.42000000004;11.8900000000012;1604.81999999995;NA;NA;-4619.28499623875;-4838.41539753119;5.07954869623119;5.08697147073946;302.127244565324;301.413503491596;10769.5392691156;11204.1833318168;438.260802584868;0.465534465534466;252;252
456;1503.53000000003;11.6599999999999;1519.55999999994;NA;NA;-4599.67079117551;-4814.44944986692;5.07444838095763;5.08109281701548;296.709385705479;296.040398822044;10701.6748293957;11127.8448550876;429.557317382816;0.586413586413586;250;250
457;1679.19000000006;11.9500000000007;1695.93999999994;NA;NA;-4701.90431806768;-4922.35534785367;5.08685981228038;5.0921026984495;310.486093800543;309.860654574427;10978.9719237302;11416.7009944719;440.90205957199;0.482517482517482;255;255
458;1602.01000000001;12.6500000000015;1619.60999999999;NA;NA;-4626.45122344291;-4855.65231472771;5.08096459908701;5.08629460156094;304.054823239466;303.438739141045;10794.241431785;11249.5205116564;458.402182569589;0.194805194805195;253;253
459;1588.09999999998;12.5;1605.08999999997;NA;NA;-4647.87963636106;-4861.95955306216;5.07633426854137;5.08300085751117;304.533478145426;303.7984741542;10838.3162207587;11262.7530299457;428.159833402191;0.628371628371628;251;251
460;1674.48999999999;11.7199999999993;1691.14000000001;NA;NA;-4661.96290499781;-4873.16648056264;5.08309992460589;5.08783511408144;304.09586327088;303.541131218716;10866.0726336785;11285.6665986535;422.407151129646;0.673326673326673;254;254
461;1731.79999999993;12.4799999999996;1749.83999999997;NA;NA;-4756.50809068319;-4947.25635851286;5.0916312027277;5.09751152833724;312.106109333805;311.445185828229;11098.2233618196;11476.3630241098;381.496535659342;0.963036963036963;258;258
462;1803.64000000001;13.2199999999993;1822.33999999997;NA;NA;-4770.6709965154;-4991.54044591457;5.10118701035276;5.10824766727821;317.211122192133;316.46813358458;11155.5222111096;11593.4802919332;441.73889879833;0.442557442557443;263;263
463;1644.91000000003;12.2099999999991;1661.91999999993;NA;NA;-4678.48006022652;-4895.13337556908;5.09043799159323;5.09633282786309;306.607276222675;305.968313573493;10913.6430160579;11343.7055546942;433.306630685125;0.54045954045954;257;257
464;1576.27999999991;11.9600000000009;1593.47000000009;NA;NA;-4585.20823808876;-4799.2736300307;5.06321180704108;5.06917816113813;301.56511802009;300.872096526655;10694.2896122585;11118.9184100921;428.130783883898;0.68031968031968;245;245
465;1707.55000000005;11.5799999999999;1724.85999999999;NA;NA;-4673.94042389679;-4914.64909555209;5.08802632044364;5.09428298352881;308.059318054328;307.411924078652;10911.9359385756;11390.0663829545;481.417343310608;0.118881118881119;257;257
466;1611.84000000008;11.9300000000003;1629.01000000001;NA;NA;-4610.74055022394;-4832.63054992268;5.07323865589723;5.07930808320984;304.030702934333;303.38633500715;10760.2752060966;11200.7938586674;443.779999397479;0.524475524475524;249;249
467;1830.79000000004;13.1099999999988;1849.57999999996;NA;NA;-4797.63704351701;-5016.22313124649;5.10211405669317;5.10842726224746;318.039742539478;317.349655110505;11214.274365774;11647.9336100158;437.172175458967;0.500499500499501;264;264
468;1517;11.3799999999992;1532.95000000007;NA;NA;-4603.46986839744;-4811.43640414895;5.07191477581571;5.07847933146662;297.649387585771;296.98502884624;10712.8371244856;11125.4090061724;415.933071503034;0.74025974025974;248;248
469;1482.82999999996;11.2300000000014;1498.42000000004;NA;NA;-4571.26222297255;-4779.63527960142;5.06446380406828;5.07165890137132;295.007805326508;294.272959467635;10633.2620764204;11046.2948561506;416.746113257745;0.728271728271728;245;245
470;1590.85999999999;11.9300000000003;1607.53000000003;NA;NA;-4629.84155349477;-4857.65364214972;5.07587887546008;5.08178058101415;304.263001665961;303.613358807963;10800.2626952002;11252.597525724;455.62417730991;0.308691308691309;250;250
471;1747.71999999997;12.3100000000013;1765.46999999997;NA;NA;-4743.12428215211;-4951.6849027902;5.08894294349422;5.09521757783804;313.824608581243;313.153005778843;11078.9630003518;11492.675740671;417.121241276172;0.701298701298701;256;256
472;1480.95999999996;11.7399999999998;1497.28000000003;NA;NA;-4570.53521429812;-4799.13805122835;5.07939618190977;5.08980874061218;292.822693931804;291.999838235731;10624.8907591889;11077.9267766796;457.205673860477;0.307692307692308;252;252
473;1623.88;13.0900000000001;1655.03000000003;NA;NA;-4633.28459824483;-4844.05344999457;5.07674937234523;5.0838338517399;303.154087936467;302.485085533241;10801.5340045681;11219.684337795;421.537703499478;0.664335664335664;250;250
474;1624.42000000004;11.7000000000007;1641.66000000003;NA;NA;-4629.5035846413;-4864.52804843782;5.07514363447658;5.08207620106152;305.10522684847;304.401193795184;10803.8512093581;11270.3353954434;470.04892759303;0.167832167832168;250;250
475;1693.70000000007;12.0799999999999;1711.31000000006;NA;NA;-4705.12318607003;-4903.78388784117;5.08036639237606;5.083917394215;308.480304773848;307.957251003595;10974.6278045569;11369.2966705022;397.321403542284;0.864135864135864;254;254
476;1405.58000000007;11.5;1420.97999999998;NA;NA;-4503.56346969457;-4732.05768210135;5.05440349097478;5.06173520295686;291.220270071704;290.476493120899;10476.3284141638;10929.5644964884;456.988424813551;0.213786213786214;241;241
477;1441.56999999995;11.0800000000017;1456.62;NA;NA;-4541.07078342661;-4766.83351358825;5.06217607093272;5.06800702929916;294.524828048943;293.862969477972;10569.8363085906;11018.0186092818;451.52546032329;0.411588411588412;244;244
478;1417.17999999993;11.75;1433.37;NA;NA;-4531.2255836584;-4747.38779997519;5.05466249623879;5.05954056993018;293.181078083571;292.595930301905;10541.5448862751;10970.9172579701;432.324432633563;0.535464535464535;241;241
479;1526.75;11.6100000000006;1542.83999999997;NA;NA;-4596.48766586372;-4811.81018143951;5.07002396804447;5.07732158498492;300.472510972245;299.729225883284;10712.5487300605;11139.4347609465;430.645031151585;0.653346653346653;247;247
480;1562.66999999993;11.6399999999994;1579.10999999999;NA;NA;-4656.04752927589;-4869.16852878262;5.0750385599871;5.08091179427518;305.336391397914;304.693403754323;10858.1095576856;11281.0959073635;426.241999013466;0.631368631368631;250;250
481;1684.68000000005;11.2700000000004;1700.85000000009;NA;NA;-4723.54285851176;-4933.17347923498;5.0913408955349;5.09758262547508;313.111901040399;312.435515826848;11037.4013788158;11453.2272158751;419.261241446426;0.736263736263736;258;258
482;1504.80000000005;11.4200000000001;1520.97999999998;NA;NA;-4586.89459910655;-4820.26687537731;5.06315406745067;5.06784675043013;300.634037444472;300.089331716445;10692.34259032;11156.335742062;466.744552541519;0.190809190809191;244;244
483;1630.28000000003;11.7099999999991;1647.07999999996;NA;NA;-4694.2901412475;-4911.02387775109;5.08558543856262;5.09174332818852;308.601467831273;307.962310643791;10954.1824538373;11384.4073438212;433.467473007184;0.565434565434565;255;255
484;1583.30000000005;12.1599999999999;1599.93000000005;NA;NA;-4658.24471090519;-4862.00607611893;5.07774990274994;5.08380440022905;304.819123851731;304.174711150626;10861.0992573786;11265.3565555599;407.522730427472;0.924075924075924;252;252
485;1495.48999999999;11.4200000000001;1511.45999999996;NA;NA;-4573.32105819392;-4801.86475126658;5.06451345281774;5.07034679008696;297.871368506678;297.242061371066;10651.8499449828;11105.7573073754;457.087386145318;0.267732267732268;245;245
486;1626.91000000003;12.5300000000007;1644.95999999996;NA;NA;-4666.04504006697;-4881.49015213072;5.0791072031741;5.08495309563126;306.594094110304;305.973586072328;10885.6942218487;11313.4401458208;430.890224127492;0.601398601398601;252;252
487;1703.78999999992;12.1899999999987;1721.15000000002;NA;NA;-4696.77600485177;-4931.00646214186;5.09238035901246;5.09988257929201;311.392326680784;310.646449331204;10975.7361487403;11440.4072611608;468.460914580175;0.108891108891109;259;259
488;1504.19000000006;13.0299999999988;1522.09000000008;NA;NA;-4567.97397041795;-4780.91684830441;5.0608087546726;5.0656717917536;296.716775185279;296.119586416144;10634.7145784488;11057.5838327011;425.885755772919;0.598401598401598;244;244
489;1743.91999999993;13.4500000000007;1762.5;NA;NA;-4692.88209436319;-4943.45460246793;5.08421400855946;5.09008117162169;312.336470949586;311.637868674277;10970.9260676323;11468.5255558668;501.145016209473;0.042957042957043;256;256
490;1605.65999999992;12.8899999999994;1623.67000000004;NA;NA;-4624.19863949499;-4844.80564358195;5.08528647374976;5.09246569668285;303.211918333092;302.478874241702;10786.6570969203;11224.1522134465;441.214008173914;0.364635364635365;255;255
491;1257.26000000001;11.4400000000005;1272.70000000007;NA;NA;-4417.19234593072;-4635.69658194232;5.04056404676805;5.04756814751554;279.168754154651;278.479649196758;10238.6721032516;10672.2142080575;437.008472023195;0.471528471528472;234;234
492;1764.43999999994;12.1099999999988;1781.57000000007;NA;NA;-4724.98260903;-4956.34765217772;5.09543901953716;5.10093795060313;313.518641845462;312.902277712438;11043.5572454946;11503.1543985692;462.730086295456;0.204795204795205;260;260
493;1633.89000000001;12.3299999999999;1651.42999999993;NA;NA;-4659.0023696543;-4856.57063820671;5.07700561595119;5.08268817914513;303.27055786345;302.672124262802;10854.1646026383;11246.2698871064;395.136537104829;0.907092907092907;251;251
494;1621.19999999995;12.6900000000005;1639.65000000002;NA;NA;-4669.40630677009;-4883.30581842634;5.08257133103835;5.08784901273518;303.495178423154;302.909572286773;10877.314602256;11302.1450241887;427.799023312504;0.573426573426573;253;253
495;1537.42000000004;12.5499999999993;1555.56000000006;NA;NA;-4568.32144269633;-4800.70991865941;5.0658952552586;5.07099012620984;297.818490907785;297.248748822993;10642.1900679641;11104.0868307256;464.776951926156;0.184815184815185;246;246
496;1185.62;12.0799999999999;1201.23999999999;NA;NA;-4385.81555377958;-4596.63952470981;5.02139244884328;5.02653151848332;278.602533784857;277.987733331973;10168.2245413559;10586.7905791722;421.647941860449;0.679320679320679;226;226
497;1639.47999999998;12.8199999999997;1657.43000000005;NA;NA;-4591.20130328622;-4846.06304337825;5.07119470516303;5.07696233292746;303.785422714857;303.152590239185;10719.3440335156;11225.8658246933;509.723480184055;0.017982017982018;248;248
498;1938.20999999996;13.8600000000006;1958.32999999996;NA;NA;-4796.05378358292;-5033.23836295709;5.11168982260879;5.1183418986624;321.866645859613;321.158105420853;11233.0090210851;11703.7659849972;474.369158748341;0.155844155844156;268;268
499;1626.43000000005;13.25;1645.81000000006;NA;NA;-4615.61242055529;-4837.2762931518;5.07734702810902;5.08391581661006;302.309035201853;301.655695722559;10762.5142925849;11202.5326697591;443.327745193021;0.422577422577423;251;251
500;1432.07000000007;12.8999999999996;1451.68999999994;NA;NA;-4489.48077567698;-4711.40448940849;5.05063797809886;5.05574271747763;288.314528408964;287.701730664754;10432.302289724;10873.0607159808;443.847427463032;0.366633366633367;239;239
501;1627.72999999998;11.1800000000003;1644.05000000005;NA;NA;-4593.05090878644;-4833.55399074933;5.07266598309116;5.07816232407163;302.747504923104;302.109462628065;10719.0079675566;11196.7835220071;481.006163925782;0.0909090909090909;250;250
502;1563.95999999996;10.8700000000008;1579.80000000005;NA;NA;-4572.91333546713;-4778.59744029663;5.06352768312602;5.06916535933646;297.270863006094;296.6766501739;10647.3920998849;11055.7588399843;411.368209659009;0.857142857142857;244;244
503;1809.83999999997;11.0699999999997;1826.54999999993;NA;NA;-4727.02873129325;-4961.61542922053;5.10227776504775;5.10981806974793;313.171192342013;312.461670301352;11047.6798427136;11513.2427206443;469.173395854568;0.134865134865135;263;263
504;1769.96999999997;11.5200000000004;1787.72000000009;NA;NA;-4676.5901419174;-4891.15066045127;5.0818125894977;5.08858557007758;306.405441042686;305.699972389729;10905.8284639286;11331.3746799474;429.121037067725;0.616383616383616;252;252
505;1766.77000000002;10.4899999999998;1782.83999999997;NA;NA;-4677.76993792474;-4907.6879217656;5.08957823651592;5.09747770746858;310.153947236834;309.388408722049;10930.2296569142;11386.1788912914;459.835967681716;0.293706293706294;257;257
506;1439.17000000004;9.47999999999956;1453.19999999995;NA;NA;-4514.28662145223;-4724.14354019221;5.05824459862106;5.06433161588747;289.635085508234;288.981177770262;10490.3771470362;10906.7906768803;419.713837479967;0.695304695304695;242;242
507;1536.2300000001;11.3400000000001;1552.81000000006;NA;NA;-4588.67023115832;-4801.83473197161;5.07356138064771;5.0791341634414;296.614725757333;295.987492483741;10678.5999970899;11101.7543757098;426.329001626575;0.572427572427572;249;249
508;1785.68999999994;11.3299999999999;1802.80000000005;NA;NA;-4717.37399253286;-4929.92960144766;5.09308653800845;5.09893239665621;313.993773278128;313.313954570273;11030.1500719843;11451.8071315549;425.111217829603;0.625374625374625;259;259
509;1488.47000000009;10.3899999999994;1503.43000000005;NA;NA;-4473.89336898453;-4707.17260062562;5.04849868858649;5.0545427535716;289.878470654735;289.237745855502;10407.7930388588;10871.1244179014;466.558463282176;0.163836163836164;237;237
510;1712.75;10.6100000000006;1728.8600000001;NA;NA;-4677.56052086922;-4895.32813295162;5.08417149503451;5.08933731253196;308.850624502746;308.280947189298;10921.3804589049;11354.0267057255;435.535224164805;0.554445554445554;254;254
511;1498.43999999994;10.3199999999997;1513.46000000008;NA;NA;-4581.05646682301;-4788.085653516;5.06582832295742;5.07251404605453;296.158693074064;295.43741737942;10659.2694217895;11069.6815655992;414.058373385973;0.727272727272727;246;246
512;1722.16999999993;11.4500000000007;1739.44000000006;NA;NA;-4705.41450358752;-4905.9893449236;5.08528138453441;5.09175765222207;310.729928262411;310.055675599545;10987.8374027019;11385.5651359146;401.149682672152;0.82017982017982;256;256
513;1754.82999999996;10.9499999999989;1770.89999999991;NA;NA;-4702.95396354095;-4926.04429132134;5.08656167634171;5.09359935902596;310.538866891191;309.808136084724;10981.9466529405;11424.4187226463;446.180655560778;0.378621378621379;256;256
514;2007.58000000007;12.5799999999999;2026.58999999997;NA;NA;-4870.14642622796;-5086.89387572685;5.11112911586248;5.11783475210777;327.924525217029;327.261801952186;11412.0778513871;11842.1941351018;433.494898997769;0.532467532467532;268;268
515;1524.5;12.7200000000012;1541.81999999995;NA;NA;-4566.32601419187;-4754.47774473696;5.05668623422005;5.06254836238429;293.835639507557;293.168733946373;10615.6563551954;10988.5939079347;376.303461090185;0.979020979020979;242;242
516;1638.55000000005;12.6499999999996;1656.73999999999;NA;NA;-4638.47792782264;-4853.34224867626;5.07516485778098;5.08147683674992;304.050742591238;303.403045694295;10816.4607091819;11242.9098571179;429.728641707237;0.544455544455544;250;250
517;1571.89000000001;12.7600000000002;1588.96999999997;NA;NA;-4622.50222626255;-4842.16735105899;5.0738298912247;5.07997725133079;302.039949056271;301.38324116795;10773.722732595;11209.7291789736;439.330249592891;0.482517482517482;249;249
518;1735.66999999993;13.1599999999999;1754.5;NA;NA;-4747.89394140394;-4969.66650458031;5.09870206899127;5.1048107656127;312.576713651868;311.922771327746;11085.7897768133;11526.0084572457;443.545126352734;0.396603396603397;262;262
519;1530.67000000004;11.9699999999993;1547;NA;NA;-4575.63677778758;-4811.05078670723;5.07379528785435;5.07936274935131;299.683508729257;299.087478514652;10667.462171281;11135.2746937738;470.828017839302;0.146853146853147;248;248
520;1547.31000000006;12.9500000000007;1564.62;NA;NA;-4607.52725492047;-4840.25121738047;5.07510767089566;5.08212031743968;301.208514457213;300.517337591897;10740.1682654644;11202.1165438131;465.44792492001;0.160839160839161;250;250
521;1607.02000000002;12.4200000000001;1624.25;NA;NA;-4662.88956317044;-4885.15971448885;5.08838209518936;5.09386955014713;303.021755651962;302.420659026487;10863.6672060719;11305.1568388547;444.540302636817;0.440559440559441;256;256
522;1655.39000000001;12.1399999999994;1672.95999999996;NA;NA;-4686.14137607149;-4893.56515926537;5.0821846335106;5.08697310726213;309.633988736096;309.02017644959;10942.514806922;11354.2495763852;414.847566387751;0.6003996003996;254;254
523;1418.0199999999;11.5900000000001;1434.64000000001;NA;NA;-4502.24159145113;-4732.68911639758;5.05844323675315;5.06480084352232;291.38652489527;290.723994827393;10475.1266961211;10932.6779210139;460.895049892897;0.15984015984016;242;242
524;1336.52999999991;11.9099999999999;1352.71999999997;NA;NA;-4470.30383863135;-4673.4554895517;5.04362979130269;5.0489447537002;284.281159333934;283.683917550899;10371.2178866859;10774.5156422065;406.3033018407;0.788211788211788;235;235
525;1543.18999999994;12.1099999999988;1560.77000000002;NA;NA;-4611.30764848494;-4834.56228780267;5.0744745007977;5.08010059986705;298.744092823897;298.140757302676;10735.2509082109;11178.7053087187;446.509278635465;0.331668331668332;250;250
526;1468.35999999999;12.6700000000001;1486;NA;NA;-4517.37727124347;-4764.51070326255;5.06521481921561;5.07350577043493;294.075332446209;293.343737721814;10520.1788058778;11010.7502611731;494.26686403816;0.04995004995005;244;244
527;1583;12.5099999999984;1600.77999999991;NA;NA;-4627.18191081048;-4855.76257704926;5.07307892722056;5.0799139176227;306.227852322848;305.49060600912;10804.8920687199;11258.3204904715;457.161332477546;0.235764235764236;250;250
528;1463.1100000001;11.8899999999994;1479.39000000001;NA;NA;-4553.84883856618;-4768.54573960299;5.06160639890467;5.06691465150685;295.577546471677;294.936700057603;10600.7098777489;11026.8666561502;429.393802073626;0.646353646353646;244;244
529;1728.33999999997;13.5600000000013;1747.88;NA;NA;-4712.90696183323;-4934.97919754227;5.09090862629532;5.09542256791511;311.2830081553;310.738841034212;11007.442615371;11448.8221741236;444.144471418082;0.410589410589411;259;259
530;1619.29000000004;12.0799999999999;1636.60999999999;NA;NA;-4636.54154638223;-4848.94727453676;5.07353316899504;5.07967665176797;304.243544079572;303.533380119507;10812.954453758;11234.1715490198;424.811456309062;0.646353646353646;249;249
531;1771.10000000009;12.7199999999993;1789.97999999998;NA;NA;-4736.43308460864;-4972.15312171528;5.09672597910444;5.10226833235009;312.700330733119;312.075773187411;11062.8989752082;11531.1632709227;471.440074213284;0.11988011988012;261;261
532;1630.13;13.1900000000005;1648.85999999999;NA;NA;-4624.84647987341;-4873.24707164632;5.07740468642658;5.08225269182557;303.356209643408;302.762136059861;10786.8897706786;11280.6806053704;496.801183545818;0.0989010989010989;252;252
533;1686.15000000002;12.5900000000001;1704.35999999999;NA;NA;-4642.34893899301;-4889.6927616384;5.08414424038205;5.09047736919361;307.568740534062;306.933229819896;10844.4565382222;11335.9213483888;494.687645290778;0.0889110889110889;254;254
534;1502.31000000006;12.8600000000006;1520.31000000006;NA;NA;-4548.80189292603;-4772.73549637825;5.06653395954519;5.07231901735697;294.890316729588;294.281690400639;10588.3483133881;11033.1387615192;447.867206904435;0.358641358641359;246;246
535;1685.52999999991;12.6899999999987;1703.72999999998;NA;NA;-4706.01002706957;-4895.55451515681;5.08167771660518;5.08785263259352;309.034104647414;308.384846971207;10979.2099453978;11355.0063721362;379.08897617448;0.977022977022977;254;254
536;1633.3899999999;11.5499999999993;1650.41000000003;NA;NA;-4633.06317373945;-4848.15244332893;5.07149975306877;5.07799465616143;305.79060734525;305.092377913062;10813.827877634;11240.4724601294;430.178539178953;0.559440559440559;249;249
537;1483.18999999994;11.9600000000009;1500.19999999995;NA;NA;-4541.89240717644;-4760.56767785732;5.06016818818997;5.0661388474622;294.186683869739;293.55416427022;10569.1674523432;11003.324328992;437.350541361771;0.41958041958042;243;243
538;1376.58999999997;11.619999999999;1392.72000000009;NA;NA;-4495.99629654372;-4711.3502622486;5.05234257334099;5.05782922849068;287.797625583469;287.214913370834;10442.7277189752;10870.4983048337;430.707931409759;0.587412587412587;239;239
539;1603.89000000001;12.8600000000006;1622.25;NA;NA;-4660.13849475482;-4864.11857327755;5.08549841785611;5.09085718519503;303.054581981322;302.445371860332;10857.7386060065;11262.6081079915;407.96015704546;0.86013986013986;255;255
540;1652.85999999999;12.7699999999986;1670.13;NA;NA;-4697.96811037155;-4916.2464817337;5.08810618407402;5.09303832176051;309.452147976401;308.838600390979;10967.0628805462;11400.5045666299;436.5567427243;0.486513486513487;257;257
541;1765.64000000001;12.5899999999983;1784.83000000007;NA;NA;-4730.1656004207;-4955.59072698149;5.0896273815932;5.09400108513172;316.785786779324;316.187233336398;11069.3067666835;11517.116928031;450.850253121582;0.35964035964036;258;258
542;1481.34000000008;11.8099999999995;1498.45999999996;NA;NA;-4500.42259466142;-4793.4230962866;5.06464576637506;5.0698421259069;298.782172923983;298.181059205222;10510.6555077312;11093.6189546031;586.001003250352;0.004995004995005;245;245
543;1634.58000000007;12.0199999999986;1651.60999999999;NA;NA;-4710.52045082277;-4936.2829986532;5.08806858800854;5.09348677132783;308.896851621546;308.237279806331;10989.3482534784;11437.5246218167;451.525095660842;0.298701298701299;257;257
544;1462.88;11.8700000000008;1479.71000000008;NA;NA;-4543.30933015146;-4763.79247110415;5.07255591831959;5.07752379996281;294.084435998386;293.533180337544;10574.479890331;11012.6572047658;440.966281905388;0.456543456543457;248;248
545;1472.35999999999;11.4399999999987;1488.18999999994;NA;NA;-4536.05515860081;-4769.93262926555;5.06269368242758;5.06937969188069;296.219138630463;295.547304425248;10568.3633083732;11032.724701454;467.754941329482;0.20979020979021;244;244
546;1381.46000000008;11.9500000000007;1398.02999999991;NA;NA;-4495.79081990514;-4718.30289257772;5.05853395074654;5.06504237769591;288.817380745586;288.137745187845;10449.2585438848;10890.8525318995;445.024145345156;0.395604395604396;242;242
547;1629.70000000007;11.9300000000003;1646.88;NA;NA;-4679.6451793586;-4905.43909660412;5.08561948200164;5.09226014551418;308.386095194697;307.738191517285;10923.7998979672;11372.1007765947;451.587834491034;0.358641358641359;255;255
548;1565.28000000003;12.0799999999999;1581.69999999995;NA;NA;-4641.05034881885;-4873.57195894107;5.08236373792525;5.08876308993391;304.725733769544;304.082785676426;10826.8407157597;11288.6246521993;465.043220244448;0.166833166833167;253;253
549;1547.69999999995;11.75;1564.52000000002;NA;NA;-4686.72402266766;-4898.75214824477;5.08828733743271;5.0951433348029;306.705434759315;306.03070442166;10930.0314368157;11350.6633142279;424.056251154223;0.655344655344655;256;256
550;1385.72000000009;11.8500000000004;1401.27000000002;NA;NA;-4529.56468327912;-4750.12398023217;5.06305208849092;5.06806354036304;295.213814672887;294.663349387277;10550.3042963136;10988.6423969203;441.118593906107;0.48951048951049;244;244
551;1484.57999999996;11.3900000000012;1500.37;NA;NA;-4629.02846752142;-4835.339740883;5.0741005899335;5.07980499289597;303.448665937972;302.792067405767;10794.5132844975;11203.8112656612;412.622546723172;0.779220779220779;250;250
552;1382.87;10.8600000000006;1397.69999999995;NA;NA;-4597.53401944671;-4801.86250935937;5.06575313899797;5.07244981145002;296.835475897354;296.142513840869;10695.6458339871;11100.7997167797;408.656979825315;0.84015984015984;246;246
553;1494.83999999997;11.9300000000003;1510.71999999997;NA;NA;-4687.20980310558;-4880.0382342153;5.08274158537888;5.08998932153495;304.766947750671;304.017603280519;10919.9696685564;11301.8264159631;385.656862219434;0.948051948051948;254;254
554;1343.75;11.4700000000012;1359.58999999997;NA;NA;-4563.05431750546;-4757.0498199429;5.05904475416706;5.06450519639671;295.267480562539;294.621249317684;10616.9483406753;11001.6764491519;387.991004874873;0.934065934065934;243;243
555;1338.65000000002;11.2000000000007;1353.5;NA;NA;-4540.85340285538;-4741.08814800279;5.05735204295693;5.06388649455215;295.261073052999;294.551435483315;10571.9053725371;10968.7932837284;400.469490294801;0.868131868131868;242;242
556;1571.39000000001;11.9499999999989;1588.27000000002;NA;NA;-4717.45391706878;-4937.30655783655;5.09405684838905;5.10046181163736;311.85345593899;311.204107132039;11019.4349705312;11455.8409113476;439.705281535538;0.442557442557443;259;259
557;1731.57999999996;12.3900000000012;1749.29999999993;NA;NA;-4817.52850404047;-5022.40575517633;5.10658605989383;5.1136876246348;325.441992250424;324.776467878694;11292.3540834651;11698.719436146;409.754502271728;0.811188811188811;265;265
558;1651.08000000007;12.5100000000002;1668.58999999997;NA;NA;-4726.13994650716;-4980.13958082409;5.09983619489321;5.10544025574982;317.625890702835;316.994582362648;11067.9657254693;11572.7536817668;507.999268633859;0.0699300699300699;262;262
559;1392.19999999995;11.880000000001;1408.69999999995;NA;NA;-4565.33741084047;-4802.16649781028;5.06724500697477;5.07488271432509;296.417421591532;295.579260762476;10629.7405005862;11099.1598611474;473.658173939635;0.126873126873127;247;247
560;1524;11.8500000000004;1539.89000000001;NA;NA;-4666.74656781665;-4893.23132748241;5.08344070760793;5.08858155095946;308.121547925385;307.498027467911;10896.0552215836;11345.8627114068;452.969519331516;0.296703296703297;254;254
561;1567.64000000001;11;1583.7300000001;NA;NA;-4626.39426255435;-4857.6123744275;5.08176132804916;5.08715595847585;300.610756980693;300.022328544209;10776.6685743638;11236.1218897013;462.436223746299;0.18981018981019;253;253
562;1651.44999999995;12.2200000000012;1668.60999999999;NA;NA;-4767.29500061277;-4998.26178177996;5.09974433177681;5.10564972693196;315.179825791199;314.534952257413;11137.8332950252;11596.4865421751;461.933562334385;0.217782217782218;262;262
563;1497.78000000003;12;1514.2300000001;NA;NA;-4672.941210073;-4892.49093658857;5.08565192060697;5.09199976135909;303.950303107037;303.276520136205;10887.8882241647;11323.5694300645;439.099453031125;0.434565434565435;255;255
564;1380.21999999997;11.2400000000016;1395.81999999995;NA;NA;-4567.61179865082;-4796.1765065041;5.06848879951557;5.07597349105049;294.215084641841;293.472481660751;10623.1514432248;11076.5253082757;457.129415706551;0.287712287712288;247;247
565;1447.18999999994;11.8299999999999;1463.77000000002;NA;NA;-4588.95991478175;-4814.10255884888;5.06970979865282;5.07520427819209;301.65243905734;301.031123260571;10703.4604537312;11150.6035743717;450.285288134271;0.343656343656344;247;247
566;1365.19999999995;12.369999999999;1381.41000000003;NA;NA;-4562.57040168414;-4778.56047143919;5.06410083796035;5.07196723808935;295.148322104095;294.420068242882;10616.5884952192;11044.8886119779;431.980139510089;0.525474525474525;245;245
567;1490.84999999998;12;1507.10999999999;NA;NA;-4676.52898517169;-4893.31121297227;5.08328073613254;5.08986858568672;308.102446942416;307.434897984427;10915.5231903912;11345.7023368529;433.564455601163;0.551448551448551;254;254
568;1457.21999999997;11.8200000000015;1473.42000000004;NA;NA;-4690.05571681766;-4911.64967131914;5.08209613453639;5.08881200520535;307.425284659885;306.73353154284;10938.5362306557;11378.21744953;443.187909002976;0.444555444555445;253;253
569;1552.56000000006;11.0400000000009;1567.80000000005;NA;NA;-4760.66606434;-4984.93494932736;5.10002451459976;5.10520826545974;318.355855807885;317.700819688848;11141.3375093342;11586.5420218299;448.537769974728;0.312687312687313;263;263
570;1393.28999999992;11;1407.21000000008;NA;NA;-4732.34389393311;-4942.99339919854;5.09161392591117;5.09735138598324;310.951320436935;310.314398650748;11044.0297205833;11462.0937640351;421.299010530856;0.658341658341658;258;258
571;1261.45999999996;10.8999999999996;1275.75;NA;NA;-4598.42883267921;-4820.75517084899;5.07666595868887;5.08335301162894;295.75268500756;295.068477508165;10694.9371603854;11136.124112567;444.65267633956;0.318681318681319;251;251
572;1293.08999999997;10.75;1307.56999999995;NA;NA;-4577.75899974694;-4790.34400754448;5.06640658332242;5.07227765953243;299.775160065841;299.13897979397;10670.9566355112;11092.9106002392;425.17001559508;0.617382617382617;246;246
573;1325.67999999993;10.6399999999994;1339.89000000001;NA;NA;-4558.92564247992;-4814.36761760997;5.06880784089667;5.07551749426444;298.035520613238;297.306833487942;10625.1001424903;11132.2989184637;510.883950260097;0.031968031968032;247;247
574;1686.66000000003;12.6399999999994;1705.29999999993;NA;NA;-4649.25427266063;-4893.09697318845;5.08864825930947;5.09542356756126;308.881292466152;308.193777707847;10866.7369014063;11350.9317053766;487.685401055638;0.0539460539460539;257;257
575;1435.39000000001;12.0900000000001;1451.55999999994;NA;NA;-4661.28636723979;-4866.50795783458;5.0752663686443;5.08077527779475;303.908059583767;303.260646762234;10861.3551389255;11268.5202647073;410.443181189594;0.784215784215784;250;250
576;1483.75;11.7300000000014;1499.39000000001;NA;NA;-4706.32716910702;-4887.71413494648;5.09226259870067;5.09992843961705;303.223714238043;302.52686988257;10952.7472576377;11311.9818716201;362.773931678916;0.986013986013986;258;258
577;1398.32999999996;11.5499999999993;1414.02999999991;NA;NA;-4575.61330660264;-4787.63920722784;5.06135503499131;5.0668852306857;294.982511570051;294.350559921285;10641.2331918505;11062.0928983932;424.051801250396;0.629370629370629;244;244
578;1582.89999999991;12.2299999999996;1600.10999999999;NA;NA;-4625.39642534317;-4848.32747246195;5.0770025041914;5.0839033804828;303.430901301667;302.75669826568;10787.7649034877;11230.2119492915;445.862094237551;0.47952047952048;251;251
579;1708.20999999996;13.5899999999983;1727.66999999993;NA;NA;-4660.26761864488;-4869.32582717827;5.08345717655317;5.08955995045342;307.482745449833;306.851940277434;10879.251319134;11294.1700082591;418.116417066783;0.663336663336663;253;253
580;1419.72999999998;11.5600000000013;1435.79999999993;NA;NA;-4566.76096135678;-4750.17657620983;5.06410017601363;5.07068881410439;292.291435243547;291.653513325818;10610.5331533179;10974.140826932;366.831229706113;0.972027972027972;245;245
581;1522.99000000011;12.4899999999998;1539.96999999997;NA;NA;-4576.81053811071;-4797.42692968078;5.06753444309639;5.07258744075358;298.892145554436;298.328396323847;10664.5958523697;11102.9787417266;441.232783140156;0.434565434565435;246;246
582;1534.66000000003;11.7900000000009;1551.64999999991;NA;NA;-4617.24857006319;-4825.81285751258;5.07151939502692;5.07715693190484;301.376297565231;300.751438157896;10759.2500814863;11173.2173055191;417.128574898772;0.66033966033966;248;248
583;1632.44999999995;12.3799999999992;1649.66000000003;NA;NA;-4665.36667237294;-4909.32484651355;5.09084812861764;5.09554982416688;308.458080871425;307.909949265893;10896.8130034521;11381.9464200776;487.916348281224;0.0779220779220779;257;257
584;1567.90000000002;12.2900000000009;1584.71999999997;NA;NA;-4642.96901158183;-4855.98269711097;5.07542124815217;5.08084944820846;304.394420134713;303.807509673147;10826.5730148764;11249.6298492419;426.027371058282;0.601398601398601;249;249
585;1387.14000000001;12.0199999999986;1403.83000000007;NA;NA;-4524.40939757192;-4719.58313259351;5.05901093223806;5.06547581520684;287.215181217402;286.559238256963;10498.4093117512;10885.4462022809;390.347470043193;0.926073926073926;242;242
586;1847.41000000003;13.2999999999993;1866.57999999996;NA;NA;-4776.8442349643;-4983.65891077069;5.10041725121812;5.10672671787416;317.399522919848;316.742719820746;11168.8273956518;11579.1144982211;413.629351612784;0.712287712287712;263;263
587;1528.31000000006;12.619999999999;1545.21999999997;NA;NA;-4613.71220693872;-4828.84550138312;5.06496498847773;5.07118597372318;302.364379410813;301.680820747641;10755.9522032177;11182.763231586;430.266588888815;0.561438561438561;246;246
588;1510.09000000008;12.6399999999994;1527.75;NA;NA;-4594.51564328738;-4818.71983982804;5.07051876354484;5.07725390856224;300.331208123685;299.604712019118;10708.496807481;11153.2296392084;448.408393081329;0.406593406593407;248;248
589;1684.73999999999;12.8599999999988;1702.76000000001;NA;NA;-4765.83322847652;-4962.56920892285;5.1012917957252;5.10876683441034;310.853727875805;310.104404292698;11113.4960434618;11503.1549498297;393.471960892668;0.841158841158841;263;263
590;1908.13;13.5799999999999;1928.03000000003;NA;NA;-4820.16763881459;-5045.18222720578;5.1088572295061;5.11477576005211;323.953490184693;323.33301390821;11291.2701066611;11738.137206397;450.029176782362;0.394605394605395;267;267
591;1662.98999999999;12.8400000000001;1680.64000000001;NA;NA;-4737.15320012288;-4949.78545848498;5.09711301990606;5.10218643243049;310.208788614595;309.61196372398;11052.2632341757;11474.491847504;425.264516724201;0.579420579420579;262;262
592;1468.53999999992;12.5;1485.5;NA;NA;-4567.04536697532;-4780.09627728776;5.06387806931046;5.07086063536171;295.909782771873;295.199938980981;10628.7811163357;11051.2973958632;426.101820624888;0.601398601398601;244;244
593;1522.42999999993;12.2800000000007;1539.72000000009;NA;NA;-4579.03990116505;-4810.4219398789;5.07455536300285;5.0806154363801;300.207733496596;299.547434567969;10678.1262881516;11137.5470637451;462.764077427688;0.207792207792208;250;250
594;1537.75;11.8900000000012;1554.39000000001;NA;NA;-4630.79872601136;-4846.8282251779;5.07859092338723;5.08615832472775;301.577755084561;300.855290327151;10789.1827418634;11217.5822311073;432.058998333096;0.510489510489511;251;251
595;1596;12.8299999999999;1613.80000000005;NA;NA;-4669.56899909086;-4911.28964706267;5.08809787120407;5.09529347415357;307.122163666362;306.430127110175;10897.8363612992;11377.7654514337;483.441295943638;0.107892107892108;256;256
596;1628.37;11.9900000000016;1645.09000000008;NA;NA;-4707.84389045892;-4906.26885695132;5.0837151722385;5.08963244455092;308.558872465524;307.900533547258;10981.0738567322;11374.5838936136;396.849932984795;0.876123876123876;255;255
597;1779.88;13.3599999999988;1798.83999999997;NA;NA;-4761.96181797694;-4993.09631532044;5.09849149016575;5.10504532192935;319.236022877619;318.500602828659;11147.7998200752;11606.3279114265;462.268994686996;0.22977022977023;262;262
598;1540.07999999996;13.0299999999988;1557.67999999993;NA;NA;-4580.07750049509;-4829.80710219256;5.07442933679221;5.08128829861308;300.692496711242;300.003332927916;10682.6559959354;11178.6257456284;499.459203394947;0.037962037962038;250;250
599;1726.38;13.6599999999999;1757.47999999998;NA;NA;-4720.21644094847;-4930.49394634072;5.08859094879621;5.09438372416159;310.346128490903;309.716397374134;11015.4934268732;11432.8524427832;420.555010784505;0.63036963036963;256;256
600;1495.27999999991;12.9899999999998;1513.09000000008;NA;NA;-4569.86438709001;-4776.35036933916;5.06741599824727;5.07348947871215;294.255919261409;293.678022387241;10627.2662633689;11037.3168141965;412.971964498316;0.771228771228771;246;246
601;1478.67999999993;13.25;1496.25;NA;NA;-4538.67230875847;-4762.99927573389;5.06253959997351;5.0723102619855;295.726672937844;294.888701589522;10570.5028386655;11014.9257582293;448.653933950844;0.408591408591409;243;243
602;1677.69999999995;13;1695.66000000003;NA;NA;-4702.97467815521;-4891.76967163577;5.08041257096939;5.08556158320584;310.638744256315;310.018538189164;10981.2767797584;11355.7215453206;377.589986961131;0.991008991008991;254;254
603;1589.5;12.4500000000007;1607.09999999998;NA;NA;-4605.10595977574;-4860.10179454191;5.08304402600187;5.08870411289442;303.281593007659;302.659729001409;10747.631184027;11254.4704508908;509.991669532352;0.003996003996004;253;253
604;1417.08000000007;11.5600000000013;1432.91999999993;NA;NA;-4545.91998695648;-4753.49140229172;5.06421939054717;5.07088746482381;288.915206414959;288.26481718688;10551.1995675975;10963.0571722274;415.142830670491;0.75024975024975;244;244
605;1594.76000000001;12.7700000000004;1612.27000000002;NA;NA;-4617.55556367159;-4860.92044994196;5.07463976583535;5.08118036738601;306.862594235404;306.156227688942;10788.2383171175;11271.3929485043;486.729772540744;0.0569430569430569;249;249
606;1550.87;12.8199999999997;1568.22999999998;NA;NA;-4645.99469430655;-4853.54031357442;5.0809887359298;5.08786446590339;302.801291407628;302.075548137101;10826.3742625703;11237.7879424949;415.09123853573;0.731268731268731;252;252
607;1763.67000000004;13;1781.91000000003;NA;NA;-4732.60175279222;-4962.71606145367;5.09395756556376;5.100544449562;317.247648309039;316.527279974728;11077.1385286842;11533.7069551316;460.228617322884;0.336663336663337;259;259
608;1687.69000000006;12.5199999999986;1705.41000000003;NA;NA;-4711.45156136088;-4923.71717004907;5.08527401823624;5.09132557959998;312.731069448617;312.065207637638;11009.4556586372;11430.608814644;424.531217376389;0.683316683316683;255;255
609;1823.91999999993;13.9400000000005;1843.46999999997;NA;NA;-4805.86388844581;-5003.10719167608;5.10342297963134;5.10792695770475;320.036777261119;319.470688558338;11240.8940799944;11632.4989781493;394.486606460534;0.891108891108891;264;264
610;1605.63;12.8400000000001;1623.15000000002;NA;NA;-4650.65434820141;-4876.29946332968;5.07489169168408;5.08068835741982;306.170468293274;305.510076960115;10852.1575095631;11300.102651964;451.290230256547;0.337662337662338;251;251
611;1614.94000000006;13.0100000000002;1633.25;NA;NA;-4644.6049825129;-4880.55025186848;5.0793556975807;5.08553384898504;305.746093851613;305.076273233695;10839.1224739387;11307.6175044968;471.890538711172;0.165834165834166;253;253
612;1481.78000000003;12.2700000000004;1498;NA;NA;-4586.57818848137;-4799.01455351214;5.06722035339718;5.07291307624887;297.619328482467;297.004881857883;10677.6967435121;11099.4632917457;424.872730061539;0.634365634365634;246;246
613;1487.19999999995;12.1100000000006;1504.17000000004;NA;NA;-4565.67657002333;-4772.30045451357;5.06056077119441;5.06547122085531;294.786069773333;294.209286440196;10619.7621468819;11030.0976700134;413.247768980476;0.808191808191808;243;243
614;1692.87;13.0599999999995;1711.48999999999;NA;NA;-4681.82000796249;-4915.95437088156;5.08702228700284;5.09278240822126;308.518820095342;307.923606041654;10929.4266531797;11394.6745642381;468.268725838152;0.114885114885115;256;256
615;1545.59999999998;12.8799999999992;1563.62;NA;NA;-4572.56753987316;-4794.407604913;5.06589053889934;5.07205229409692;299.644586402377;298.959358518472;10659.913633139;11100.1297643686;443.680130079681;0.486513486513487;246;246
616;1571.73999999999;11.9399999999987;1588.21999999997;NA;NA;-4663.79014016379;-4865.96472287801;5.08090042852134;5.08679018365361;303.0744120681;302.451778488371;10863.9492866435;11265.1421482201;404.349165428441;0.857142857142857;253;253
617;1530.6100000001;12.2799999999988;1548.81000000006;NA;NA;-4559.82206530551;-4801.69088069953;5.06682107068479;5.07274558315068;297.792450224918;297.157424615838;10625.059670998;11105.587088029;483.737630788059;0.124875124875125;246;246
618;1486.62;12.2299999999996;1503.37;NA;NA;-4570.85149328864;-4761.71290735003;5.06589817291759;5.07294362386721;291.797598165842;291.129890248917;10616.8130459313;10995.1604430322;381.722828122791;0.93006993006993;246;246
619;1685;12.1399999999994;1702.17000000004;NA;NA;-4645.54094969162;-4869.76437980086;5.07473359994627;5.08026434863837;307.850446087573;307.207951827421;10849.8258507255;11295.0195597646;448.446860218495;0.362637362637363;250;250
620;1593.32999999996;12.5900000000001;1611.14000000001;NA;NA;-4595.93468824782;-4842.52288226729;5.07511135881109;5.08196818747626;303.26881706649;302.577783421401;10726.8073404083;11216.486191884;493.17638803893;0.017982017982018;249;249
621;1560.58000000007;12.3799999999992;1577.83000000007;NA;NA;-4569.1199811779;-4790.98148748546;5.0654569077223;5.0704716553377;299.813690983528;299.194820966856;10653.2627624684;11093.8584923284;443.723012615113;0.436563436563437;245;245
622;1509.89000000001;12.0699999999997;1526.19000000006;NA;NA;-4582.97677481683;-4785.9425477954;5.0684804586912;5.07358420359125;294.946062898426;294.379676700128;10657.5781567343;11060.6453295169;405.931545957146;0.783216783216783;247;247
623;1595.64000000001;12.6100000000006;1613.82000000007;NA;NA;-4571.3790543229;-4806.95021972379;5.07128315105829;5.0780633051875;301.357006356963;300.670945109028;10667.413450006;11135.0847915024;471.142330801786;0.152847152847153;248;248
624;1426.97999999998;12.5200000000004;1444.03000000003;NA;NA;-4513.01268641781;-4728.99678835083;5.05940958032819;5.06528085591526;288.121857174643;287.534178815922;10479.5954054833;10908.5987816911;431.968203866025;0.554445554445554;241;241
625;1594.67000000004;11.8299999999999;1611.09000000008;NA;NA;-4620.08909805146;-4820.16813967456;5.06632268347877;5.0722460535754;302.743675212947;302.081330769177;10770.6234208734;11167.4331868;400.158083246199;0.84015984015984;246;246
626;1570.85000000009;10.25;1585.69999999995;NA;NA;-4601.56424973237;-4812.44381807875;5.06715548574451;5.07332376479403;302.23087108861;301.529601531091;10731.5944159482;11149.8070366512;421.759136692766;0.671328671328671;247;247
627;1761.71999999997;11.5200000000004;1778.92999999993;NA;NA;-4740.40391610429;-4952.36960153098;5.08801963715672;5.09362521631706;316.132015765018;315.513779730287;11085.2327607763;11506.0264762946;423.931370853392;0.669330669330669;256;256
628;1701.58999999997;11.4099999999999;1718.10999999999;NA;NA;-4726.77949969921;-4930.44748757521;5.09304164371505;5.09904377516043;311.516550866234;310.85676581437;11035.7717741411;11439.7566588043;407.335975752008;0.826173826173826;258;258
629;1825.14000000001;11.2299999999996;1842.5;NA;NA;-4769.2774543697;-4988.27745758784;5.09945667540046;5.10662088532121;314.236793847712;313.511499709982;11136.400391972;11570.7123899234;438.000006436283;0.432567432567433;261;261
630;1645.17000000004;11.3100000000013;1661.06999999995;NA;NA;-4638.12938310826;-4885.74800967261;5.07809266497393;5.08545106606884;307.73292413805;306.974123742495;10835.6337009172;11327.0258850771;495.237253128702;0.047952047952048;252;252
631;1806.58999999997;11.4200000000001;1823.53000000003;NA;NA;-4772.5961900051;-4982.17698851034;5.09643838075214;5.1037242526426;319.156696714822;318.405685841499;11168.6650511902;11584.0064381248;419.161597010498;0.756243756243756;262;262
632;1366.92000000004;10.1599999999999;1381.03999999992;NA;NA;-4528.92744446587;-4716.53167149552;5.06017289785908;5.06591066774701;287.726382072706;287.121986879318;10510.0254638382;10882.1835027457;375.208454059315;0.986013986013986;242;242
633;1376.25;10.2700000000004;1391.18999999994;NA;NA;-4498.07167337295;-4707.00072553516;5.05107450389162;5.05655799697466;291.513817877313;290.893123412719;10465.6111174367;10880.3404146336;417.858104324428;0.69030969030969;239;239
634;1743.58000000007;10.5599999999995;1759.14000000001;NA;NA;-4720.33055361913;-4938.33587776241;5.09226430300245;5.09720173517671;312.290930205214;311.736925174319;11026.8070048896;11460.0038256774;436.010648286569;0.520479520479521;258;258
635;1601.33000000007;11.1000000000004;1617.94000000006;NA;NA;-4676.83725200253;-4900.83323234512;5.086388329111;5.09353719488471;307.123588074277;306.404540029889;10912.9787784568;11357.3200436804;447.99196068518;0.292707292707293;257;257
636;1339.90999999992;11.2100000000009;1355.04000000004;NA;NA;-4514.41077907959;-4743.13583551863;5.05906178910725;5.06477180970122;288.210516188429;287.597914156437;10483.4355840696;10937.7938614387;457.450112878083;0.262737262737263;242;242
637;1462.41999999993;10.5699999999997;1477.08999999997;NA;NA;-4575.87553557071;-4816.08534609795;5.07013249346476;5.07658806336266;299.932871776628;299.224733828213;10669.2012891797;11146.0382282899;480.419621054491;0.127872127872128;248;248
638;1444.14000000001;10.4200000000001;1459.02000000002;NA;NA;-4591.85070127868;-4793.117933237;5.06557165067531;5.07153269050782;298.447398837497;297.743531215497;10692.4278724819;11091.4041089965;402.534463916647;0.889110889110889;246;246
639;1429.78000000003;10.3999999999996;1443.96000000008;NA;NA;-4588.29530650397;-4777.58845446355;5.06333980867902;5.06845897071525;297.250974059509;296.707052088247;10678.663455574;11054.5011972652;378.586295919165;0.946053946053946;245;245
640;1455.40000000002;10.4399999999987;1469.6100000001;NA;NA;-4603.3851952607;-4816.10783328747;5.07325768610924;5.07869951376987;301.232314856789;300.665877431733;10730.7948802414;11153.3743797327;425.445276053542;0.54045954045954;248;248
641;1460.14000000001;10.25;1475.5;NA;NA;-4509.1699670812;-4746.45625990555;5.054321732941;5.05994763859974;293.118722759161;292.493129620872;10496.5096762222;10967.9274553844;474.572585648686;0.22977022977023;240;240
642;1566.90000000002;11.4200000000001;1582.64000000001;NA;NA;-4612.40306463386;-4846.84976953897;5.07886137336674;5.08652814638265;303.995042354185;303.262112845727;10764.6357322653;11229.8166257618;468.893409810235;0.162837162837163;251;251
643;1554.10999999999;10.9700000000012;1569.18999999994;NA;NA;-4679.03091687146;-4920.03758376446;5.09036723222925;5.09731045975133;308.007412945852;307.299488534305;10922.451469296;11400.8692090618;482.01333378601;0.0699300699300699;258;258
644;1345.02000000002;9.34000000000015;1358.85999999999;NA;NA;-4578.93195260502;-4793.00531315389;5.06527887312127;5.07109587371599;294.779719350099;294.140274386013;10648.0493352483;11072.9635016407;428.146721097724;0.634365634365634;246;246
645;1481.1399999999;9.69000000000051;1494.79999999993;NA;NA;-4706.06450599519;-4927.08146872567;5.0905892323544;5.09819360581005;308.64640242262;307.891212490347;10979.1648024011;11417.3645355853;442.033925460957;0.421578421578422;257;257
646;1383.67999999993;9.19000000000051;1396.10999999999;NA;NA;-4609.41898658232;-4822.01020683089;5.07187697117191;5.07718944808284;301.090082446593;300.450236492579;10742.7486824004;11164.6926631859;425.182440497134;0.6003996003996;249;249
647;1578.85000000009;10.0799999999999;1593.23999999999;NA;NA;-4736.98497166558;-4971.45631539894;5.09282935838376;5.09860752353682;314.695361103024;314.041197595052;11072.9367973733;11538.5556806292;468.942687466722;0.184815184815185;259;259
648;1601.41999999993;9.95000000000073;1615.95999999996;NA;NA;-4723.95865564595;-4940.7126324184;5.09038607109429;5.09640560438665;310.862713387862;310.176075041652;11026.8092030574;11456.8296758891;433.5079535449;0.557442557442557;258;258
649;1330.10999999999;9.41000000000167;1343.26000000001;NA;NA;-4555.45794893215;-4805.15465523984;5.07944284388843;5.0853911398169;295.280461244333;294.670207766665;10606.6034324033;11102.9057210221;499.393412615387;0.0699300699300699;251;251
650;1776.89000000001;10.2800000000007;1792.69000000006;NA;NA;-4844.16179463117;-5075.97504809412;5.11677939397377;5.12316987582308;325.890455178441;325.211276783241;11351.5526195554;11811.7128413977;463.626506925895;0.103896103896104;271;271
651;1656.47999999998;9.52000000000044;1670.85999999999;NA;NA;-4774.00761001682;-4972.06005747789;5.09181866336819;5.09842520854837;316.490315754075;315.738316879385;11156.1022370851;11548.3862263839;396.104894922135;0.824175824175824;259;259
652;1607.51000000001;10.4299999999985;1623.12;NA;NA;-4706.46188309606;-4919.50145462368;5.08873776994127;5.09437466457228;310.281531299549;309.658375636768;10988.2613072533;11411.1766122761;426.079143055242;0.621378621378621;257;257
653;1531.41000000003;11.2800000000007;1547.92000000004;NA;NA;-4606.83411380757;-4827.14656446308;5.06946414129374;5.07456667224928;302.744314174498;302.170386704066;10745.3423746759;11183.0636050422;440.624901311023;0.396603396603397;248;248
654;1629.08999999997;10.8900000000012;1645.30000000005;NA;NA;-4703.07882526406;-4914.60297617172;5.09142201499861;5.09703027563308;308.451342155863;307.844022046846;10973.3986497705;11393.361158644;423.048301815325;0.575424575424575;259;259
655;1518.98999999999;10.3299999999999;1534.10999999999;NA;NA;-4636.79963373541;-4838.08599655798;5.07470458601965;5.08139401994105;300.577126630244;299.880153421215;10795.5161072907;11194.5598376473;402.57272564515;0.864135864135864;250;250
656;1402.29999999993;9.77999999999884;1416.69000000006;NA;NA;-4503.43325107928;-4733.07129003306;5.04931871316409;5.05511086216413;291.515153093999;290.846048462254;10476.3410034322;10932.244247425;459.276077907558;0.251748251748252;239;239
657;1328.40000000002;10.2000000000007;1342.56999999995;NA;NA;-4469.52447832037;-4682.25496744006;5.0502059900055;5.05554860408569;284.03510779549;283.447016079569;10370.8179193931;10793.3144349903;425.460978239389;0.617382617382617;239;239
658;1613;10.7899999999991;1629.35999999999;NA;NA;-4686.58146370919;-4893.61850989375;5.08743274264866;5.0931307720763;306.011420589352;305.38218705018;10926.820590602;11337.6999868117;414.074092369114;0.767232767232767;257;257
659;1517.44999999995;9.93999999999869;1532.72000000009;NA;NA;-4621.79125377832;-4829.10721424013;5.0729932857972;5.07916972156655;301.026163066934;300.365018797362;10767.1697008984;11178.4553647;414.631920923615;0.805194805194805;249;249
660;1487.69999999995;10.1599999999999;1502.92000000004;NA;NA;-4623.48147722759;-4802.94238811736;5.07227714122363;5.07858048748786;297.521506225998;296.85909754098;10752.8119876799;11108.3811527369;358.921821779539;0.981018981018981;249;249
661;1820;10.8899999999994;1836.66000000003;NA;NA;-4773.3889073576;-4999.60926539374;5.09969786735253;5.10498853140743;318.747417521362;318.131299079911;11169.3805551594;11618.6848835574;452.440716072282;0.281718281718282;264;264
662;1428.90000000002;10.6000000000004;1444.2699999999;NA;NA;-4500.58727959814;-4728.21227545063;5.05802535714961;5.06462280568408;289.284221307392;288.580539585755;10461.2076327751;10912.906104863;455.249991704966;0.316683316683317;242;242
663;1786.8600000001;10.9699999999993;1803.28999999992;NA;NA;-4756.72960345635;-4962.84855372846;5.09339050910312;5.09901330330139;313.599862725308;312.958388998604;11106.8598346575;11515.8384077584;412.237900544234;0.853146853146853;259;259
664;1609.28000000003;11.3299999999999;1626;NA;NA;-4617.85494410781;-4848.1776043434;5.0802613454574;5.08674127500689;303.472637989854;302.804058811625;10774.0976131674;11231.3537186907;460.645320471183;0.188811188811189;253;253
665;1796.75;10.8099999999995;1813.77000000002;NA;NA;-4745.45056804485;-4962.94225468743;5.09300150912363;5.09770571740651;314.634312702972;314.056049939621;11089.5578032647;11521.6030239559;434.983373285164;0.477522477522478;259;259
666;1584.75;10.3000000000011;1599.71999999997;NA;NA;-4641.64692412303;-4835.18035450167;5.07730790050618;5.08363145829583;300.641163019595;299.969235336515;10805.5349245121;11189.1996033818;387.066860757281;0.877122877122877;250;250
667;1666.30999999994;10.5;1683.03000000003;NA;NA;-4658.9448374459;-4882.6884870871;5.08046257826258;5.08665608564082;307.172718219245;306.508378520481;10875.034141947;11319.1537173893;447.487299282393;0.361638361638362;253;253
668;1499.1399999999;10.2800000000007;1514.78000000003;NA;NA;-4535.88539287205;-4765.85450337989;5.0617986591082;5.06722527422945;294.602349326387;293.986618081572;10559.8571005709;11016.6851588839;459.938221015696;0.315684315684316;244;244
669;1834.32000000007;10.2600000000002;1849.71999999997;NA;NA;-4785.08777599109;-4977.61564036758;5.09662601342071;5.10245393393713;314.772521094178;314.083602093383;11170.7451253843;11552.2978075963;385.055728752986;0.949050949050949;261;261
670;1880.28000000003;10.7600000000002;1896.89000000001;NA;NA;-4737.11360728921;-4980.52836358314;5.09732628766616;5.10353585696933;319.023103147668;318.385667336555;11096.4103401432;11579.998590245;486.829512587865;0.0879120879120879;261;261
671;1731.23999999999;12.1100000000006;1748.65999999992;NA;NA;-4719.56968314464;-4918.10021463585;5.08757711970956;5.09387127286897;310.150876885392;309.46004301206;11013.8135588016;11407.367173143;397.06106298242;0.841158841158841;257;257
672;1757.15000000002;10.7700000000004;1773.38;NA;NA;-4728.56064865158;-4948.3119753409;5.08632385997887;5.09233994618813;313.852085545272;313.148313738116;11049.9751837191;11485.9060728501;439.502653378624;0.480519480519481;256;256
673;1447.56000000006;10.1399999999994;1462.08999999997;NA;NA;-4507.27101190175;-4739.19957182298;5.05990020986031;5.06559568765531;290.767859877388;290.145377203525;10482.6626235065;10943.376756236;463.85711984246;0.16983016983017;243;243
674;1630.5;11.0599999999995;1646.8899999999;NA;NA;-4610.69407200161;-4847.15146506893;5.07381715807611;5.07826386660872;303.062205299917;302.516922606769;10755.2803813972;11225.4353219438;472.91478613465;0.186813186813187;249;249
675;1547.21999999997;10.0299999999988;1561.92000000004;NA;NA;-4560.6606117676;-4805.33749711715;5.07583000305209;5.08314078678195;295.992586475807;295.269429711219;10620.0250898927;11105.7172896992;489.353770699092;0.04995004995005;250;250
676;1476.41000000003;11.0600000000013;1492.03999999992;NA;NA;-4525.17009234244;-4742.22482465253;5.05525044472745;5.06098902296419;292.431752371853;291.763174211009;10525.6535677467;10956.390066537;434.109464620167;0.511488511488511;241;241
677;1878.91999999993;11.2199999999993;1896.07000000007;NA;NA;-4764.87101533245;-5020.22707202734;5.10272136662452;5.10812548565264;320.325461299873;319.683566596166;11160.9834279793;11668.4267246813;510.712113389784;0.013986013986014;265;265
678;1574.64000000001;11.0199999999986;1590.45000000007;NA;NA;-4609.34252123794;-4838.92723316025;5.0820669753884;5.088003665982;299.461837412438;298.834067207105;10736.7408969289;11192.7279779291;459.169423844618;0.278721278721279;253;253
679;1592.53000000003;11.0300000000007;1608.55999999994;NA;NA;-4627.39156212906;-4861.08772138839;5.0835000999307;5.09316989763979;301.845282583838;301.073329251119;10784.3236150498;11247.804214726;467.392318518661;0.213786213786214;252;252
680;1758.63;11.5200000000004;1775.25;NA;NA;-4741.59827352715;-4948.61460868724;5.09241741842679;5.0979113442795;313.685355694436;313.087754429569;11076.4248222433;11487.4222369636;414.032670320174;0.808191808191808;258;258
681;1656.34999999998;10.8500000000004;1672.53000000003;NA;NA;-4670.74839672071;-4893.95461130499;5.08455283561165;5.09013726929367;306.316062452023;305.701499809444;10894.902807165;11338.198634164;446.412429168566;0.422577422577423;254;254
682;1577.65000000002;10.8400000000001;1593.33999999997;NA;NA;-4637.36368207116;-4867.14287056512;5.0798601104918;5.08507583476955;302.730177854284;302.147077556674;10809.3513508988;11265.9538293049;459.558376987929;0.215784215784216;253;253
683;1694.41999999993;11.1399999999994;1711.21000000008;NA;NA;-4726.07872525327;-4934.68005230929;5.08872564890906;5.09415207775179;310.967463707302;310.34263994144;11030.3713797035;11444.4029445999;417.202654112034;0.762237762237762;256;256
684;1583.35999999999;11.4700000000012;1599.69000000006;NA;NA;-4650.54680204849;-4862.92879665557;5.07926184814332;5.08566204243004;302.360688623645;301.68904492617;10833.245811727;11254.6063810769;424.763989214161;0.61038961038961;252;252
685;1787.16000000003;10.9900000000016;1803.35999999999;NA;NA;-4726.79637387659;-4946.64247326079;5.08908412182898;5.09470921180261;314.119363456681;313.445177990183;11049.0253765274;11485.2933435667;439.692198768395;0.511488511488511;258;258
686;1476.69000000006;10.1400000000012;1491.5;NA;NA;-4579.26483625132;-4788.13161165391;5.07375552832431;5.08191790467241;293.426958297459;292.697675223822;10643.0645259494;11057.1084152895;417.733550805182;0.716283716283716;248;248
687;1906.08999999997;11.5500000000011;1923.25;NA;NA;-4841.99768259688;-5059.22605021988;5.10875626333753;5.11765903503458;323.925004893241;323.09585395281;11334.785027215;11765.0162356259;434.456735245998;0.61038961038961;267;267
688;1317.28000000003;10.1299999999992;1331.95999999996;NA;NA;-4444.19934678211;-4653.33806551914;5.05064558475911;5.05944036133874;281.766442149547;281.012190821189;10307.5478286774;10722.0263924739;418.277437474062;0.668331668331668;237;237
689;1582.02000000002;11.2800000000007;1598.56000000006;NA;NA;-4631.11839933093;-4821.7833327205;5.06951896982974;5.07669051781301;301.123989228191;300.380397492999;10785.7132365869;11163.2810500972;381.329866779142;0.95004995004995;248;248
690;1532.52999999991;11.2799999999988;1548.25;NA;NA;-4528.412819279;-4779.58535690973;5.06495071104474;5.07215946649272;300.1328140839;299.442941692388;10573.4610360524;11072.3200383501;502.345075261474;0.032967032967033;245;245
691;1744.46999999997;11.0300000000007;1760.30999999994;NA;NA;-4774.58557919485;-4977.86161816818;5.10310037768124;5.10939533227769;311.959814024619;311.3211962331;11137.2211983901;11540.522354379;406.552077946673;0.833166833166833;264;264
692;1644.73999999999;10.9599999999991;1660.47999999998;NA;NA;-4671.83244364658;-4884.11706673955;5.08367497246101;5.09028389163939;305.639510749206;304.980459845105;10893.6399366875;11314.8669695086;424.569246185931;0.589410589410589;254;254
693;1394.64000000001;10.5;1409.70999999996;NA;NA;-4483.62555483112;-4727.58186761091;5.05872817860205;5.06614692772965;287.20182679888;286.527317590091;10416.7742257987;10901.2825669877;487.91262555958;0.0749250749250749;242;242
694;1854.05999999994;12.0499999999993;1872.3899999999;NA;NA;-4738.04253131589;-4954.91201775868;5.09362134794579;5.09940358782902;316.696137660407;316.048612906719;11085.8280658683;11516.275718407;433.738972885572;0.581418581418581;260;260
695;1615.25;10.9200000000001;1631.12;NA;NA;-4613.71050953872;-4846.32328591762;5.07729783787501;5.08308494223123;301.867837248444;301.242710181542;10756.4756654569;11218.5347548547;465.225552757805;0.205794205794206;251;251
696;1327.82000000007;9.64000000000124;1341.57999999996;NA;NA;-4416.69289368545;-4639.66567588058;5.03970568996389;5.04524892951754;280.602172265472;279.996191576585;10244.2827818777;10687.1814121485;445.945564390266;0.391608391608392;233;233
697;1654.54000000004;11.4899999999998;1671.52000000002;NA;NA;-4599.39780454381;-4819.29367257922;5.07780871306726;5.08435371028177;300.963717656375;300.306993522789;10723.2706080435;11159.735831767;439.791736070831;0.394605394605395;251;251
698;1710.26000000001;11.5599999999995;1727.40000000002;NA;NA;-4700.70169173702;-4891.26432229879;5.08624481640716;5.09293354572134;308.011002356686;307.343872321826;10964.6127574386;11342.3522176779;381.12526112354;0.97002997002997;256;256
699;1738.28999999992;11.0700000000015;1754.85999999999;NA;NA;-4716.96669405917;-4944.2905932547;5.09540520051119;5.10317075845889;312.118630800339;311.341200553395;11019.8078777502;11470.5055537377;454.647798391063;0.272727272727273;259;259
700;1623.64999999991;11.7200000000012;1639.97999999998;NA;NA;-4703.15992012447;-4891.72030725553;5.08478786562933;5.09165536679337;306.093374828302;305.384528167704;10958.5965488649;11332.1225829212;377.12077426213;0.958041958041958;254;254
701;1825.89000000001;10.9300000000003;1842.78000000003;NA;NA;-4750.69154163542;-4967.48287796191;5.09033913877215;5.09542811146082;318.25005893111;317.589715092446;11117.7957823818;11548.0245258315;433.582672652985;0.574425574425574;258;258
702;1665.17000000004;11.4399999999987;1682.54999999993;NA;NA;-4672.51035186167;-4892.24595001825;5.08745143345269;5.09479694102187;306.791003145733;306.065230419419;10902.0383696379;11337.8261432146;439.471196313156;0.456543456543457;256;256
703;1457.05000000005;10.7100000000009;1472.48999999999;NA;NA;-4536.20906101156;-4772.18322633862;5.06575421208921;5.07207786084106;295.256254867946;294.609595195759;10564.4112212488;11033.091842066;471.948330654126;0.112887112887113;245;245
704;1590.34999999998;10.2800000000007;1605.55000000005;NA;NA;-4687.9340939595;-4877.10588660579;5.07767201357578;5.08320761111319;305.354627494476;304.732686796483;10922.5845132479;11297.7777751318;378.34358529259;0.987012987012987;251;251
705;1752.21999999997;10.6399999999994;1768.43000000005;NA;NA;-4759.6049053059;-4971.48831475396;5.09882460524377;5.10411255704225;315.830560766657;315.259071635979;11125.1593520662;11546.0202371441;423.766818896125;0.665334665334665;261;261
706;1496.53000000003;10.75;1511.42000000004;NA;NA;-4574.04474381538;-4816.52855447568;5.07794559654158;5.08595885794409;295.652939062076;294.920938726;10646.251518344;11127.5098746275;484.967621320602;0.0599400599400599;252;252
707;1637.10999999999;10.5;1652.51000000001;NA;NA;-4665.39198058428;-4868.9235389317;5.08014312855539;5.08613381822289;306.362896926287;305.697247462285;10883.2165574767;11286.9066288844;407.063116694846;0.802197802197802;252;252
708;1789.15000000002;11.1100000000006;1805.83000000007;NA;NA;-4673.52245696121;-4895.53063740749;5.08553995461557;5.09293902413119;309.021954660769;308.291835247672;10915.3850465491;11355.6959245143;444.016360892572;0.396603396603397;256;256
709;1977.05999999994;12.8500000000004;1996.22999999998;NA;NA;-4845.22002672804;-5044.23402188506;5.10476551784731;5.10897861533761;326.398019007601;325.845107238357;11353.2203335671;11748.4316070722;398.027990314036;0.828171828171828;266;266
710;1671.40999999992;11.2800000000007;1688.29000000004;NA;NA;-4672.61923195456;-4883.79491424186;5.08239304128623;5.08842253726132;308.381677513048;307.747180487384;10909.11973261;11328.2534027305;422.351364574593;0.645354645354645;254;254
711;1481.82000000007;10.4699999999993;1497.27000000002;NA;NA;-4520.85015343636;-4743.38166311675;5.06299187844143;5.06809379874466;295.20234025812;294.663847689365;10532.8172774176;10975.1602796976;445.063019360783;0.331668331668332;244;244
712;1476.90000000002;10.6900000000005;1492.28999999992;NA;NA;-4528.57666935044;-4765.27193122822;5.06796377837731;5.07357775064181;292.011124327405;291.385870533275;10533.342826367;11003.5725353414;473.390523755552;0.0709290709290709;246;246
713;1586.92000000004;10.9300000000003;1603.52000000002;NA;NA;-4580.42361866316;-4803.60904280967;5.06602435521618;5.07170740204941;298.985872921844;298.391047356579;10672.2958288294;11115.6596846715;446.370848293025;0.327672327672328;246;246
714;1509.53000000003;11.6599999999999;1525.46999999997;NA;NA;-4545.3771250107;-4778.61214345316;5.06430818208839;5.07140842052614;294.414454634997;293.667408876092;10578.4935523578;11041.1886070071;466.470036884917;0.11988011988012;245;245
715;1548.06000000006;10.25;1563.02999999991;NA;NA;-4581.14369050073;-4809.59927925474;5.0722397205166;5.07933403618659;299.640031960014;298.91357069742;10678.8589329741;11132.0932637095;456.911177508024;0.282717282717283;249;249
716;1627.55000000005;11.2200000000012;1643.62;NA;NA;-4633.64723495091;-4864.06155363258;5.08336012345445;5.08791491615736;304.476506635619;303.94832438551;10811.3716320957;11269.5217240471;460.828637363331;0.207792207792208;254;254
717;1500.44999999995;9.91999999999825;1515.25;NA;NA;-4565.74659929834;-4768.47549628214;5.06711664989616;5.07325953827737;295.538087858685;294.90717405431;10624.9104602927;11027.1801116661;405.457793967598;0.819180819180819;245;245
718;1652.20999999996;11;1668.68000000005;NA;NA;-4667.99781708258;-4902.99986396913;5.08246366004527;5.08999029893693;307.147183446728;306.398179185524;10893.0106583129;11359.2178398866;470.004093773112;0.213786213786214;253;253
719;1679.89000000001;10.2100000000009;1695.71999999997;NA;NA;-4642.49557791784;-4903.39088048234;5.0803635564881;5.08666235243749;310.108926073554;309.457502053255;10857.020082165;11375.5084366424;521.790605129008;0.026973026973027;253;253
720;1744.96000000008;11.3199999999997;1761.72999999998;NA;NA;-4744.77615396494;-4938.73652074052;5.09606261140423;5.10167445164998;310.60662341052;309.99258198259;11068.3427614155;11453.1423678837;387.92073355116;0.915084915084915;260;260
721;1824.52999999991;10.8700000000008;1853.54000000004;NA;NA;-4676.83834631644;-4933.84476382228;5.08511875596339;5.09063273803984;314.725278475575;314.073796273021;10950.9621849443;11461.6686345405;514.012835011672;0.046953046953047;256;256
722;1515.74000000011;10.8899999999994;1531.20999999996;NA;NA;-4581.10824408862;-4795.77108271361;5.06989076532944;5.07547480928609;297.72935876937;297.107060518393;10668.5184740344;11094.6957580755;429.32567724999;0.532467532467532;248;248
723;1485.78000000003;10.5599999999995;1500.87;NA;NA;-4550.15953509297;-4774.35425479678;5.0665842842337;5.07391947156681;293.018383678638;292.356388456675;10581.0037269439;11026.0479626967;448.389439407629;0.325674325674326;245;245
724;1516.83000000007;10.1800000000003;1531.31000000006;NA;NA;-4565.89308342442;-4798.584211354;5.0663436418557;5.07189311040995;296.95120958363;296.389042209882;10632.9490247597;11095.4893835187;465.382255859164;0.147852147852148;246;246
725;1453.90999999992;10.7400000000016;1469.06000000006;NA;NA;-4556.75572011129;-4775.13519126963;5.05846693357963;5.06387614047912;294.778609827595;294.128891240987;10601.8827809279;11035.3612188538;436.758942316686;0.546453546453546;243;243
726;1475.03000000003;11.0200000000004;1490.15999999992;NA;NA;-4587.17203789306;-4792.90365162451;5.06543546337385;5.07126492284493;296.428510103381;295.782430367027;10672.2608318115;11080.4592799774;411.463227462906;0.8001998001998;245;245
727;1564.59999999998;10.6400000000012;1579.55999999994;NA;NA;-4662.80877559211;-4866.33688215241;5.0843356821625;5.09233444627476;301.307569334022;300.566540560587;10853.6242330317;11256.9225023351;407.056213120599;0.839160839160839;254;254
728;1447.05000000005;10.5799999999999;1461.85999999999;NA;NA;-4575.70196268304;-4784.02568882724;5.06739786028918;5.0746654135906;296.311674383893;295.62460124148;10648.7302854749;11061.9058100048;416.647452288404;0.803196803196803;245;245
729;1325.93999999994;10.75;1340.78000000003;NA;NA;-4510.46629656613;-4723.97494484536;5.0577396309592;5.06479877376129;287.108594573965;286.393279367805;10469.3907326178;10892.7992757211;427.01729655847;0.604395604395604;241;241
730;1494.15000000002;9.97000000000116;1508.55000000005;NA;NA;-4620.2719984621;-4860.43364660893;5.07691406683279;5.08389178572757;301.867260563561;301.180301350366;10768.9931919527;11245.8381969787;480.323296293654;0.118881118881119;250;250
731;1531.5;10.8900000000012;1546.82999999996;NA;NA;-4664.0381368488;-4876.5583677416;5.07556748314632;5.0820101937243;306.132710404088;305.425141406432;10878.7338313852;11300.1902357457;425.040461785597;0.676323676323676;251;251
732;1495.41000000003;9.64999999999964;1509.77999999991;NA;NA;-4649.77372937449;-4842.83636552555;5.0739662307357;5.07911814885308;305.210990084376;304.619828377594;10844.9270114617;11228.0590455001;386.125272302119;0.953046953046953;250;250
733;1474.02999999991;10.5299999999988;1489.12;NA;NA;-4654.23660332144;-4895.93349479457;5.08433902673756;5.09017507687998;305.915554273987;305.288902073826;10859.8481423768;11340.0640139578;483.393782946259;0.158841158841159;254;254
734;1538.44000000006;10.6100000000006;1552.97000000009;NA;NA;-4746.07132601045;-4960.11733116328;5.09065471694239;5.09588513774254;313.601165910889;312.975760191861;11084.9433218366;11509.8588559156;428.09201030566;0.625374625374625;258;258
735;1396.45999999996;10.6900000000005;1411.47999999998;NA;NA;-4593.56432817697;-4814.77282111693;5.06946569227478;5.07493183396891;300.958483705292;300.331962537075;10709.7677522753;11149.0149799434;442.416985879923;0.294705294705295;248;248
736;1512.14000000001;10.3400000000001;1526.77999999991;NA;NA;-4746.16774911605;-4956.3001110996;5.09791729975693;5.10435558438275;315.114488419597;314.459422492969;11094.6439225805;11511.5777376515;420.26472396709;0.631368631368631;261;261
737;1476.67999999993;10.2700000000004;1491.37;NA;NA;-4729.03743583019;-4947.33621024574;5.09654329143264;5.10321795389357;315.185101464964;314.51677909599;11060.7423524204;11493.9415853969;436.597548831083;0.491508491508492;261;261
738;1314.60999999999;10.2999999999993;1328.10000000009;NA;NA;-4626.43567949581;-4876.25682822818;5.08758483949219;5.0952466431797;302.495773347858;301.756209242652;10788.0899871056;11283.9788681889;499.642297464747;0.00799200799200799;256;256
739;1210.30999999994;9.77000000000044;1223.34999999998;NA;NA;-4550.21768607255;-4766.54372303364;5.06534454993338;5.07157330971343;292.642665061903;291.998671820924;10579.2214422544;11008.6192803877;432.652073922174;0.509490509490509;245;245
740;1607.05999999994;10.1400000000012;1621.71999999997;NA;NA;-4780.59686553718;-5006.52371359161;5.10584984892611;5.1128775132211;317.706036773407;316.95689128492;11179.0958399432;11627.1345501048;451.853696108878;0.374625374625375;265;265
741;1587.42000000004;10.5500000000011;1602.31000000006;NA;NA;-4765.45443460467;-4952.94016541068;5.09361962796671;5.10004803465365;314.432043902932;313.726745766711;11128.5378087886;11499.9256511884;374.971461612015;0.965034965034965;259;259
742;1516.29000000004;10.3199999999997;1531.47999999998;NA;NA;-4644.0605152699;-4846.8796860971;5.08170234072815;5.08790007110751;302.195252841647;301.544984388784;10820.0333327152;11222.3752816126;405.638341654396;0.839160839160839;253;253
743;1557.41999999993;10;1571.82999999996;NA;NA;-4606.7820751963;-4836.54508595159;5.07217355824313;5.07779629232641;302.640399989638;302.003032103792;10745.927994301;11202.2268210829;459.526021510581;0.215784215784216;250;250
744;1215.80999999994;10.2199999999993;1229.65999999992;NA;NA;-4438.02158032668;-4654.01762474572;5.04512941063147;5.05146592521106;281.876455519002;281.259349369745;10295.1504565737;10724.035723889;431.992088838075;0.497502497502497;236;236
745;1390.3600000001;10.7000000000007;1404.75;NA;NA;-4599.23557657355;-4796.35842613445;5.07115199839827;5.07787767118712;295.213985642898;294.531185972643;10691.450720387;11082.2433108968;394.24569912181;0.868131868131868;247;247
746;1527.15000000002;10.1700000000001;1542.38;NA;NA;-4692.09947128886;-4921.0958507703;5.09293828545235;5.10023167689913;306.59361427452;305.862263288315;10942.5915679549;11396.8669240418;457.992758962882;0.177822177822178;260;260
747;1506.04999999993;10.2299999999996;1520.63;NA;NA;-4673.45263229298;-4868.27365353213;5.07636127904519;5.0831554772847;305.322215013624;304.575059067478;10893.4574106009;11279.3148754261;389.642042478305;0.934065934065934;251;251
748;1292.34000000008;10.1899999999987;1306.72000000009;NA;NA;-4500.32578190842;-4717.60845029416;5.05469537614132;5.06145146875884;288.390827644686;287.719026360478;10454.3769126615;10885.5558221869;434.565336771473;0.513486513486514;239;239
749;1345.92999999993;10.5;1360.60999999999;NA;NA;-4592.4031088102;-4815.57452562028;5.07100390598011;5.07679879727468;297.562633578492;296.940761112402;10690.2646908084;11133.4612853929;446.342833620149;0.386613386613387;248;248
750;1488;10.5799999999999;1504.62;NA;NA;-4659.11579894555;-4877.71053307206;5.08444718873503;5.09077198314999;306.630814692306;305.97194804121;10873.8362184926;11307.6831133391;437.189468253015;0.453546453546454;255;255
751;1810.35999999999;12.4400000000005;1828.69000000006;NA;NA;-4750.97991451955;-4993.72200572682;5.10170654355301;5.10811745866232;318.048355009324;317.331658211521;11121.0039500706;11602.8397446888;485.484182414539;0.0929070929070929;264;264
752;1664.72999999998;12.7200000000012;1682.70999999996;NA;NA;-4715.05644523129;-4927.32223098782;5.08999511163239;5.09791153031708;309.878982459181;309.123061708153;11003.4066414932;11424.1003102727;424.531571513064;0.675324675324675;257;257
753;1662.64000000001;12.5100000000002;1679.76000000001;NA;NA;-4677.52352529752;-4898.63377021976;5.07871565195099;5.08751313484971;311.911341895798;311.043524201702;10935.5952800817;11373.4182776402;442.220489844494;0.43956043956044;252;252
754;1792.02999999991;12.7700000000004;1810.60999999999;NA;NA;-4719.68589855579;-4948.48269165892;5.08680033560363;5.09286383640382;316.835520493896;316.131391981476;11047.3671344582;11501.3871460757;457.593586206258;0.280719280719281;256;256
755;1373.76000000001;11.1399999999994;1389.93000000005;NA;NA;-4511.17841572894;-4742.09455854531;5.06243203283232;5.06845478549581;289.795318512872;289.18671708273;10485.5669571769;10944.3263437039;461.83228563274;0.277722277722278;243;243
756;1563.13;11.5300000000007;1580.12;NA;NA;-4627.8586388658;-4844.86320664821;5.0721088441985;5.07763885863807;307.171507598068;306.560836105712;10809.7899221164;11240.709487726;434.009135564836;0.6003996003996;248;248
757;1288.32999999996;11.7200000000012;1303.47000000009;NA;NA;-4440.30248991684;-4674.67015739081;5.04236889063494;5.04752601422872;286.543863970165;285.927981082528;10322.6019739495;10788.2379534955;468.73533494794;0.196803196803197;235;235
758;1523.65999999992;11.75;1540.25;NA;NA;-4625.31972492421;-4836.21445012903;5.07141662118515;5.07800637696181;304.934114197883;304.237337782905;10793.3924509983;11211.6567008637;421.789450409638;0.711288711288711;248;248
759;1445.46000000008;12.6200000000008;1461.51000000001;NA;NA;-4596.65662028481;-4808.52939581909;5.07349914169731;5.08149100170044;297.610516278152;296.833660188344;10699.6127813986;11119.4264217739;423.74555106856;0.719280719280719;249;249
760;1309.98999999999;10.6599999999999;1324.58000000007;NA;NA;-4478.09144026946;-4677.67457367806;5.04442444130075;5.04969448778701;286.278008366901;285.63998081932;10397.4497986538;10793.4039151475;399.166266817187;0.882117882117882;236;236
761;1451.66999999993;11.8900000000012;1468.40000000002;NA;NA;-4622.56525272194;-4816.44495333394;5.07985939751895;5.08653819466307;297.994392823676;297.325506010763;10754.5649489917;11138.9362301082;387.759401224001;0.915084915084915;251;251
762;1237.85000000009;11.5;1252.91000000003;NA;NA;-4471.97891943535;-4678.9812115708;5.04791009142749;5.05398268957856;282.355029576533;281.702498397176;10366.0714623438;10776.789498182;414.004584270899;0.748251748251748;237;237
763;1636.42000000004;11.8000000000011;1652.78000000003;NA;NA;-4721.20750834446;-4927.65414518798;5.08674602096274;5.09275444446875;312.074014185668;311.42439722798;11026.2448818989;11435.8412366124;412.893273687034;0.842157842157842;256;256
764;1571.12;12.7900000000009;1588.18999999994;NA;NA;-4708.79806646357;-4921.98366000731;5.08355392955287;5.08863973481843;308.388559155902;307.801428822486;10982.1181723867;11405.5107199644;426.371187087478;0.58041958041958;255;255
765;1507.46999999997;12.3599999999988;1524.70000000007;NA;NA;-4633.69847885007;-4848.04179489708;5.07754806256558;5.08301042252174;302.280334047408;301.641322811612;10799.1419846152;11224.5905553062;428.686632094024;0.533466533466533;252;252
766;1285.72999999998;11.75;1301.42999999993;NA;NA;-4443.42968981062;-4660.41323332175;5.04497963859497;5.05098547720184;284.239745096517;283.599435004639;10317.8646592723;10748.6081044995;433.967087022247;0.574425574425574;236;236
767;1537.83999999997;12.4400000000005;1554.92999999993;NA;NA;-4608.40220423998;-4830.55388219945;5.07165392727937;5.0779608978772;299.675110257655;298.938921651285;10733.5535026453;11174.1307786743;444.303355918941;0.340659340659341;249;249
768;1696.34999999998;12.5100000000002;1713.77000000002;NA;NA;-4743.84984139858;-4959.70261329947;5.09987920504955;5.10749064769118;312.619270849693;311.895234110172;11077.320311821;11505.3442408133;431.705543801785;0.565434565434565;261;261
769;1696.28000000003;12.5599999999995;1714.5;NA;NA;-4704.97211536948;-4934.89782616525;5.08568945824806;5.09188313520068;312.065910006633;311.436348598649;10993.1222685551;11449.7797885937;459.851421591544;0.207792207792208;255;255
770;1535.14000000001;13.2800000000007;1553.47000000009;NA;NA;-4638.04174107257;-4841.46878802864;5.08017664714399;5.08632919244228;298.826849018111;298.174006270886;10790.9204027338;11194.4650540705;406.854093912145;0.737262737262737;253;253
771;1493.70999999996;11.9200000000001;1510.47999999998;NA;NA;-4562.03314239796;-4770.96507590944;5.06250967321263;5.0682630013899;296.090409694299;295.472548620092;10619.0610549538;11033.8052698558;417.863867022956;0.733266733266733;243;243
772;1674.84999999998;12.5599999999995;1692.89000000001;NA;NA;-4661.99709003131;-4869.14797727477;5.0729353011862;5.07854497068257;308.073955711609;307.42929799813;10883.2524476571;11294.2914086186;414.301774486927;0.731268731268731;249;249
773;1607.55999999994;13.0600000000013;1625.98999999999;NA;NA;-4613.61299718785;-4844.41546423548;5.08076095017482;5.08694368733522;302.443570410723;301.80221131473;10759.7981888553;11218.1531642364;461.604934095258;0.185814185814186;252;252
774;1450.25999999989;11.5699999999997;1466.10999999999;NA;NA;-4539.52105334585;-4762.37521457281;5.06101845146107;5.06592214842893;293.073882507287;292.521671559875;10559.4078769901;11002.3268885114;445.708322453906;0.398601398601399;244;244
775;1476.14000000001;12.0400000000009;1492.80999999994;NA;NA;-4573.81047892347;-4791.06077130268;5.06439477903559;5.07110859681628;297.077282677428;296.395926684324;10648.8161006549;11079.8736476349;434.500584758429;0.592407592407592;245;245
776;1706.17000000004;12.7200000000012;1724.5;NA;NA;-4738.74591120104;-4966.39293674417;5.09513482447569;5.10143565118151;314.884046479465;314.18320867701;11078.0241004264;11529.7558448889;455.294051086259;0.27972027972028;260;260
777;1675.92000000004;12.3899999999994;1694.33000000007;NA;NA;-4734.14845241105;-4954.67163847964;5.09132147535792;5.0964279091621;315.643522055206;315.005136516127;11071.470834014;11509.2748045763;441.046372137189;0.441558441558442;258;258
778;1585.67000000004;11.8099999999995;1602.80000000005;NA;NA;-4619.55894214838;-4885.18785260127;5.08393603568033;5.08907414101117;307.21559487917;306.585286936217;10797.6892216049;11325.749353624;531.257820905797;0.003996003996004;255;255
779;1553.47000000009;12.1700000000001;1571.28000000003;NA;NA;-4666.79526637694;-4868.92858747179;5.07427769715593;5.0796060244292;307.267907129436;306.629897402928;10889.3849055298;11290.421103149;404.266642189703;0.829170829170829;250;250
780;1491.60999999999;11.8099999999995;1508.10999999999;NA;NA;-4647.21466297142;-4860.26830891497;5.07298083879715;5.07848955440935;307.065543081643;306.425989076955;10849.1990656885;11272.0680938373;426.1072918871;0.58041958041958;250;250
781;1242.14000000001;12.7200000000012;1258.59999999998;NA;NA;-4454.5295078288;-4700.23807977947;5.04838276606013;5.05360406180353;286.793644462074;286.199271543038;10353.5282341684;10841.9517504129;491.417143901341;0.0739260739260739;237;237
782;1297.76000000001;10.9500000000007;1313.53999999992;NA;NA;-4537.15134998696;-4746.04901004292;5.0608900130653;5.06788396463181;291.600476856342;290.910708574038;10546.6272792329;10960.9398794022;417.795320111916;0.676323676323676;243;243
783;1321.17000000004;11.2200000000012;1336.69999999995;NA;NA;-4522.10348941437;-4739.05132093249;5.05693033749292;5.06263793299819;295.089039326604;294.474720471389;10532.9263308907;10963.722765402;433.895663036237;0.47952047952048;241;241
784;1609.40000000002;13.3899999999994;1627.17000000004;NA;NA;-4715.24171471059;-4954.08366053216;5.0926552769391;5.09920803462625;312.474323458602;311.828255780773;11017.560793306;11491.9632652931;477.683891643132;0.142857142857143;258;258
785;1625.93000000005;12.130000000001;1643.35000000009;NA;NA;-4752.84967024353;-4958.15467990965;5.09619727327648;5.10313024013599;313.795351562872;313.081496656286;11100.6978629134;11507.6794106461;410.610019332238;0.835164835164835;260;260
786;1318.17000000004;12.0499999999993;1334.14000000001;NA;NA;-4469.54634919714;-4714.75097290429;5.05477560329463;5.05946223402533;289.180655180843;288.625616396395;10397.4031415268;10885.013381327;490.4092474143;0.04995004995005;240;240
787;1519.64000000001;12.619999999999;1537.03000000003;NA;NA;-4645.77496056907;-4856.21202854846;5.07882745893713;5.0854146369092;304.35269859817;303.668722789892;10833.7962401884;11251.2044657824;420.874135958784;0.72027972027972;252;252
788;1389.58999999997;12.2099999999991;1405.30999999994;NA;NA;-4557.97074913834;-4768.19208141658;5.05947668321835;5.06553257817794;295.461080262789;294.820240217525;10607.7587112493;11024.9657001986;420.442664556491;0.712287712287712;243;243
789;1543.96999999997;12.7300000000014;1562.08000000007;NA;NA;-4632.19938578587;-4838.83498861352;5.06921197951033;5.07454263726167;305.888680199116;305.248224994741;10811.981207982;11222.0121589637;413.271205655299;0.812187812187812;248;248
790;1506.28999999992;11.7799999999988;1523.25;NA;NA;-4634.50461953951;-4838.82754090678;5.07478856210514;5.0809660728062;300.620370216158;299.908690870995;10791.14503482;11196.1874204582;408.645842734539;0.825174825174825;250;250
791;1466.73999999999;12.1400000000012;1484.40999999992;NA;NA;-4592.19171690408;-4798.9688720172;5.06335193323556;5.06952355101801;297.782327981177;297.112668161073;10689.1413215555;11099.3116972708;413.554310226236;0.692307692307692;245;245
792;1695.78000000003;12.0900000000001;1712.80999999994;NA;NA;-4732.57651122146;-4933.39319591876;5.090934076897;5.09614255318597;311.257653852686;310.650464986416;11046.0508424552;11444.6002602003;401.633369394602;0.848151848151848;258;258
793;1505.22000000009;11.7199999999993;1521.97999999998;NA;NA;-4582.18147740497;-4807.73165011274;5.07101055187229;5.07923853626072;298.325479024888;297.553481208622;10673.6808915576;11120.8754688335;451.100345415543;0.404595404595405;248;248
794;1760.40000000002;13.2200000000012;1780.17000000004;NA;NA;-4732.83617000169;-4968.56595916549;5.09616338881227;5.10270022804283;316.663081319631;315.958270240045;11075.8551196759;11543.7308427004;471.4595783276;0.14985014985015;261;261
795;1542.65000000002;11.9500000000007;1559.22000000009;NA;NA;-4649.26139752021;-4865.37090449034;5.07893372240625;5.08443959189569;303.110205757181;302.539560375809;10834.4730305689;11263.8004133755;432.21901394027;0.511488511488511;252;252
796;1479.07999999996;12.1099999999988;1495.67999999993;NA;NA;-4580.28661581993;-4817.66469251033;5.07388384554169;5.0797165523463;300.39677190562;299.721464742268;10681.5768785777;11152.913738696;474.756153380806;0.188811188811189;250;250
797;1509.98999999999;12.4700000000012;1527.09999999998;NA;NA;-4660.47266744621;-4867.77688010546;5.07473070211349;5.07950074148286;307.948390668061;307.315124715744;10879.5680786828;11290.9713477281;414.608425318498;0.827172827172827;249;249
798;1282.25;11.0599999999995;1297.65000000002;NA;NA;-4457.40202640687;-4701.5543578725;5.04857139040327;5.05422329849377;292.807027942954;292.174563201351;10390.1768065076;10875.2946564242;488.304662931258;0.046953046953047;238;238
799;1601.23999999999;12.3099999999995;1617.53000000003;NA;NA;-4790.5378234454;-4990.49301779641;5.09629826715443;5.10261259452294;319.159380782598;318.466204027;11203.9517231466;11600.3374152832;399.910388702032;0.899100899100899;261;261
800;1296.30000000005;11.0799999999999;1311.30999999994;NA;NA;-4587.43625924083;-4794.94912313064;5.06690151211457;5.07390173904518;295.79148322592;295.082531504325;10670.1726687242;11081.6144677028;415.025727779626;0.716283716283716;246;246
801;1363.33999999997;11.2400000000016;1378.27000000002;NA;NA;-4653.97750731036;-4860.00221123155;5.08558108461683;5.09479580191591;301.003015661965;300.200672397883;10835.0085902654;11242.9875367285;412.049407842376;0.71028971028971;255;255
802;1521.16999999993;11.0599999999995;1536.81999999995;NA;NA;-4699.10219570929;-4922.30153940975;5.08497495365846;5.08957634788808;312.027770280263;311.452050079781;10981.7995607708;11425.2763680853;446.398687400921;0.427572427572428;256;256
803;1471.91999999993;12.2299999999996;1488.52000000002;NA;NA;-4628.28936535155;-4852.87771641708;5.07690999758576;5.08337442841905;305.19581917098;304.500416051921;10802.4906423948;11248.1449110663;449.176702131064;0.357642357642358;251;251
804;1337.46999999997;11.7000000000007;1352.68000000005;NA;NA;-4497.96427475129;-4739.63213171667;5.05320822904959;5.05792410256259;292.811633307052;292.254478012034;10472.5496687656;10953.0757017215;483.335713930775;0.033966033966034;240;240
805;1386.91999999993;11.2999999999993;1402.51000000001;NA;NA;-4538.99750724925;-4766.17656047595;5.06376747136815;5.06984829460099;292.80052688767;292.189662060562;10556.9800193089;11008.2525441588;454.358106453401;0.244755244755245;244;244
806;1509.70000000007;12.6900000000005;1526.90999999992;NA;NA;-4612.68838058453;-4837.12811466686;5.069141741837;5.07488693575964;301.19392910559;300.546554666313;10749.2070458785;11194.8112528881;448.87946816465;0.302697302697303;248;248
807;1584.94000000006;12.7199999999993;1602.92999999993;NA;NA;-4628.26762717938;-4863.22249840078;5.07883389557283;5.08463014835182;306.482180456004;305.810477637879;10809.5722960537;11276.0783190502;469.909742442798;0.142857142857143;252;252
808;1518.18000000005;12.2900000000009;1535.28000000003;NA;NA;-4631.44294483719;-4839.16812778879;5.08495869323133;5.09244702116174;299.588468586484;298.891818295112;10782.7631612386;11194.6792691342;415.450365903202;0.687312687312687;255;255
809;1608.87;12.2099999999991;1626.39000000001;NA;NA;-4679.51916720401;-4893.3204830758;5.0835859394266;5.08895475975338;307.050611477323;306.412644903587;10916.7726751394;11341.1387641014;427.602631743572;0.631368631368631;255;255
810;1406.75;12.3900000000012;1422.82999999996;NA;NA;-4557.91375164199;-4761.45308196159;5.06461956918644;5.06949879510686;293.063982877495;292.462793183278;10596.742582561;11000.7833029016;407.078660639192;0.882117882117882;245;245
811;1688.20000000007;12.4400000000005;1706.89000000001;NA;NA;-4685.91823177796;-4912.62991736922;5.08322510175486;5.08856768601619;311.299779074523;310.67354563617;10951.127753006;11401.3741061473;453.423371182515;0.305694305694306;255;255
812;1713.90000000002;12.4800000000014;1732.2300000001;NA;NA;-4706.43860222008;-4919.59234215875;5.08688906810129;5.09341270983915;310.537118397213;309.84524466094;10988.9070563879;11411.7031567954;426.307479877329;0.602397602397602;256;256
813;1621.52000000002;12.1099999999988;1639.01000000001;NA;NA;-4653.5346865259;-4843.25508678935;5.07764769934628;5.0846859823913;302.221626930098;301.530224703408;10837.9160743965;11213.8547072302;379.440800526889;0.962037962037962;251;251
814;1567.18999999994;11.7399999999998;1584.57999999996;NA;NA;-4633.869077973;-4821.38662569184;5.08150606731219;5.08798831068291;298.156923531289;297.527459344322;10779.1790367718;11151.0232020981;375.035095437679;0.968031968031968;253;253
815;1969.97000000009;12.880000000001;1988.88;NA;NA;-4823.74230633464;-5059.4329074335;5.10627868693874;5.11215533979782;326.28569466145;325.588801575721;11310.3048441301;11778.1345332181;471.381202197726;0.242757242757243;267;267
816;1565.69999999995;12.4800000000014;1583.41000000003;NA;NA;-4600.33866137916;-4814.94807496538;5.07165745760848;5.07834842911634;299.113310132195;298.408691386815;10714.5829714648;11140.2355036491;429.218827172444;0.494505494505495;249;249
817;1661.33999999997;13.1599999999999;1679.96999999997;NA;NA;-4638.28144342063;-4855.02496809318;5.07899125085785;5.08515452422075;305.382245658309;304.712158328994;10824.630947444;11254.7211366013;433.4870493451;0.558441558441558;253;253
818;1812.66999999993;13.5600000000013;1831.03000000003;NA;NA;-4741.70047566646;-4962.08878909137;5.09267204608274;5.09926417909623;313.256526743423;312.553734105058;11075.0570892546;11512.2628273247;440.776626849836;0.388611388611389;259;259
819;1536.68000000005;12.4400000000005;1553.58000000007;NA;NA;-4539.54487325109;-4801.9551854232;5.06789372072517;5.07438938935883;295.959093044641;295.238581233512;10575.8375299524;11097.0143248566;524.820624344222;0.00899100899100899;247;247
820;1876.29999999993;13.0300000000007;1894.91999999993;NA;NA;-4723.57406528491;-4959.48590104842;5.08993187038617;5.09555570798045;318.281730681465;317.610740329488;11063.7216925558;11532.1373605477;471.823671527025;0.155844155844156;258;258
821;1708.10000000009;13.0100000000002;1726.25;NA;NA;-4660.61324636094;-4869.04186542978;5.08155073254154;5.08772100981637;306.312807100422;305.652443111058;10874.0118296805;11287.5214979616;416.857238137682;0.774225774225774;253;253
822;1576.50999999989;12.1399999999994;1592.94000000006;NA;NA;-4606.15456938683;-4824.73005560268;5.07065510925979;5.0762288233401;298.125102117319;297.464302540767;10720.6133087398;11154.4210982267;437.150972431706;0.513486513486514;248;248
823;1876.90000000002;13.8099999999995;1896.53999999992;NA;NA;-4808.06842836592;-5023.54611421321;5.10533402379686;5.11160761182347;319.904416864967;319.203326005473;11245.2341063112;11672.6192078541;430.955371694581;0.597402597402597;265;265
824;1714.10000000009;13.9699999999993;1733.52000000002;NA;NA;-4709.55505627733;-4899.67069306602;5.08311078503257;5.08940152919673;306.447325491436;305.771763726831;10973.1817942591;11349.9871237336;380.231273577376;0.926073926073926;254;254
825;1555.53000000003;12.2999999999993;1572.48999999999;NA;NA;-4589.23600794929;-4777.87519705361;5.0622613028433;5.06750456912057;296.992918758589;296.358933406941;10679.2408497541;11053.3155641823;377.278378208635;0.925074925074925;245;245
826;1557.77000000002;12.9099999999999;1575.18999999994;NA;NA;-4566.26999892578;-4802.61046586446;5.06809979998814;5.07337923021829;299.561948896013;298.96263286865;10646.9007979191;11116.5520389331;472.680933877355;0.120879120879121;246;246
827;1649.39000000001;12.5400000000009;1667.35000000009;NA;NA;-4685.53852520634;-4885.71454568171;5.08118008223263;5.08795104454034;305.357044359829;304.653012985188;10919.0173585811;11315.8004674795;400.35204095074;0.893106893106893;253;253
828;1866.98999999999;12.9200000000001;1885.28000000003;NA;NA;-4785.92626809903;-4995.43745895964;5.09958577737442;5.10624649170638;319.297558410964;318.579851067955;11196.6499232066;11612.0201347661;419.022381721232;0.681318681318681;263;263
829;1610.83000000007;12.3099999999995;1628.58000000007;NA;NA;-4575.32426232314;-4816.3083146152;5.06805025298869;5.07252378413434;302.641529051344;302.059709860672;10681.8026509883;11160.8271580517;481.96810458413;0.10989010989011;248;248
830;1550.77999999991;12.5400000000009;1567.85999999999;NA;NA;-4639.01987676516;-4847.70741221509;5.08026440318406;5.08641182033345;301.929860152801;301.283152069303;10808.0088242065;11222.1068314698;417.37507089986;0.724275724275724;252;252
831;1569.15999999992;12.4300000000003;1586.21000000008;NA;NA;-4661.71258028049;-4868.98097347337;5.07945272454834;5.08639484132589;303.079404597791;302.353591704936;10859.2193173857;11270.0781923631;414.536786385761;0.718281718281718;252;252
832;1507.19999999995;12.2999999999993;1523.68999999994;NA;NA;-4587.63234249074;-4819.57642450939;5.0726187648832;5.07895047165783;298.078685658478;297.402726277001;10684.5311297735;11144.9966981621;463.888164037304;0.177822177822178;250;250
833;1540;12.7299999999996;1557.09999999998;NA;NA;-4627.46965582954;-4845.3427529967;5.07283931583386;5.07715423777892;302.505737811356;301.951783714629;10786.0150937309;11218.9575538021;435.746194334304;0.444555444555445;249;249
834;1180.71999999997;12.3400000000001;1196.60999999999;NA;NA;-4364.80346255792;-4587.32976666284;5.03675588023086;5.04399067349493;274.829151810867;274.155772335227;10110.2919547873;10551.9616432626;445.052608209842;0.342657342657343;231;231
835;1654.07000000007;13.1399999999994;1672.23999999999;NA;NA;-4659.02882197933;-4874.25160509789;5.07724559576113;5.08193941660985;305.749746222731;305.136444698226;10867.3832219294;11294.7210055742;430.445566237109;0.56043956043956;252;252
836;1666.07000000007;12.0100000000002;1683.30000000005;NA;NA;-4647.39301924466;-4861.1827012183;5.07378218627659;5.07931774390432;304.566377661826;303.930872486611;10836.901715098;11261.2633158082;427.579363947278;0.623376623376623;250;250
837;1387.64000000001;12.1800000000003;1404.05000000005;NA;NA;-4515.72371512606;-4726.57224538282;5.06496535558269;5.0712367480738;287.954645399209;287.269291675413;10486.5439328402;10904.7777541858;421.69706051351;0.647352647352647;245;245
838;1596.6100000001;12.2200000000012;1613.44999999995;NA;NA;-4641.34143089651;-4868.38817701098;5.07697996226161;5.08296839461836;305.092152179088;304.469969513327;10828.6762137053;11279.6169199381;454.093492228942;0.272727272727273;252;252
839;1599.93999999994;12.6599999999999;1617.95000000007;NA;NA;-4651.19445163274;-4871.21602548974;5.08008064244901;5.08747803063426;304.019480899126;303.292504968796;10842.9467083905;11279.3060512368;440.043147714005;0.435564435564436;252;252
840;1663.97999999998;12.4099999999999;1681.55000000005;NA;NA;-4658.48024428356;-4878.97413782162;5.08084782652385;5.08733762023788;305.807121902789;305.106068700032;10867.1823657494;11304.6163179598;440.987787076116;0.428571428571429;253;253
841;1790.92999999993;13.0200000000004;1809.47000000009;NA;NA;-4726.15809720279;-4968.39679789502;5.10199529086453;5.10813624358285;314.041718010631;313.397598956249;11050.3683855176;11531.5680826763;484.477401384458;0.148851148851149;263;263
842;1771.03000000003;11.9099999999999;1787.91999999993;NA;NA;-4664.86560705155;-4914.88118207212;5.08519556527102;5.09205372746864;312.841772040833;312.111384217907;10916.8453682765;11413.171102496;500.031150041155;0.026973026973027;255;255
843;1820.94999999995;12.9400000000005;1840.12;NA;NA;-4767.0159935773;-4982.69719900008;5.09837357787721;5.10513966381071;317.219237045376;316.525866458439;11147.6492711307;11575.4846740504;431.362410845542;0.503496503496504;262;262
844;1717.72999999998;11.7000000000007;1734.30999999994;NA;NA;-4700.44477226003;-4933.3438587577;5.09316145713198;5.09959053510994;311.516661867867;310.829619845687;10983.7054305334;11446.0127436161;465.798172995355;0.266733266733267;259;259
845;1366.9800000001;12.5299999999988;1383.44000000006;NA;NA;-4483.94395942079;-4723.54258517021;5.05912964375699;5.06536075103549;287.230434484206;286.605528092083;10418.1476480487;10894.1896748004;479.197251498837;0.120879120879121;243;243
846;1487.27000000002;12.0799999999999;1503.71000000008;NA;NA;-4591.09461903122;-4808.94448748052;5.06948135232181;5.07450259985194;297.670359035865;297.071803215756;10688.1927265994;11120.8641903569;435.699736898609;0.444555444555445;248;248
847;1607.7699999999;12.8099999999995;1624.70999999996;NA;NA;-4630.56168401422;-4866.24911507863;5.0819599610289;5.08777638143908;305.589033258331;304.929707560843;10810.2396928426;11278.2722485069;471.374862128831;0.127872127872128;253;253
848;1568.80000000005;12.8100000000013;1586.37;NA;NA;-4656.64339201334;-4863.77621116424;5.07873786132316;5.08509708563134;301.625719772634;300.932142940491;10841.7146842649;11252.4657609371;414.2656383018;0.722277722277722;252;252
849;1418.52000000002;13;1448.76000000001;NA;NA;-4500.34638871398;-4704.31700998867;5.05476818687393;5.06152108399357;288.015655709456;287.369091267264;10453.12823942;10857.808919199;407.941242549368;0.835164835164835;240;240
850;1485.72000000009;12.3799999999992;1502.08000000007;NA;NA;-4593.8761920748;-4805.32820658161;5.0656475000695;5.07095789690712;296.504302553993;295.871953580138;10686.6560149141;11106.3633612332;422.904029013609;0.629370629370629;246;246
851;1611.89000000001;12.9300000000003;1629.91000000003;NA;NA;-4648.56612541409;-4867.55686325536;5.07712988604623;5.08309268983568;304.486213916691;303.822664910806;10840.0551320035;11274.6742060496;437.981475682534;0.505494505494505;252;252
852;1693.68999999994;12.5;1711.47000000009;NA;NA;-4716.6897775389;-4917.30349805066;5.0834179121297;5.08995204070804;311.005819169974;310.307641362016;11010.568507999;11408.2553132594;401.227441023522;0.84015984015984;254;254
853;1799.83000000007;12.7700000000004;1817.91000000003;NA;NA;-4743.57206038506;-4993.99575576707;5.10370655858015;5.10977265525698;316.888325482208;316.246034641095;11100.8820757693;11598.4586325356;500.847390764015;0.012987012987013;265;265
854;1497.76000000001;11.8700000000008;1514.18000000005;NA;NA;-4608.48594748886;-4811.07260873838;5.06662026803959;5.07346037686574;297.413059723957;296.713621143641;10720.4695212081;11122.1070062218;405.173322499026;0.845154845154845;246;246
855;1501.87;12.880000000001;1518.82999999996;NA;NA;-4572.2161169283;-4808.91072167871;5.06800104048366;5.07332320303736;298.556500370892;297.972118635792;10654.315831511;11124.7496593822;473.389209500812;0.12987012987013;247;247
856;1509.07999999996;11.3099999999995;1524.55999999994;NA;NA;-4635.9433870921;-4836.02581091263;5.07556195198483;5.08098175792745;298.321492289192;297.741278111202;10782.3826255656;11179.6096657358;400.164847641057;0.839160839160839;250;250
857;1765.80999999994;12.9000000000015;1784.3600000001;NA;NA;-4772.91484175154;-4985.37943389455;5.09892042366484;5.10455969625933;315.818005647295;315.197870592709;11151.7153841178;11573.4912775882;424.929184286009;0.706293706293706;261;261
858;1528.37;13.1399999999994;1546.47999999998;NA;NA;-4616.36500737408;-4820.64849300424;5.07028389304469;5.07560920474184;300.876503472508;300.261277890274;10754.9543481216;11160.4087089222;408.56697126033;0.867132867132867;248;248
859;1614.69000000006;12.0699999999997;1631.37;NA;NA;-4644.83008592463;-4873.77030207115;5.07698403735144;5.08281199120234;307.08892615609;306.444139293153;10845.1612602418;11299.7756461826;457.880432293041;0.276723276723277;251;251
860;1446.46999999997;12.1399999999994;1463.08000000007;NA;NA;-4568.90606908818;-4786.47665184851;5.0726917689597;5.0783741712401;294.300581789138;293.721700184394;10626.7669144882;11058.979344615;435.141165520672;0.544455544455544;248;248
861;1713.31000000006;13;1732.4800000001;NA;NA;-4705.29430519499;-4918.23371325457;5.08702174375692;5.09214536610155;312.88192298645;312.225605235407;10999.128660246;11421.6752703271;425.878816119161;0.615384615384615;257;257
862;1696.16000000003;12.7799999999988;1713.67000000004;NA;NA;-4743.6163921946;-4942.12087372548;5.0949325441329;5.10102925132709;311.618572655266;310.941346746842;11071.166900909;11464.7335748549;397.008963061759;0.899100899100899;260;260
863;1718.96999999997;12.4300000000003;1737.19000000006;NA;NA;-4742.78026775569;-4951.81406915213;5.09381441867639;5.10003630388932;312.422096653567;311.726350187295;11072.9769348776;11487.5094504849;418.06760279288;0.676323676323676;259;259
864;1660.17000000004;12.3600000000006;1677.54999999993;NA;NA;-4683.58848829065;-4916.10603252268;5.08689752261233;5.09299709193504;308.020115043615;307.341531955495;10930.432599016;11392.0237603597;465.03508846405;0.167832167832168;256;256
865;1425.57000000007;12.0100000000002;1442.15000000002;NA;NA;-4509.29051149371;-4733.07366998138;5.0635391966248;5.0702363983776;289.763934743706;289.076854197922;10482.2276870701;10926.3234439508;447.566316975348;0.392607392607393;244;244
866;1543.15000000002;12.8500000000004;1561.27999999991;NA;NA;-4598.17696275984;-4830.00889447254;5.07826350681274;5.08334849149891;301.03953355981;300.487500249884;10721.2129556478;11182.0805983656;463.663863425409;0.173826173826174;251;251
867;1704.87;12.25;1722.85999999999;NA;NA;-4698.91568630143;-4892.75376356379;5.08217323296827;5.08828695239976;309.589369952001;308.911914146379;10967.8371542737;11352.0777595358;387.676154524703;0.913086913086913;254;254
868;1584.66999999993;12.4700000000012;1602.5;NA;NA;-4615.9518737614;-4864.62935704756;5.08037244798391;5.08760544654529;301.202186546455;300.482796840593;10758.7819187508;11252.490097592;497.354966572328;0.027972027972028;253;253
869;1624.56999999995;11.8000000000011;1641.78000000003;NA;NA;-4662.02104373887;-4875.97501122435;5.08120113991347;5.08625538786571;303.202617855628;302.608165242816;10861.0610048074;11285.955493134;427.907934970972;0.582417582417582;253;253
870;1599.10999999999;13.1100000000006;1617.83000000007;NA;NA;-4660.77289984575;-4847.1949854974;5.0748426467634;5.08233846515292;302.554434058164;301.793211405576;10853.4743709621;11222.4642317701;372.844171303292;0.981018981018981;250;250
871;1896.32999999996;13.4499999999989;1916.43000000005;NA;NA;-4791.35257373279;-5006.73377280555;5.10064908448214;5.10739086063953;321.197759821099;320.470461347641;11217.1720173895;11644.2334393512;430.762398145502;0.631368631368631;263;263
872;1715.66000000003;12.1699999999983;1733.20999999996;NA;NA;-4704.79431374741;-4903.10298613162;5.0839762343609;5.08946035532301;309.522317410789;308.900727854378;10979.8624684546;11373.3263546019;396.617344768427;0.884115884115884;255;255
873;1716.51000000001;12.4499999999989;1734.44000000006;NA;NA;-4705.84640061432;-4908.99082545898;5.09072165563381;5.09621551128796;309.151178830516;308.549603168326;10981.8916979237;11385.1251057912;406.288849689319;0.79020979020979;258;258
874;1472.19999999995;12.8799999999992;1490.08999999997;NA;NA;-4534.45115903381;-4730.28901780978;5.06004123517109;5.06693922665965;291.286224577621;290.62145665903;10539.0396101715;10927.36020817;391.675717551949;0.949050949050949;242;242
875;1824.46999999997;14.1900000000005;1850.14000000001;NA;NA;-4708.39219676859;-4906.03241921774;5.08347212599655;5.08925611856748;311.553049669995;310.913799170215;10997.3605796438;11389.3979681253;395.28044489829;0.872127872127872;255;255
876;1464.65999999992;11.25;1480.35999999999;NA;NA;-4530.74107925145;-4747.08494667721;5.05744394378545;5.06250557540155;293.412458742195;292.808231167466;10542.3506691586;10971.9888348387;432.687734851525;0.618381618381618;242;242
877;1477.92000000004;10.5599999999995;1493;NA;NA;-4548.00211136858;-4771.36649101341;5.05963450699567;5.06498481050867;298.955333180845;298.365356560689;10605.4643233788;11049.2142223854;446.728759289674;0.391608391608392;243;243
878;1626.55000000005;11.0500000000011;1642.28000000003;NA;NA;-4759.92889247408;-4938.24137326063;5.09627920633725;5.10295579969593;309.250491093078;308.589147351294;11091.7551183421;11445.0185186756;356.624961573099;0.985014985014985;260;260
879;1750.97999999998;11.5499999999993;1768.77000000002;NA;NA;-4684.28811901832;-4913.19246952917;5.08549087992534;5.09155600462303;309.25290616808;308.543282273493;10937.4832973361;11391.6919224476;457.808701021702;0.247752247752248;255;255
880;1689.47999999998;10.8099999999995;1706.02000000002;NA;NA;-4648.00747046791;-4876.73656917074;5.07866276402255;5.08491461856212;306.15296339381;305.468422414002;10847.9899854154;11301.9780530343;457.458197405664;0.235764235764236;253;253
881;1646.46000000008;9.93999999999869;1661.47000000009;NA;NA;-4660.44812367053;-4888.59237843064;5.08439813275104;5.09064796166671;306.678135974158;306.022799311438;10876.1384272199;11329.1035592302;456.288509520231;0.24975024975025;254;254
882;1845.52000000002;11.4300000000003;1862.32999999996;NA;NA;-4790.18423290629;-5012.27944408146;5.10923532850661;5.11595579997118;316.401920225601;315.718029737427;11192.2252875543;11632.9317438531;444.190422350322;0.394605394605395;266;266
883;1580.5;11.4899999999998;1596.85999999999;NA;NA;-4615.24035125203;-4836.60466175635;5.0809492196189;5.08783154910282;297.320881545319;296.667662311079;10737.0946975568;11176.513260977;442.728621008639;0.425574425574426;252;252
884;1632.29000000004;10.6900000000005;1647.83999999997;NA;NA;-4625.24009322503;-4831.75065941627;5.07438048545787;5.08198256346939;299.938346386396;299.181278874514;10769.162680327;11178.3505410027;413.021132382491;0.732267732267732;250;250
885;1488.50999999989;11.5499999999993;1505.05000000005;NA;NA;-4550.84309397441;-4764.45362974437;5.06050181333444;5.06663813209044;294.630770546311;293.951921263355;10589.3110710009;11013.1045538905;427.221071539923;0.624375624375624;243;243
886;1563.35000000009;10.7999999999993;1579.10999999999;NA;NA;-4563.3860642872;-4799.01113226597;5.06674975853046;5.07339377594064;298.349344082934;297.650627949108;10635.0029071166;11102.720857737;471.250135957542;0.221778221778222;246;246
887;1393.22999999998;10.4099999999999;1407.92000000004;NA;NA;-4458.41423004681;-4661.79952406336;5.0445741846935;5.05220596413141;284.445240576708;283.724470229628;10348.2643883286;10751.407787632;406.770588033094;0.839160839160839;235;235
888;1589.88;10.4899999999998;1605.18000000005;NA;NA;-4646.57735862479;-4850.51228862158;5.07776463600841;5.08397604354302;301.313163082894;300.631048929321;10819.9987990874;11224.4121822784;407.869859993589;0.777222777222777;252;252
889;1689.23999999999;11;1704.77999999991;NA;NA;-4642.58797343779;-4878.95266834955;5.08420988848927;5.09000946687687;306.944838047698;306.334335413862;10841.7706402387;11311.4040172211;472.729389823522;0.133866133866134;254;254
890;1541.93000000005;9.90999999999985;1556.34999999998;NA;NA;-4530.27258377996;-4787.41204481939;5.06828054464156;5.07537608312124;296.102768837572;295.409041119251;10558.0195596181;11068.7901068941;514.27892207886;0.040959040959041;247;247
891;1829.30000000005;11.9300000000003;1847.54000000004;NA;NA;-4713.47187315823;-4945.23129901055;5.09462289324691;5.10054905611519;310.47965145372;309.832374590174;11005.0888107532;11465.3176021181;463.51885170463;0.196803196803197;260;260
892;1644.64000000001;11.0300000000007;1660.12;NA;NA;-4616.83327447871;-4867.96526511424;5.07769280043206;5.0843312166602;305.043586060431;304.394179704175;10778.1984822722;11277.1743142401;502.263981271046;0.024975024975025;250;250
893;1446.60000000009;10.4300000000003;1461.5;NA;NA;-4484.76420649587;-4716.80662349167;5.05151513307772;5.05776847806324;289.971180044738;289.296555126938;10431.2200288734;10891.9042021992;464.084833991586;0.198801198801199;239;239
894;1823.05000000005;11.7399999999998;1839.91000000003;NA;NA;-4734.23219780695;-4955.64492763485;5.09105609139888;5.0975007854389;315.531109793793;314.795543754802;11071.6776880216;11510.7657372778;442.825459655791;0.374625374625375;259;259
895;1651.63;11.1899999999987;1667.44000000006;NA;NA;-4612.6814052426;-4876.16482892084;5.0767088338804;5.08341830979244;303.527020581253;302.828029066476;10762.8217373848;11286.2479749393;526.966847356483;0.01998001998002;251;251
896;1802.14999999991;10.9799999999996;1819.39999999991;NA;NA;-4772.62564570024;-4944.7838501135;5.09586860707322;5.10029817269845;311.465143018582;310.920711592218;11127.8054101858;11469.355563412;344.316408826517;0.998001998001998;259;259
897;1597.97000000009;11.4599999999991;1614.35999999999;NA;NA;-4560.09499714499;-4767.87667119723;5.06319525769116;5.06944199204894;297.200675535635;296.474012530317;10621.4008944512;11033.2937447603;415.563348104473;0.798201798201798;244;244
898;1516.92999999993;11.2199999999993;1532.7300000001;NA;NA;-4531.1219025315;-4767.22678507766;5.06681831334049;5.07352870222915;291.971172481562;291.261031940975;10538.8235605538;11007.4419466176;472.209765092321;0.137862137862138;247;247
899;1750.53000000003;11.1399999999994;1766.96999999997;NA;NA;-4680.65862722122;-4894.62085892096;5.0825039498164;5.08925983754372;309.717218447223;308.998194069179;10931.9713880793;11356.2494975007;427.924463399464;0.587412587412587;254;254
900;1539.1100000001;10.5900000000001;1554.39000000001;NA;NA;-4568.12303683115;-4802.2836505132;5.07162316451366;5.07800518384596;296.332618277247;295.662843625067;10635.4815310934;11100.4141679174;468.3212273641;0.178821178821179;248;248
901;1416.58999999997;10.2700000000004;1430.93000000005;NA;NA;-4466.05593480318;-4677.55246033973;5.04460277753958;5.05037266056921;287.265548292959;286.623800977372;10378.3505584621;10798.112732036;422.993051073097;0.641358641358641;236;236
902;1709.78999999992;11.7099999999991;1727.06999999995;NA;NA;-4722.26504236131;-4916.03091418375;5.09207051311909;5.09793994823658;307.516520375743;306.878493587361;11007.0212553193;11391.3111854114;387.531743644864;0.989010989010989;259;259
903;1494.14000000001;10.3299999999999;1509.08000000007;NA;NA;-4561.07559598061;-4762.20916663815;5.06283712854419;5.06926618694853;293.608353147674;292.965676302869;10605.2166638996;11004.237535727;402.267141315091;0.794205794205794;244;244
904;1675.97999999998;11.0100000000002;1691.55000000005;NA;NA;-4665.08466894883;-4884.29641943274;5.08160197534523;5.08762155714087;305.963600298301;305.317588971824;10881.7879271394;11316.9353417295;438.42350096782;0.474525474525474;254;254
905;1740.81999999995;11.25;1757.71999999997;NA;NA;-4675.69293205238;-4906.7835191281;5.08161046924414;5.08720117716267;309.62500323424;308.972733349914;10921.5723511375;11380.4457001858;462.181174151434;0.208791208791209;254;254
906;1832.18000000005;11.4599999999991;1849.8899999999;NA;NA;-4734.99991146181;-4972.942829552;5.09698157296616;5.10307302459071;314.062529729817;313.415730595388;11066.959200076;11539.5561627198;475.885836180369;0.127872127872128;261;261
907;1594.14000000001;10.3700000000008;1610.56000000006;NA;NA;-4594.85120499458;-4809.23759945248;5.07072297231586;5.07601891510021;297.606064678293;296.979802050882;10695.3806141172;11120.9849528565;428.772788915809;0.556443556443556;248;248
908;1637.37;11.3999999999996;1654.27999999991;NA;NA;-4672.29184904525;-4854.82044646193;5.0839180507482;5.09030461054534;299.08231011583;298.424490283633;10861.8931179647;11223.6130501309;365.057194833356;0.99000999000999;255;255
909;2160.44000000006;12.3500000000004;2180.28000000003;NA;NA;-4881.46196051823;-5103.87850127354;5.11149900876233;5.11685229464653;331.549083423103;330.890982166685;11453.8046130842;11895.281417158;444.833081510618;0.457542457542458;269;269
910;1683.15000000002;10.9200000000001;1699.67000000004;NA;NA;-4632.43996587658;-4850.61816427682;5.07614447759742;5.08237392592534;302.309032102282;301.628248954169;10796.1693675272;11229.0773855759;436.356396800473;0.522477522477522;251;251
911;1939.12;12.0599999999995;1957.41999999993;NA;NA;-4769.38674292214;-5011.86727622288;5.10765381601297;5.11518854127102;317.399240298774;316.659779450006;11155.1132490041;11636.3086482018;484.961066601472;0.0809190809190809;265;265
912;1651.46000000008;10.3799999999992;1666.95999999996;NA;NA;-4609.55126021111;-4808.03864021784;5.06660444976797;5.07261750239532;299.909879034087;299.290425241654;10735.2221946198;11129.0654603157;396.974760013469;0.902097902097902;246;246
913;1790.62;10.2800000000007;1806.77000000002;NA;NA;-4677.68291231467;-4904.16121735003;5.0882004656471;5.09503803208295;307.856175562135;307.156926230291;10917.7894257003;11367.1972238717;452.95661007072;0.258741258741259;256;256
914;1797.26000000001;11.3500000000004;1814.79999999993;NA;NA;-4717.11564506092;-4911.81558253222;5.08627792917149;5.0923384966525;308.829475882896;308.181981252937;11002.1965670332;11388.30903201;389.399874942594;0.977022977022977;257;257
915;1493.34999999998;10.3299999999999;1509.58999999997;NA;NA;-4474.66975384979;-4715.38659078695;5.06203013097119;5.06884973028981;287.425844951826;286.788744036231;10399.9932555411;10878.211446719;481.433673874335;0.110889110889111;242;242
916;1721.26000000001;11.1999999999989;1738.33999999997;NA;NA;-4638.30320859138;-4853.25400079573;5.08236164740548;5.08663979860244;304.494733516314;303.949303202274;10820.1754303787;11247.3120758937;429.90158440869;0.579420579420579;253;253
917;1617.14000000001;10.9099999999999;1632.85999999999;NA;NA;-4581.65406152041;-4814.6164631397;5.07969538896363;5.08617712214672;296.716774988965;296.051774514203;10666.86092916;11129.4159757344;465.924803238589;0.12987012987013;252;252
918;1915.69999999995;11.7199999999993;1933.75;NA;NA;-4754.06328001066;-4974.29231901143;5.09306868009105;5.09949864660995;317.506584947145;316.77756472679;11121.3772399524;11558.1311668531;440.458078001546;0.458541458541459;259;259
919;1869.33999999997;11.2000000000007;1887.16999999993;NA;NA;-4704.67744836725;-4934.40873715203;5.09222253804853;5.0975732168504;312.724545783372;312.108145706504;10998.3080398643;11454.6386891833;459.462577569557;0.203796203796204;259;259
920;1869.99000000011;11.9499999999989;1887.38;NA;NA;-4773.26178622886;-4970.30384497705;5.09389985500216;5.10082885704166;313.220352025371;312.49260437031;11138.5994148375;11528.9844449232;394.084117496379;0.903096903096903;260;260
921;1926.77000000002;11.2799999999988;1943.80000000005;NA;NA;-4745.31329819211;-4974.6835230325;5.09745573650665;5.10373032720312;316.076065103076;315.379624915877;11097.8244894089;11553.0236484794;458.740449680783;0.265734265734266;261;261
922;1539.19000000006;11.619999999999;1556.27000000002;NA;NA;-4570.77129199402;-4775.02721184303;5.06179216535268;5.06785123280088;291.241357533238;290.578871531354;10612.6519605689;11017.817471375;408.511839698005;0.767232767232767;244;244
923;1526.55000000005;11.4699999999993;1543.0199999999;NA;NA;-4525.09782417531;-4734.09178672528;5.05807223192369;5.06381505993199;291.787178860819;291.163007115342;10522.8612837513;10937.698980374;417.987925099933;0.718281718281718;242;242
924;1781.39000000001;11.8199999999997;1798.35999999999;NA;NA;-4718.88015225136;-4930.85913895436;5.09799278350471;5.10587784742257;308.350817667296;307.654627109275;11005.0846645315;11425.5039529129;423.957973406001;0.611388611388611;260;260
925;1609.72999999998;11.1599999999999;1626.28000000003;NA;NA;-4598.65476964398;-4812.03901317717;5.07121695932013;5.07758298390625;299.433142216634;298.758566343347;10712.2314758302;11135.587081541;426.768487066392;0.542457542457542;248;248
926;1764.35999999999;11.5599999999995;1781.57999999996;NA;NA;-4692.58474038798;-4894.33178452241;5.08205998288903;5.08739541172943;310.740699178533;310.089575521514;10960.4010417682;11360.5944020109;403.49408826887;0.846153846153846;253;253
927;1525.23999999999;10.5299999999988;1539.82999999996;NA;NA;-4526.30829091732;-4762.81299232184;5.06298991131725;5.0696910889677;292.894027301274;292.235308098706;10531.4724471022;11001.1559003682;473.009402809046;0.20979020979021;243;243
928;1820.69000000006;10.6100000000006;1837.56000000006;NA;NA;-4725.28426981421;-4960.34826762158;5.09588563812835;5.10279425117221;314.622453094557;313.89489906834;11049.7711578591;11516.2010502642;470.127995614754;0.130869130869131;260;260
929;1777.5;11.2800000000007;1794.09000000008;NA;NA;-4770.34613438003;-4955.57982886232;5.09617166374067;5.10150040691397;313.53136984051;312.92541164257;11134.9507800475;11502.3369653193;370.467388964589;0.963036963036963;261;261
930;1805.35000000009;11.6499999999996;1822.94999999995;NA;NA;-4776.86471497648;-4981.5526385369;5.10037198835316;5.10698864395177;315.403954286488;314.733798532109;11158.1128110222;11564.0797384373;409.375847120829;0.76023976023976;262;262
931;1401.16000000003;10.5899999999983;1415.94000000006;NA;NA;-4468.47567872448;-4691.8890971691;5.04923132773727;5.0555034474338;286.656682676617;285.98441298057;10380.7307521543;10824.1716252984;446.826836889239;0.377622377622378;237;237
932;1545.10999999999;11;1560.85999999999;NA;NA;-4596.88365084819;-4810.90370723705;5.07139950906361;5.07832354979715;295.563921546686;294.892737694157;10689.113692169;11113.75808484;428.04011277772;0.587412587412587;248;248
933;1744.97000000009;12.2299999999996;1763.41999999993;NA;NA;-4688.85277895775;-4894.89683032241;5.08522912974308;5.09069256651828;306.024046199064;305.386346418172;10930.8307840169;11339.6824495162;412.088102729314;0.754245754245754;256;256
934;1590.23999999999;11.1000000000004;1606.5;NA;NA;-4603.28237246065;-4843.47098159554;5.07392445276809;5.07911425638472;301.897468604888;301.310039462437;10735.1668927953;11212.5697719524;480.377218269781;0.0859140859140859;250;250
935;1498.71999999997;11.4600000000009;1514.73999999999;NA;NA;-4533.65804293846;-4790.43462714365;5.0670030656574;5.07389058061827;294.140515810717;293.496010911936;10553.671116657;11063.967463762;513.553168410375;0.011988011988012;245;245
936;1397.20999999996;11.4699999999993;1413.09000000008;NA;NA;-4489.57493740499;-4701.91339205651;5.04989829774297;5.05672861351968;285.322010011054;284.639288264927;10416.2070369295;10837.4453395335;424.676909303034;0.595404595404595;237;237
937;1756.18999999994;11.8900000000012;1773.57000000007;NA;NA;-4678.98078811977;-4898.13257302937;5.08416009945581;5.09075737920743;310.056625445403;309.365374661146;10930.3369283716;11365.1349911121;438.303569819207;0.498501498501498;254;254
938;1773.39000000001;11.6500000000015;1790.68000000005;NA;NA;-4732.44124427946;-4917.45752734014;5.0828020026312;5.08854322059261;311.176338060372;310.491960418213;11043.5475349741;11410.1081048989;370.032566121372;0.982017982017982;255;255
939;1823.40000000002;11.7199999999993;1841.06000000006;NA;NA;-4745.15927208496;-4944.01079144787;5.09276784319101;5.09953329952295;312.127509556605;311.438958617731;11076.2381467546;11470.4426587633;397.703038725833;0.888111888111888;259;259
940;1402.91000000003;11.4599999999991;1418.96000000008;NA;NA;-4452.89807499332;-4678.04261399248;5.04699397032553;5.05370533729469;283.698571482533;283.012153532013;10335.2739380292;10782.1043478768;450.289077998332;0.361638361638362;238;238
941;1453.58999999997;11;1468.97999999998;NA;NA;-4506.7485093823;-4728.81072606016;5.06103825564131;5.06650709808623;287.616895359454;287.038721211857;10465.7080336887;10906.9131988121;444.12443335571;0.323676323676324;243;243
942;1485.28000000003;11.8599999999988;1501.60999999999;NA;NA;-4503.25803596395;-4733.02158191469;5.05384042928414;5.05964867135406;290.81940699067;290.144605274187;10473.0905840261;10929.2147152781;459.527091901473;0.2997002997003;240;240
943;1740.42000000004;11.5500000000011;1757.53000000003;NA;NA;-4669.08536964242;-4879.1868206522;5.0749127403311;5.07987513979584;307.877260526334;307.301041051364;10897.6649868782;11314.9491577286;420.202902019557;0.683316683316683;251;251
944;1922.79000000004;12.2999999999993;1941.53000000003;NA;NA;-4789.29287730294;-5003.55730694898;5.09852414341088;5.10361958815677;318.149647230822;317.545630353515;11196.9358094265;11622.3921814315;428.528859292075;0.548451548451548;262;262
945;1589.93999999994;11.3600000000006;1605.89000000001;NA;NA;-4614.15446968496;-4830.0324246689;5.07124869824849;5.07823122243942;302.223324546809;301.520306267945;10757.3472438855;11185.5463738505;431.755909967895;0.583416583416583;248;248
946;1753.52999999991;11.7399999999998;1770.53000000003;NA;NA;-4739.22024357233;-4942.92452816581;5.09406566611871;5.10011361857035;313.583319782021;312.950006335717;11071.7570602092;11475.9477643303;407.408569186951;0.85014985014985;259;259
947;1666.51000000001;11.0900000000001;1682.72999999998;NA;NA;-4686.59374506817;-4897.81727595959;5.0814376154933;5.08684633123822;307.52859312722;306.899534211584;10932.7425527462;11351.9994981025;422.44706178285;0.652347652347652;254;254
948;1470.72000000009;10.8000000000011;1485.66000000003;NA;NA;-4517.45345241378;-4734.03211768039;5.05311689069553;5.05972810510047;292.460468427027;291.803544037932;10509.7571331177;10939.6016566571;433.157330533228;0.516483516483517;240;240
949;1637.53999999992;11.1999999999989;1654.34999999998;NA;NA;-4647.83963806916;-4865.04880998405;5.07507979740017;5.08191517263861;302.906173953037;302.236038821326;10828.7817902756;11259.808371429;434.418343829782;0.558441558441558;249;249
950;1566.28000000003;11.8999999999996;1583.05000000005;NA;NA;-4625.14598038375;-4848.0236440345;5.06711265911157;5.07332996729554;304.044903499052;303.341586655757;10787.9319457397;11230.1304033554;445.755327301493;0.38961038961039;247;247
951;1561.80999999994;11.1700000000001;1577.92000000004;NA;NA;-4640.80915509712;-4851.63561106115;5.07704524981891;5.08217874432683;301.939149882012;301.37758408606;10811.0341772811;11229.8425834898;421.652911928055;0.677322677322677;251;251
952;1485.46000000008;10.8999999999996;1501.08999999997;NA;NA;-4584.78542364167;-4798.09894261904;5.0678472196735;5.07348855035074;296.290483936441;295.662103637023;10667.3935712974;11090.8439892025;426.627037954737;0.565434565434565;246;246
953;1590.96999999997;11.9400000000005;1607.85999999999;NA;NA;-4633.67931561793;-4858.55296581425;5.08110369066378;5.08679972387476;303.437526766608;302.832280151358;10805.5683675715;11252.2475035009;449.74730039263;0.371628371628372;253;253
954;1530.56000000006;11.8000000000011;1547.12;NA;NA;-4593.87259710833;-4818.87764684575;5.06981158138753;5.07513758189321;300.583967576041;299.969180005801;10708.4895008853;11155.3892059343;450.010099474835;0.431568431568432;248;248
955;1410.67000000004;11.6399999999994;1426.80000000005;NA;NA;-4501.59890446035;-4704.84330338246;5.05300301228995;5.0588931611383;286.974003463182;286.352339898963;10450.3803180556;10853.7341258804;406.488797844213;0.819180819180819;240;240
956;1755.83999999997;10.9500000000007;1772.33999999997;NA;NA;-4703.87246180177;-4929.96228709831;5.08727685635094;5.09332657631655;313.577942897793;312.901450384281;10999.2074884333;11447.9538219356;452.179650593082;0.307692307692308;256;256
957;1541.72999999998;10.6599999999999;1557.3600000001;NA;NA;-4601.49414730732;-4832.25289913385;5.07038123690793;5.07659668706571;304.329647368782;303.647528272687;10742.6831170588;11200.7495759332;461.517503653064;0.215784215784216;248;248
958;1611.16000000003;10.6900000000005;1627.05000000005;NA;NA;-4734.33461787016;-4926.56765003165;5.0956558471253;5.10257335602987;311.34052746468;310.694980508913;11050.5901830054;11431.7762238117;384.466064322964;0.943056943056943;259;259
959;1631.28000000003;10.1100000000006;1645.56000000006;NA;NA;-4727.84499046581;-4944.47625497826;5.08890848293896;5.09539604334244;315.799120574135;315.115472212921;11059.0410021507;11488.8325642644;433.262529024911;0.57042957042957;257;257
960;1581.91000000003;11.0300000000007;1597.78000000003;NA;NA;-4697.40130627205;-4908.33742322614;5.08902880238411;5.09685188245424;307.634845632111;306.887370323082;10956.7026045709;11374.7798142944;421.872233908176;0.631368631368631;257;257
961;1570.16000000003;10.4500000000007;1584.97999999998;NA;NA;-4777.892208689;-4976.03930242149;5.10079831883336;5.10770602295029;316.162826557153;315.465137811422;11164.6302131799;11557.3740983606;396.294187464979;0.89010989010989;263;263
962;1622.25;10.1200000000008;1637.32999999996;NA;NA;-4724.41058356834;-4971.63843618756;5.09641917862915;5.10190783726411;320.23545436498;319.581886085906;11077.1689110868;11568.3013227353;494.455705238428;0.0529470529470529;261;261
963;1495.33999999997;10.4699999999993;1509.52000000002;NA;NA;-4688.83694368553;-4895.6229314282;5.08191159862919;5.08901967560201;309.22206412336;308.477481410494;10945.2070622978;11355.0045396495;413.571975485327;0.785214785214785;253;253
964;1438.87;10.5200000000004;1453.22999999998;NA;NA;-4644.29750238021;-4857.32684408343;5.07629992322638;5.08255296981326;302.135253553572;301.472000734303;10818.4011328631;11241.1015579549;426.058683406447;0.664335664335664;250;250
965;1632.29000000004;10.7399999999998;1647.31999999995;NA;NA;-4748.05997441824;-4967.57150298198;5.09958641936027;5.10670592419811;314.050527223039;313.318498795749;11093.61877485;11528.9181809983;439.023057127482;0.471528471528472;262;262
966;1473.46000000008;10.3099999999995;1487.96999999997;NA;NA;-4638.54405395623;-4856.35202827227;5.08162036140633;5.08822628709631;301.889912939392;301.208864007975;10807.4525566778;11239.6160776936;435.615948632076;0.553446553446553;253;253
967;1553.3600000001;10.9699999999993;1568.34000000008;NA;NA;-4691.06558476474;-4920.64839832294;5.09123823694078;5.09775565182501;308.88567487856;308.221040415335;10950.9815544252;11406.7714599778;459.165627116392;0.300699300699301;258;258
968;1497.19000000006;11.6900000000005;1512.53000000003;NA;NA;-4683.07369660337;-4883.48565713295;5.0838211852599;5.09019293410823;308.847139348638;308.177820037499;10932.9959094343;11330.4242284757;400.823921059166;0.893106893106893;255;255
969;1595.38;11.8299999999999;1623.5;NA;NA;-4732.81967125673;-4948.69156708514;5.09037144822335;5.09773571891903;312.787776642183;312.030172821726;11053.7013997869;11481.5987435593;431.743791656807;0.523476523476524;257;257
970;1740.35999999999;11.1599999999999;1756.41000000003;NA;NA;-4778.89235384638;-5002.68415098046;5.09997126597293;5.10642812541933;320.710632516074;320.049391718829;11189.1618732233;11633.3818960093;447.583594268166;0.436563436563437;262;262
971;1328.25;10.4099999999999;1342.21999999997;NA;NA;-4521.78373793414;-4747.86331537199;5.06026501359422;5.06641451843887;291.711210048221;291.04486758419;10516.4511598376;10965.2458744402;452.159154875708;0.296703296703297;243;243
972;1536.41000000003;11.6399999999994;1552.52000000002;NA;NA;-4707.82548519089;-4943.24943105908;5.09315120594767;5.09979590493675;310.310517025105;309.652554540086;10992.3384355059;11459.8432204323;470.847891736379;0.160839160839161;259;259
973;1676.82999999996;11.1000000000004;1692.75;NA;NA;-4745.32718780822;-4994.81127402959;5.10125595478293;5.10584571923381;320.990914017033;320.367211035665;11124.6777687843;11620.4709439999;498.968172442739;0.040959040959041;264;264
974;1634.33000000007;10.7199999999993;1650.40999999992;NA;NA;-4770.24615364853;-4989.85880275117;5.09801017295436;5.10438075470987;317.993296914859;317.284903112919;11157.4390274825;11593.0622527958;439.225298205278;0.536463536463537;261;261
975;1594.47999999998;10.9499999999989;1610.69999999995;NA;NA;-4693.077955102;-4911.19010885422;5.09024725004255;5.09669122697654;305.58602882079;304.931295699368;10937.6538069978;11370.5539538239;436.22430750445;0.438561438561439;257;257
976;1508.58999999997;10.9300000000003;1524.19000000006;NA;NA;-4611.07298716054;-4841.92176743246;5.07228896354415;5.07853016456614;302.177640015703;301.505193415832;10751.5611512331;11209.8552500402;461.697560543844;0.286713286713287;249;249
977;1681.44999999995;11.75;1698.25;NA;NA;-4740.01607597789;-4960.95334545255;5.09998263808575;5.10666038251026;312.227624861886;311.5742963336;11068.2583159947;11506.8095312542;441.874538949314;0.451548451548452;262;262
978;1476.03000000003;10.1299999999992;1490.46999999997;NA;NA;-4594.45135289065;-4784.29549158057;5.06506136169281;5.07209850652329;296.261998559351;295.587983198221;10685.9780433082;11062.2603766953;379.68827737983;0.98001998001998;245;245
979;1429.48999999999;10.9499999999989;1444.96999999997;NA;NA;-4521.42199390195;-4757.89852223523;5.0723062717845;5.07904087662271;289.971552815299;289.333310935762;10509.8969101397;10979.6209100059;472.953056666562;0.146853146853147;248;248
980;1643.52999999991;11.0799999999999;1659.91999999993;NA;NA;-4653.9435980863;-4869.06640411055;5.07357824100894;5.07939848219081;308.134396528543;307.44584669207;10868.0688781987;11294.8281451519;430.245612048497;0.622377622377622;250;250
981;1619.21999999997;11.6400000000012;1635.81000000006;NA;NA;-4690.55721377064;-4878.27131206964;5.08314093609178;5.08787186684087;304.146714393771;303.579727877648;10924.1166686124;11296.6684196543;375.428196597999;0.969030969030969;255;255
982;1548.44999999995;10.4200000000001;1563.98999999999;NA;NA;-4604.60820467039;-4837.52817381636;5.07313878739961;5.07764050156677;299.761350683299;299.239648087535;10726.4019931678;11189.6014320907;465.839938291938;0.154845154845155;249;249
983;1800.79000000004;11.3500000000004;1818.46999999997;NA;NA;-4737.70323406361;-4950.48676170513;5.09453307919627;5.10129152592439;314.710233870046;314.002177726125;11074.4488906856;11496.4183133217;425.567055283049;0.664335664335664;259;259
984;1738.73999999999;11.8599999999988;1756.21999999997;NA;NA;-4743.04125068124;-4943.28986018934;5.09125403614695;5.09730322824348;311.95300426342;311.271633513559;11070.512051229;11467.5485439956;400.497219016197;0.87012987012987;258;258
985;1567.10999999999;11.130000000001;1583.47999999998;NA;NA;-4570.06615664015;-4804.88767756776;5.06142888372847;5.06676138231554;300.189465344641;299.56589554623;10656.4400964869;11122.9333817788;469.643041855219;0.157842157842158;244;244
986;1665.28000000003;11.1900000000005;1682.2300000001;NA;NA;-4674.98352951174;-4886.14928224482;5.07912178487289;5.08412065171235;307.540227189492;306.93216362798;10908.9745318916;11328.2235930056;422.331505466162;0.654345654345654;253;253
987;1777.66999999993;11.5399999999991;1794.5199999999;NA;NA;-4720.83464131625;-4937.94862759063;5.09411809544386;5.10148944908127;313.552900702641;312.830855379734;11034.8312963813;11465.390557277;434.227972548764;0.534465534465534;259;259
988;1545.52000000002;11;1561.80999999994;NA;NA;-4549.79588603278;-4764.28825249769;5.0640657858522;5.07004704866818;295.740160419884;295.111627793483;10594.0301496969;11019.8387726349;428.984732929832;0.652347652347652;245;245
989;1662.05000000005;11.4599999999991;1678.10000000009;NA;NA;-4616.06788905456;-4836.52926101322;5.07433599342831;5.0812062352189;300.663314669446;299.961830141294;10754.4890151683;11191.8599215648;440.922743917326;0.422577422577423;250;250
990;1517.42000000004;10.1000000000004;1532.78000000003;NA;NA;-4560.23604736564;-4781.37164545499;5.06797968814321;5.07473709479127;293.833397922095;293.146222479853;10606.4696443224;11045.2656023881;442.271196178692;0.390609390609391;247;247
991;1881.64000000001;11.7700000000004;1899.82000000007;NA;NA;-4780.1498787036;-4989.25765209402;5.09508290083678;5.10049303700898;317.086659700468;316.447500713361;11172.6363676173;11587.6018898287;418.215546780835;0.671328671328671;261;261
992;1816.33999999997;11.7099999999991;1833.20000000007;NA;NA;-4709.16644640559;-4922.31920195978;5.0845176983559;5.09224065485809;311.64233084392;310.857252939597;10999.3620216751;11421.6846623185;426.30551110838;0.723276723276723;255;255
993;1622.84999999998;11.2699999999986;1639.48999999999;NA;NA;-4576.63596209697;-4804.57594418326;5.06093506605026;5.06647409454065;298.937284051771;298.275686070825;10663.2547278141;11115.7928486388;455.879964172589;0.263736263736264;244;244
994;1634.02999999991;11.5900000000001;1650.80999999994;NA;NA;-4595.42049815761;-4816.86530838635;5.07113884807779;5.07620936478618;299.267772607039;298.677608373516;10704.9262784799;11144.8300813458;442.889620457476;0.42957042957043;248;248
995;1713.45999999996;11.7799999999988;1732.97999999998;NA;NA;-4659.05827715342;-4855.44787215099;5.07755682825695;5.08297811421438;302.57150878681;301.940266859833;10851.3370508731;11240.9175488809;392.779189995139;0.97002997002997;252;252
996;1553.11;44.63;1612.48;NA;NA;-4635.20106874803;-4832.97915812065;5.0776519350066;5.08361445457599;299.361865670661;298.719849083121;10786.7632570672;11179.0674217682;395.556178745246;0.882117882117882;251;251
997;1625.72;37.83;1678.41;NA;NA;-4622.13524665559;-4855.16213564551;5.07912688060845;5.08503504957211;302.479580427115;301.835836116545;10777.0251613337;11239.8168940024;466.053777979843;0.184815184815185;252;252
998;1602.17;12.22;1619.5;NA;NA;-4629.88081005815;-4849.19810108868;5.07288250521344;5.07727305010524;301.40995016549;300.829300222079;10785.8953082942;11221.5898764666;438.634582061059;0.425574425574426;250;250
999;1839.19;10.47;1854.48;NA;NA;-4747.33245406768;-4960.18892068293;5.09281379893341;5.09766472078259;316.072993090985;315.44926911616;11101.2405136952;11523.7831041743;425.712933230494;0.634365634365634;260;260
1000;1730.19;10.18;1745.01;NA;NA;-4712.03229242027;-4936.2462409426;5.09045939788352;5.09684562046326;313.123831800876;312.49036328961;11013.8328355349;11459.0445349455;448.427897044674;0.417582417582418;257;257
